# Blender 4.4.0
# www.blender.org
mtllib teapot_n_glass.mtl
o Cylinder.002
v -1.968895 -0.078578 -2.216995
v -1.968895 1.057413 -2.403650
v -1.886997 -0.078578 -2.208929
v -1.850582 1.057413 -2.391997
v -1.808246 -0.078578 -2.185040
v -1.736816 1.057413 -2.357487
v -1.735669 -0.078578 -2.146247
v -1.631969 1.057413 -2.301445
v -1.672055 -0.078578 -2.094040
v -1.540070 1.057413 -2.226025
v -1.619848 -0.078578 -2.030426
v -1.464650 1.057413 -2.134125
v -1.581054 -0.078578 -1.957849
v -1.408608 1.057413 -2.029278
v -1.557166 -0.078578 -1.879098
v -1.374098 1.057413 -1.915513
v -1.549099 -0.078578 -1.797200
v -1.362445 1.057413 -1.797200
v -1.557166 -0.078578 -1.715302
v -1.374097 1.057413 -1.678888
v -1.581054 -0.078578 -1.636551
v -1.408608 1.057413 -1.565122
v -1.619848 -0.078578 -1.563974
v -1.464650 1.057413 -1.460274
v -1.672055 -0.078578 -1.500360
v -1.540070 1.057413 -1.368375
v -1.735669 -0.078578 -1.448153
v -1.631969 1.057413 -1.292955
v -1.808246 -0.078578 -1.409360
v -1.736816 1.057413 -1.236913
v -1.886997 -0.078578 -1.385471
v -1.850582 1.057413 -1.202403
v -1.968895 -0.078578 -1.377405
v -1.968895 1.057413 -1.190750
v -2.050793 -0.078578 -1.385471
v -2.087208 1.057413 -1.202403
v -2.129544 -0.078578 -1.409360
v -2.200973 1.057413 -1.236913
v -2.202121 -0.078578 -1.448153
v -2.305820 1.057413 -1.292956
v -2.265735 -0.078578 -1.500360
v -2.397720 1.057413 -1.368375
v -2.317942 -0.078578 -1.563975
v -2.473140 1.057413 -1.460275
v -2.356735 -0.078578 -1.636552
v -2.529182 1.057413 -1.565122
v -2.380624 -0.078578 -1.715302
v -2.563692 1.057413 -1.678888
v -2.388690 -0.078578 -1.797201
v -2.575345 1.057413 -1.797201
v -2.380624 -0.078578 -1.879099
v -2.563692 1.057413 -1.915513
v -2.356735 -0.078578 -1.957849
v -2.529181 1.057413 -2.029279
v -2.317941 -0.078578 -2.030426
v -2.473139 1.057413 -2.134126
v -2.265734 -0.078578 -2.094041
v -2.397719 1.057413 -2.226026
v -2.202120 -0.078578 -2.146247
v -2.305820 1.057413 -2.301445
v -2.129543 -0.078578 -2.185041
v -2.200972 1.057413 -2.357487
v -2.050792 -0.078578 -2.208929
v -2.087207 1.057413 -2.391997
v -1.968895 0.490505 -2.382684
v -1.854672 0.490505 -2.371435
v -1.744839 0.490505 -2.338117
v -1.643617 0.490505 -2.284013
v -1.554895 0.490505 -2.211200
v -1.482082 0.490505 -2.122478
v -1.427978 0.490505 -2.021255
v -1.394660 0.490505 -1.911422
v -1.383410 0.490505 -1.797200
v -1.394660 0.490505 -1.682978
v -1.427978 0.490505 -1.573145
v -1.482082 0.490505 -1.471922
v -1.554895 0.490505 -1.383200
v -1.643617 0.490505 -1.310387
v -1.744840 0.490505 -1.256283
v -1.854673 0.490505 -1.222965
v -1.968895 0.490505 -1.211716
v -2.083117 0.490505 -1.222965
v -2.192950 0.490505 -1.256283
v -2.294173 0.490505 -1.310388
v -2.382895 0.490505 -1.383200
v -2.455708 0.490505 -1.471923
v -2.509812 0.490505 -1.573145
v -2.543129 0.490505 -1.682978
v -2.554379 0.490505 -1.797201
v -2.543129 0.490505 -1.911423
v -2.509812 0.490505 -2.021256
v -2.455707 0.490505 -2.122478
v -2.382894 0.490505 -2.211201
v -2.294172 0.490505 -2.284013
v -2.192949 0.490505 -2.338118
v -2.083116 0.490505 -2.371435
v -1.858918 1.055975 -2.350090
v -1.968895 1.055975 -2.360922
v -1.753168 1.055975 -2.318011
v -1.655708 1.055975 -2.265918
v -1.570283 1.055975 -2.195812
v -1.500177 1.055975 -2.110387
v -1.448084 1.055975 -2.012927
v -1.416005 1.055975 -1.907177
v -1.405173 1.055975 -1.797200
v -1.416005 1.055975 -1.687223
v -1.448084 1.055975 -1.581473
v -1.500177 1.055975 -1.484013
v -1.570283 1.055975 -1.398589
v -1.655708 1.055975 -1.328483
v -1.753168 1.055975 -1.276389
v -1.858918 1.055975 -1.244310
v -1.968895 1.055975 -1.233478
v -2.078872 1.055975 -1.244310
v -2.184622 1.055975 -1.276389
v -2.282082 1.055975 -1.328483
v -2.367507 1.055975 -1.398589
v -2.437613 1.055975 -1.484013
v -2.489706 1.055975 -1.581473
v -2.521785 1.055975 -1.687224
v -2.532616 1.055975 -1.797201
v -2.521785 1.055975 -1.907177
v -2.489706 1.055975 -2.012928
v -2.437612 1.055975 -2.110388
v -2.367506 1.055975 -2.195812
v -2.282081 1.055975 -2.265918
v -2.184621 1.055975 -2.318011
v -2.078871 1.055975 -2.350090
v -1.867036 0.509364 -2.309281
v -1.968895 0.509364 -2.319314
v -1.769091 0.509364 -2.279570
v -1.678824 0.509364 -2.231321
v -1.599705 0.509364 -2.166390
v -1.534773 0.509364 -2.087271
v -1.486525 0.509364 -1.997004
v -1.456814 0.509364 -1.899059
v -1.446781 0.509364 -1.797200
v -1.456814 0.509364 -1.695341
v -1.486525 0.509364 -1.597396
v -1.534773 0.509364 -1.507129
v -1.599705 0.509364 -1.428010
v -1.678824 0.509364 -1.363079
v -1.769091 0.509364 -1.314830
v -1.867036 0.509364 -1.285119
v -1.968895 0.509364 -1.275087
v -2.070754 0.509364 -1.285119
v -2.168699 0.509364 -1.314830
v -2.258965 0.509364 -1.363079
v -2.338085 0.509364 -1.428010
v -2.403016 0.509364 -1.507130
v -2.451265 0.509364 -1.597396
v -2.480976 0.509364 -1.695341
v -2.491008 0.509364 -1.797201
v -2.480976 0.509364 -1.899060
v -2.451264 0.509364 -1.997005
v -2.403016 0.509364 -2.087271
v -2.338084 0.509364 -2.166390
v -2.258965 0.509364 -2.231322
v -2.168698 0.509364 -2.279570
v -2.070753 0.509364 -2.309281
v -1.896550 -0.061282 -2.160899
v -1.968895 -0.061282 -2.168025
v -1.826986 -0.061282 -2.139797
v -1.762876 -0.061282 -2.105530
v -1.706682 -0.061282 -2.059413
v -1.660565 -0.061282 -2.003219
v -1.626297 -0.061282 -1.939109
v -1.605195 -0.061282 -1.869544
v -1.598070 -0.061282 -1.797200
v -1.605195 -0.061282 -1.724856
v -1.626297 -0.061282 -1.655292
v -1.660565 -0.061282 -1.591181
v -1.706682 -0.061282 -1.534987
v -1.762876 -0.061282 -1.488871
v -1.826986 -0.061282 -1.454603
v -1.896551 -0.061282 -1.433501
v -1.968895 -0.061282 -1.426375
v -2.041239 -0.061282 -1.433501
v -2.110803 -0.061282 -1.454603
v -2.174914 -0.061282 -1.488871
v -2.231107 -0.061282 -1.534988
v -2.277224 -0.061282 -1.591181
v -2.311492 -0.061282 -1.655292
v -2.332594 -0.061282 -1.724856
v -2.339719 -0.061282 -1.797200
v -2.332594 -0.061282 -1.869545
v -2.311492 -0.061282 -1.939109
v -2.277224 -0.061282 -2.003220
v -2.231107 -0.061282 -2.059413
v -2.174913 -0.061282 -2.105530
v -2.110803 -0.061282 -2.139798
v -2.041239 -0.061282 -2.160900
v -1.968895 0.956329 -2.414200
v -1.848524 0.956329 -2.402345
v -1.732779 0.956329 -2.367234
v -1.626108 0.956329 -2.310217
v -1.532610 0.956329 -2.233485
v -1.455878 0.956329 -2.139987
v -1.398861 0.956329 -2.033316
v -1.363750 0.956329 -1.917571
v -1.351894 0.956329 -1.797200
v -1.363750 0.956329 -1.676829
v -1.398861 0.956329 -1.561084
v -1.455878 0.956329 -1.454413
v -1.532610 0.956329 -1.360915
v -1.626108 0.956329 -1.284183
v -1.732779 0.956329 -1.227166
v -1.848524 0.956329 -1.192055
v -1.968895 0.956329 -1.180200
v -2.089266 0.956329 -1.192055
v -2.205011 0.956329 -1.227166
v -2.311682 0.956329 -1.284183
v -2.405180 0.956329 -1.360915
v -2.481912 0.956329 -1.454413
v -2.538929 0.956329 -1.561085
v -2.574039 0.956329 -1.676830
v -2.585895 0.956329 -1.797201
v -2.574039 0.956329 -1.917571
v -2.538929 0.956329 -2.033316
v -2.481911 0.956329 -2.139987
v -2.405179 0.956329 -2.233486
v -2.311681 0.956329 -2.310217
v -2.205010 0.956329 -2.367234
v -2.089265 0.956329 -2.402345
v -1.879205 0.029033 -2.248099
v -1.792963 0.029033 -2.221938
v -1.713481 0.029033 -2.179454
v -1.643814 0.029033 -2.122280
v -1.586641 0.029033 -2.052614
v -1.544157 0.029033 -1.973132
v -1.517995 0.029033 -1.886890
v -1.509162 0.029033 -1.797200
v -1.517995 0.029033 -1.707511
v -1.544157 0.029033 -1.621268
v -1.586641 0.029033 -1.541786
v -1.643814 0.029033 -1.472120
v -1.713481 0.029033 -1.414946
v -1.792963 0.029033 -1.372462
v -1.879205 0.029033 -1.346301
v -1.968895 0.029033 -1.337467
v -2.058584 0.029033 -1.346301
v -2.144827 0.029033 -1.372462
v -2.224309 0.029033 -1.414946
v -2.293975 0.029033 -1.472120
v -2.351149 0.029033 -1.541786
v -2.393633 0.029033 -1.621268
v -2.419794 0.029033 -1.707511
v -2.428628 0.029033 -1.797201
v -2.419794 0.029033 -1.886890
v -2.393632 0.029033 -1.973133
v -2.351148 0.029033 -2.052614
v -2.293975 0.029033 -2.122281
v -2.224308 0.029033 -2.179454
v -2.144826 0.029033 -2.221938
v -2.058583 0.029033 -2.248100
v -1.968895 0.029033 -2.256933
v -2.427907 0.954278 -2.103903
v -2.359253 0.954278 -2.187559
v -2.180155 0.954278 -2.307228
v -2.076594 0.954278 -2.338643
v -1.662192 0.954278 -2.256213
v -1.578536 0.954278 -2.187559
v -2.427908 0.954278 -1.490498
v -2.478923 0.954278 -1.585940
v -1.578536 0.954278 -1.406842
v -1.662192 0.954278 -1.338187
v -1.458867 0.954278 -2.008461
v -1.427452 0.954278 -1.904900
v -1.968895 0.954278 -2.349250
v -1.416844 0.954278 -1.797200
v -2.510337 0.954278 -1.904900
v -2.478922 0.954278 -2.008461
v -1.968895 0.954278 -1.245150
v -2.076595 0.954278 -1.255757
v -1.861195 0.954278 -2.338643
v -1.757634 0.954278 -2.307228
v -1.458867 0.954278 -1.585940
v -1.509882 0.954278 -1.490497
v -2.275597 0.954278 -2.256213
v -2.359253 0.954278 -1.406842
v -1.757634 0.954278 -1.287172
v -1.861195 0.954278 -1.255757
v -1.509882 0.954278 -2.103903
v -2.520945 0.954278 -1.797201
v -2.180156 0.954278 -1.287172
v -2.275598 0.954278 -1.338187
v -1.427452 0.954278 -1.689500
v -2.510338 0.954278 -1.689501
v -2.198511 0.057022 -2.140846
v -2.127057 0.057022 -2.179039
v -1.625249 0.057022 -1.567584
v -1.676648 0.057022 -1.504954
v -2.261141 0.057022 -1.504954
v -2.312540 0.057022 -1.567584
v -1.625249 0.057022 -2.026817
v -1.587057 0.057022 -1.955363
v -1.810732 0.057022 -1.415362
v -1.888264 0.057022 -1.391843
v -2.382193 0.057022 -1.797201
v -2.374252 0.057022 -1.877831
v -1.968895 0.057022 -1.383901
v -1.968895 0.057022 -2.210499
v -1.888264 0.057022 -2.202557
v -2.127058 0.057022 -1.415362
v -2.198511 0.057022 -1.453555
v -1.563537 0.057022 -1.716570
v -1.587057 0.057022 -1.639038
v -2.261141 0.057022 -2.089447
v -2.350733 0.057022 -1.639038
v -2.374252 0.057022 -1.716570
v -1.739278 0.057022 -1.453555
v -1.676648 0.057022 -2.089446
v -2.049525 0.057022 -1.391843
v -1.555596 0.057022 -1.797200
v -2.350733 0.057022 -1.955363
v -2.312540 0.057022 -2.026817
v -1.810732 0.057022 -2.179038
v -1.739278 0.057022 -2.140845
v -2.049525 0.057022 -2.202557
v -1.563537 0.057022 -1.877831
v -1.912885 -0.068545 -2.078780
v -1.968895 -0.068545 -2.084296
v -1.859028 -0.068545 -2.062442
v -1.809393 -0.068545 -2.035912
v -1.765887 -0.068545 -2.000208
v -1.730183 -0.068545 -1.956702
v -1.703652 -0.068545 -1.907067
v -1.687315 -0.068545 -1.853210
v -1.681799 -0.068545 -1.797200
v -1.687315 -0.068545 -1.741190
v -1.703652 -0.068545 -1.687333
v -1.730183 -0.068545 -1.637698
v -1.765887 -0.068545 -1.594193
v -1.809393 -0.068545 -1.558488
v -1.859028 -0.068545 -1.531958
v -1.912885 -0.068545 -1.515620
v -1.968895 -0.068545 -1.510104
v -2.024904 -0.068545 -1.515620
v -2.078762 -0.068545 -1.531958
v -2.128397 -0.068545 -1.558488
v -2.171902 -0.068545 -1.594193
v -2.207607 -0.068545 -1.637698
v -2.234137 -0.068545 -1.687333
v -2.250474 -0.068545 -1.741191
v -2.255991 -0.068545 -1.797200
v -2.250474 -0.068545 -1.853210
v -2.234137 -0.068545 -1.907067
v -2.207606 -0.068545 -1.956702
v -2.171902 -0.068545 -2.000208
v -2.128397 -0.068545 -2.035912
v -2.078761 -0.068545 -2.062443
v -2.024904 -0.068545 -2.078780
v -1.968895 -0.082723 -2.136819
v -1.902638 -0.082723 -2.130293
v -1.838928 -0.082723 -2.110967
v -1.780213 -0.082723 -2.079583
v -1.728748 -0.082723 -2.037347
v -1.686512 -0.082723 -1.985882
v -1.655128 -0.082723 -1.927167
v -1.635802 -0.082723 -1.863456
v -1.629276 -0.082723 -1.797200
v -1.635801 -0.082723 -1.730944
v -1.655128 -0.082723 -1.667234
v -1.686512 -0.082723 -1.608518
v -1.728748 -0.082723 -1.557053
v -1.780213 -0.082723 -1.514817
v -1.838928 -0.082723 -1.483433
v -1.902638 -0.082723 -1.464107
v -1.968895 -0.082723 -1.457581
v -2.035151 -0.082723 -1.464107
v -2.098861 -0.082723 -1.483433
v -2.157577 -0.082723 -1.514817
v -2.209042 -0.082723 -1.557053
v -2.251278 -0.082724 -1.608518
v -2.282662 -0.082723 -1.667234
v -2.301988 -0.082724 -1.730944
v -2.308514 -0.082724 -1.797200
v -2.301988 -0.082724 -1.863457
v -2.282661 -0.082724 -1.927167
v -2.251277 -0.082724 -1.985883
v -2.209041 -0.082724 -2.037347
v -2.157577 -0.082724 -2.079583
v -2.098861 -0.082724 -2.110967
v -2.035151 -0.082724 -2.130293
v -1.927748 -0.078578 -2.214972
v -1.909452 1.057413 -2.400727
v -1.968895 1.041823 -2.412971
v -1.885137 -0.058909 -2.218278
v -1.847035 -0.078578 -2.198918
v -1.792852 1.057413 -2.377534
v -1.804598 -0.058909 -2.193847
v -1.771005 -0.078578 -2.167425
v -1.683017 1.057413 -2.332039
v -1.730373 -0.058909 -2.154173
v -1.702580 -0.078578 -2.121705
v -1.584168 1.057413 -2.265990
v -1.665314 -0.058909 -2.100780
v -1.644390 -0.078578 -2.063514
v -1.500104 1.057413 -2.181926
v -1.611922 -0.058909 -2.035722
v -1.598670 -0.078578 -1.995090
v -1.434056 1.057413 -2.083077
v -1.572248 -0.058909 -1.961497
v -1.567177 -0.078578 -1.919060
v -1.388561 1.057413 -1.973243
v -1.547817 -0.058909 -1.880958
v -1.551122 -0.078578 -1.838347
v -1.365367 1.057413 -1.856642
v -1.539567 -0.058909 -1.797200
v -1.551122 -0.078578 -1.756053
v -1.365367 1.057413 -1.737758
v -1.547817 -0.058909 -1.713442
v -1.567177 -0.078578 -1.675341
v -1.388561 1.057413 -1.621158
v -1.572248 -0.058909 -1.632904
v -1.598670 -0.078578 -1.599311
v -1.434056 1.057413 -1.511323
v -1.611922 -0.058909 -1.558679
v -1.644390 -0.078578 -1.530886
v -1.500104 1.057413 -1.412474
v -1.665314 -0.058909 -1.493620
v -1.702580 -0.078578 -1.472695
v -1.584168 1.057413 -1.328410
v -1.730373 -0.058909 -1.440227
v -1.771005 -0.078578 -1.426975
v -1.683017 1.057413 -1.262361
v -1.804598 -0.058909 -1.400553
v -1.847035 -0.078578 -1.395483
v -1.792852 1.057413 -1.216866
v -1.885137 -0.058909 -1.376122
v -1.927748 -0.078578 -1.379428
v -1.909453 1.057413 -1.193673
v -1.968895 -0.058909 -1.367873
v -2.010042 -0.078578 -1.379428
v -2.028337 1.057413 -1.193673
v -2.052653 -0.058909 -1.376122
v -2.090755 -0.078578 -1.395483
v -2.144938 1.057413 -1.216866
v -2.133191 -0.058909 -1.400553
v -2.166784 -0.078578 -1.426975
v -2.254772 1.057413 -1.262361
v -2.207417 -0.058909 -1.440227
v -2.235209 -0.078578 -1.472695
v -2.353621 1.057413 -1.328410
v -2.272475 -0.058909 -1.493620
v -2.293400 -0.078578 -1.530886
v -2.437685 1.057413 -1.412474
v -2.325868 -0.058909 -1.558679
v -2.339120 -0.078578 -1.599311
v -2.503734 1.057413 -1.511323
v -2.365542 -0.058909 -1.632904
v -2.370612 -0.078578 -1.675341
v -2.549229 1.057413 -1.621158
v -2.389973 -0.058909 -1.713443
v -2.386667 -0.078578 -1.756054
v -2.572422 1.057413 -1.737758
v -2.398222 -0.058909 -1.797201
v -2.386667 -0.078578 -1.838348
v -2.572422 1.057413 -1.856643
v -2.389973 -0.058909 -1.880958
v -2.370612 -0.078578 -1.919060
v -2.549229 1.057413 -1.973243
v -2.365541 -0.058909 -1.961497
v -2.339119 -0.078578 -1.995090
v -2.503733 1.057413 -2.083078
v -2.325867 -0.058909 -2.035722
v -2.293399 -0.078578 -2.063515
v -2.437685 1.057413 -2.181927
v -2.272475 -0.058909 -2.100781
v -2.235209 -0.078578 -2.121705
v -2.353620 1.057413 -2.265991
v -2.207416 -0.058909 -2.154173
v -2.166784 -0.078578 -2.167425
v -2.254771 1.057413 -2.332040
v -2.133191 -0.058909 -2.193847
v -2.090754 -0.078578 -2.198918
v -2.144936 1.057413 -2.377534
v -2.052652 -0.058909 -2.218278
v -2.010041 -0.078578 -2.214972
v -2.028337 1.057413 -2.400728
v -1.968895 0.226372 -2.320296
v -1.849326 0.756815 -2.398311
v -1.734353 0.756815 -2.363434
v -1.628393 0.756815 -2.306797
v -1.535518 0.756815 -2.230577
v -1.459297 0.756815 -2.137702
v -1.402661 0.756815 -2.031742
v -1.367784 0.756815 -1.916768
v -1.356007 0.756815 -1.797200
v -1.367784 0.756815 -1.677632
v -1.402661 0.756815 -1.562658
v -1.459297 0.756815 -1.456698
v -1.535518 0.756815 -1.363823
v -1.628393 0.756815 -1.287603
v -1.734353 0.756815 -1.230966
v -1.849326 0.756815 -1.196089
v -1.968895 0.756815 -1.184313
v -2.088463 0.756815 -1.196089
v -2.203437 0.756815 -1.230966
v -2.309397 0.756815 -1.287603
v -2.402272 0.756815 -1.363823
v -2.478492 0.756815 -1.456698
v -2.535129 0.756815 -1.562659
v -2.570006 0.756815 -1.677632
v -2.581782 0.756815 -1.797201
v -2.570005 0.756815 -1.916769
v -2.535129 0.756815 -2.031743
v -2.478492 0.756815 -2.137703
v -2.402271 0.756815 -2.230577
v -2.309396 0.756815 -2.306798
v -2.203436 0.756815 -2.363435
v -2.088462 0.756815 -2.398311
v -2.138850 0.490505 -2.357472
v -2.026282 0.490505 -2.379863
v -2.244888 0.490505 -2.313550
v -2.340320 0.490505 -2.249784
v -2.421478 0.490505 -2.168627
v -2.485244 0.490505 -2.073195
v -2.529166 0.490505 -1.967157
v -2.551558 0.490505 -1.854588
v -2.551558 0.490505 -1.739813
v -2.529166 0.490505 -1.627244
v -2.485244 0.490505 -1.521206
v -2.421479 0.490505 -1.425774
v -2.340321 0.490505 -1.344616
v -2.244889 0.490505 -1.280851
v -2.138851 0.490505 -1.236928
v -2.026282 0.490505 -1.214537
v -1.911508 0.490505 -1.214537
v -1.798938 0.490505 -1.236928
v -1.692900 0.490505 -1.280851
v -1.597469 0.490505 -1.344616
v -1.516311 0.490505 -1.425774
v -1.452545 0.490505 -1.521206
v -1.408623 0.490505 -1.627244
v -1.386232 0.490505 -1.739813
v -1.386232 0.490505 -1.854587
v -1.408623 0.490505 -1.967157
v -1.452545 0.490505 -2.073195
v -1.516311 0.490505 -2.168626
v -1.597469 0.490505 -2.249784
v -1.692900 0.490505 -2.313549
v -1.798938 0.490505 -2.357472
v -1.911507 0.490505 -2.379863
v -1.913640 1.055975 -2.358205
v -1.805256 1.055975 -2.336646
v -1.703159 1.055975 -2.294356
v -1.611275 1.055975 -2.232961
v -1.533134 1.055975 -2.154820
v -1.471738 1.055975 -2.062936
v -1.429449 1.055975 -1.960839
v -1.407890 1.055975 -1.852454
v -1.407890 1.055975 -1.741946
v -1.429449 1.055975 -1.633561
v -1.471738 1.055975 -1.531465
v -1.533134 1.055975 -1.439580
v -1.611275 1.055975 -1.361439
v -1.703159 1.055975 -1.300044
v -1.805256 1.055975 -1.257754
v -1.913641 1.055975 -1.236195
v -2.024149 1.055975 -1.236195
v -2.132534 1.055975 -1.257754
v -2.234631 1.055975 -1.300044
v -2.326515 1.055975 -1.361439
v -2.404656 1.055975 -1.439580
v -2.466051 1.055975 -1.531465
v -2.508341 1.055975 -1.633561
v -2.529900 1.055975 -1.741946
v -2.529900 1.055975 -1.852455
v -2.508340 1.055975 -1.960840
v -2.466051 1.055975 -2.062936
v -2.404655 1.055975 -2.154820
v -2.326514 1.055975 -2.232962
v -2.234630 1.055975 -2.294357
v -2.132533 1.055975 -2.336646
v -2.024148 1.055975 -2.358205
v -2.083041 1.058711 -2.371057
v -1.968895 1.058711 -2.382299
v -2.293958 1.058711 -2.283693
v -2.192802 1.058711 -2.337762
v -2.542752 1.058711 -1.683053
v -2.553994 1.058711 -1.797201
v -2.509456 1.058711 -2.021108
v -2.455387 1.058711 -2.122264
v -2.455387 1.058711 -1.472137
v -2.509456 1.058711 -1.573293
v -2.192803 1.058711 -1.256639
v -2.293959 1.058711 -1.310708
v -2.542751 1.058711 -1.911348
v -1.854748 1.058711 -1.223343
v -1.968895 1.058711 -1.212101
v -1.643831 1.058711 -1.310708
v -1.744987 1.058711 -1.256639
v -1.428333 1.058711 -1.573292
v -1.482402 1.058711 -1.472136
v -2.083042 1.058711 -1.223343
v -1.395038 1.058711 -1.911347
v -1.383795 1.058711 -1.797200
v -1.744987 1.058711 -2.337761
v -1.643831 1.058711 -2.283692
v -1.395038 1.058711 -1.683053
v -1.482402 1.058711 -2.122264
v -1.428334 1.058711 -2.021108
v -1.854748 1.058711 -2.371057
v -2.382622 1.058711 -2.210928
v -2.382623 1.058711 -1.383473
v -1.555167 1.058711 -1.383472
v -1.555167 1.058711 -2.210928
v -1.917719 0.509365 -2.316797
v -1.817334 0.509365 -2.296829
v -1.722773 0.509365 -2.257661
v -1.637671 0.509365 -2.200798
v -1.565297 0.509365 -2.128424
v -1.508434 0.509365 -2.043322
v -1.469265 0.509365 -1.948761
v -1.449298 0.509364 -1.848376
v -1.449297 0.509364 -1.746024
v -1.469265 0.509364 -1.645639
v -1.508434 0.509364 -1.551079
v -1.565297 0.509364 -1.465976
v -1.637671 0.509364 -1.393603
v -1.722773 0.509364 -1.336739
v -1.817334 0.509364 -1.297571
v -1.917719 0.509364 -1.277603
v -2.020071 0.509364 -1.277603
v -2.120456 0.509364 -1.297571
v -2.215017 0.509364 -1.336739
v -2.300119 0.509364 -1.393603
v -2.372493 0.509364 -1.465976
v -2.429356 0.509364 -1.551079
v -2.468524 0.509364 -1.645640
v -2.488492 0.509364 -1.746025
v -2.488492 0.509364 -1.848377
v -2.468524 0.509364 -1.948761
v -2.429356 0.509364 -2.043322
v -2.372492 0.509364 -2.128424
v -2.300118 0.509364 -2.200798
v -2.215016 0.509365 -2.257661
v -2.120455 0.509365 -2.296830
v -2.020070 0.509365 -2.316797
v -2.423698 0.764013 -2.101091
v -2.360778 1.038150 -2.189084
v -2.178217 0.764013 -2.302551
v -2.077014 1.038150 -2.340758
v -1.665004 0.764013 -2.252004
v -1.577011 1.038150 -2.189084
v -2.423699 0.764013 -1.493310
v -2.480915 1.038150 -1.585115
v -1.582116 0.764013 -1.410421
v -1.660994 1.038150 -1.336394
v -1.463544 0.764013 -2.006523
v -1.425337 1.038150 -1.905321
v -1.968895 1.038150 -2.351407
v -1.414688 1.038150 -1.797200
v -2.505372 0.764013 -1.903913
v -2.480915 1.038150 -2.009286
v -1.968895 0.764013 -1.250212
v -2.077015 1.038150 -1.253642
v -1.862183 0.764013 -2.333678
v -1.756809 1.038150 -2.309221
v -1.463544 0.764013 -1.587877
v -1.508088 1.038150 -1.489299
v -2.272784 0.764013 -2.252004
v -2.355674 0.764013 -1.410421
v -1.759572 0.764013 -1.291849
v -1.860774 1.038150 -1.253642
v -1.514091 0.764013 -2.101090
v -2.515883 0.764013 -1.797201
v -2.178218 0.764013 -1.291849
v -2.276796 1.038150 -1.336394
v -1.432417 0.764013 -1.690488
v -2.512453 1.038150 -1.689080
v -1.932548 -0.061283 -2.166238
v -1.861250 -0.061283 -2.152056
v -1.794090 -0.061283 -2.124237
v -1.733647 -0.061283 -2.083850
v -1.682244 -0.061283 -2.032448
v -1.641858 -0.061283 -1.972005
v -1.614039 -0.061283 -1.904844
v -1.599857 -0.061283 -1.833547
v -1.599857 -0.061283 -1.760853
v -1.614039 -0.061283 -1.689556
v -1.641858 -0.061283 -1.622395
v -1.682244 -0.061283 -1.561952
v -1.733647 -0.061283 -1.510550
v -1.794090 -0.061283 -1.470163
v -1.861251 -0.061283 -1.442344
v -1.932548 -0.061283 -1.428162
v -2.005242 -0.061283 -1.428163
v -2.076539 -0.061283 -1.442344
v -2.143700 -0.061283 -1.470163
v -2.204143 -0.061283 -1.510550
v -2.255545 -0.061283 -1.561952
v -2.295932 -0.061283 -1.622396
v -2.323750 -0.061283 -1.689556
v -2.337932 -0.061283 -1.760853
v -2.337932 -0.061283 -1.833547
v -2.323750 -0.061283 -1.904845
v -2.295931 -0.061283 -1.972005
v -2.255545 -0.061283 -2.032448
v -2.204142 -0.061282 -2.083851
v -2.143699 -0.061283 -2.124237
v -2.076539 -0.061283 -2.152056
v -2.005241 -0.061283 -2.166238
v -2.182746 -0.035601 -2.117253
v -2.148062 0.252893 -2.229751
v -1.648842 -0.035601 -1.583348
v -1.637835 0.252893 -1.466140
v -2.241077 -0.035601 -1.525018
v -2.358180 0.252893 -1.537088
v -1.648842 -0.035601 -2.011052
v -1.536344 0.252893 -1.976368
v -1.821591 -0.035601 -1.441577
v -1.877556 0.252893 -1.338007
v -2.353818 -0.035601 -1.797200
v -2.428088 0.252893 -1.888540
v -1.968895 0.252893 -1.329011
v -1.968895 -0.035601 -2.182124
v -1.877555 0.252893 -2.256393
v -2.116199 -0.035601 -1.441577
v -2.229007 0.252893 -1.407915
v -1.591367 -0.035601 -1.722105
v -1.536344 0.252893 -1.618032
v -2.241077 -0.035601 -2.069383
v -2.324518 -0.035601 -1.649896
v -2.428088 0.252893 -1.705861
v -1.755043 -0.035601 -1.477148
v -1.696712 -0.035601 -2.069382
v -2.043990 -0.035601 -1.419672
v -1.583971 -0.035601 -1.797200
v -2.324518 -0.035601 -1.944504
v -2.358180 0.252893 -2.057312
v -1.821591 -0.035601 -2.152823
v -1.708783 0.252893 -2.186485
v -2.060233 0.252893 -2.256393
v -1.509702 0.252893 -1.888539
v -1.968895 0.756815 -2.410088
v -1.848764 1.041823 -2.401139
v -1.733249 1.041823 -2.366098
v -1.626791 1.041823 -2.309195
v -1.533479 1.041823 -2.232616
v -1.456900 1.041823 -2.139304
v -1.399997 1.041823 -2.032845
v -1.364956 1.041823 -1.917331
v -1.353124 1.041823 -1.797200
v -1.364956 1.041823 -1.677069
v -1.399997 1.041823 -1.561555
v -1.456900 1.041823 -1.455096
v -1.533479 1.041823 -1.361784
v -1.626791 1.041823 -1.285205
v -1.733250 1.041823 -1.228302
v -1.848764 1.041823 -1.193261
v -1.968895 1.041823 -1.181429
v -2.089026 1.041823 -1.193261
v -2.204540 1.041823 -1.228302
v -2.310999 1.041823 -1.285205
v -2.404311 1.041823 -1.361785
v -2.480890 1.041823 -1.455096
v -2.537793 1.041823 -1.561555
v -2.572834 1.041823 -1.677070
v -2.584666 1.041823 -1.797201
v -2.572834 1.041823 -1.917332
v -2.537793 1.041823 -2.032846
v -2.480889 1.041823 -2.139305
v -2.404310 1.041823 -2.232616
v -2.310998 1.041823 -2.309195
v -2.204539 1.041823 -2.366098
v -2.089025 1.041823 -2.401139
v -2.147999 0.956329 -2.387630
v -2.029371 0.956329 -2.411227
v -2.259745 0.956329 -2.341344
v -2.360313 0.956329 -2.274146
v -2.445840 0.956329 -2.188620
v -2.513038 0.956329 -2.088052
v -2.559325 0.956329 -1.976306
v -2.582922 0.956329 -1.857677
v -2.582922 0.956329 -1.736724
v -2.559325 0.956329 -1.618096
v -2.513038 0.956329 -1.506350
v -2.445841 0.956329 -1.405781
v -2.360314 0.956329 -1.320254
v -2.259746 0.956329 -1.253057
v -2.148000 0.956329 -1.206770
v -2.029371 0.956329 -1.183173
v -1.908419 0.956329 -1.183173
v -1.789790 0.956329 -1.206770
v -1.678044 0.956329 -1.253057
v -1.577476 0.956329 -1.320254
v -1.491949 0.956329 -1.405781
v -1.424751 0.956329 -1.506349
v -1.378464 0.956329 -1.618095
v -1.354868 0.956329 -1.736724
v -1.354868 0.956329 -1.857677
v -1.378465 0.956329 -1.976305
v -1.424751 0.956329 -2.088051
v -1.491949 0.956329 -2.188619
v -1.577476 0.956329 -2.274146
v -1.678044 0.956329 -2.341343
v -1.789790 0.956329 -2.387630
v -1.908418 0.956329 -2.411227
v -1.866844 0.226372 -2.310245
v -1.768714 0.226372 -2.280478
v -1.678278 0.226372 -2.232139
v -1.599010 0.226372 -2.167085
v -1.533956 0.226372 -2.087817
v -1.485617 0.226372 -1.997380
v -1.455850 0.226372 -1.899251
v -1.445799 0.226372 -1.797200
v -1.455850 0.226372 -1.695149
v -1.485617 0.226372 -1.597020
v -1.533956 0.226372 -1.506583
v -1.599010 0.226372 -1.427315
v -1.678278 0.226372 -1.362262
v -1.768715 0.226372 -1.313922
v -1.866844 0.226372 -1.284155
v -1.968895 0.226372 -1.274104
v -2.070946 0.226372 -1.284155
v -2.169075 0.226372 -1.313922
v -2.259511 0.226372 -1.362262
v -2.338780 0.226372 -1.427315
v -2.403833 0.226372 -1.506584
v -2.452173 0.226372 -1.597020
v -2.481940 0.226372 -1.695150
v -2.491991 0.226372 -1.797201
v -2.481940 0.226372 -1.899252
v -2.452172 0.226372 -1.997381
v -2.403833 0.226372 -2.087817
v -2.338779 0.226372 -2.167085
v -2.259511 0.226372 -2.232139
v -2.169074 0.226372 -2.280478
v -2.070945 0.226372 -2.310245
v -1.968895 -0.058909 -2.226528
v -1.923833 0.029033 -2.254718
v -1.835442 0.029033 -2.237135
v -1.752179 0.029033 -2.202647
v -1.677244 0.029033 -2.152577
v -1.613518 0.029033 -2.088850
v -1.563448 0.029033 -2.013916
v -1.528960 0.029033 -1.930653
v -1.511377 0.029033 -1.842262
v -1.511377 0.029033 -1.752139
v -1.528959 0.029033 -1.663747
v -1.563448 0.029033 -1.580484
v -1.613518 0.029033 -1.505550
v -1.677244 0.029033 -1.441823
v -1.752179 0.029033 -1.391753
v -1.835442 0.029033 -1.357265
v -1.923833 0.029033 -1.339683
v -2.013956 0.029033 -1.339683
v -2.102348 0.029033 -1.357265
v -2.185611 0.029033 -1.391754
v -2.260545 0.029033 -1.441823
v -2.324272 0.029033 -1.505550
v -2.374341 0.029033 -1.580485
v -2.408830 0.029033 -1.663748
v -2.426412 0.029033 -1.752139
v -2.426412 0.029033 -1.842262
v -2.408830 0.029033 -1.930653
v -2.374341 0.029033 -2.013916
v -2.324271 0.029033 -2.088851
v -2.260545 0.029033 -2.152577
v -2.185610 0.029033 -2.202647
v -2.013956 0.029033 -2.254718
v -2.102347 0.029033 -2.237135
v -2.429701 1.038150 -2.105102
v -2.355673 0.764013 -2.183980
v -2.180980 1.038150 -2.309221
v -2.075606 0.764013 -2.333678
v -1.660994 1.038150 -2.258006
v -1.582116 0.764013 -2.183979
v -2.429701 1.038150 -1.489300
v -2.474246 0.764013 -1.587877
v -1.577011 1.038150 -1.405317
v -1.665004 0.764013 -1.342396
v -1.456874 1.038150 -2.009286
v -1.432417 0.764013 -1.903912
v -1.968895 0.764013 -2.344188
v -1.421907 0.764013 -1.797200
v -2.512453 1.038150 -1.905321
v -2.474246 0.764013 -2.006524
v -1.968895 1.038150 -1.242993
v -2.075607 0.764013 -1.260722
v -1.860774 1.038150 -2.340758
v -1.759571 0.764013 -2.302551
v -1.456874 1.038150 -1.585114
v -1.514091 0.764013 -1.493310
v -2.276795 1.038150 -2.258007
v -2.360779 1.038150 -1.405317
v -1.756809 1.038150 -1.285179
v -1.862183 0.764013 -1.260722
v -1.508088 1.038150 -2.105101
v -2.523102 1.038150 -1.797201
v -2.180981 1.038150 -1.285180
v -2.272785 0.764013 -1.342396
v -1.425337 1.038150 -1.689080
v -2.505373 0.764013 -1.690488
v -1.708661 0.954278 -2.284063
v -2.129146 0.954278 -1.268923
v -2.455757 0.954278 -2.057434
v -1.419505 0.954278 -1.743090
v -2.518285 0.954278 -1.743090
v -2.497172 0.954278 -1.636949
v -1.542156 0.954278 -2.147416
v -1.708661 0.954278 -1.310337
v -2.319111 0.954278 -1.370461
v -2.319110 0.954278 -2.223939
v -1.914785 0.954278 -2.346590
v -1.440618 0.954278 -1.636949
v -2.229129 0.954278 -1.310337
v -1.914785 0.954278 -1.247810
v -2.518285 0.954278 -1.851311
v -1.482032 0.954278 -2.057434
v -1.808644 0.954278 -1.268923
v -1.542156 0.954278 -1.446985
v -2.395634 0.954278 -1.446985
v -2.229128 0.954278 -2.284063
v -1.482032 0.954278 -1.536966
v -1.808644 0.954278 -2.325477
v -2.023005 0.954278 -1.247810
v -2.497172 0.954278 -1.957452
v -1.419505 0.954278 -1.851310
v -2.023005 0.954278 -2.346590
v -1.440618 0.954278 -1.957451
v -1.618679 0.954278 -1.370461
v -2.455758 0.954278 -1.536967
v -1.618679 0.954278 -2.223939
v -2.129145 0.954278 -2.325477
v -2.395633 0.954278 -2.147416
v -2.229006 0.252893 -2.186486
v -2.116198 -0.035601 -2.152823
v -1.579610 0.252893 -1.537088
v -1.696712 -0.035601 -1.525018
v -2.299955 0.252893 -1.466140
v -2.288947 -0.035601 -1.583348
v -1.579610 0.252893 -2.057312
v -1.613271 -0.035601 -1.944504
v -1.789726 0.252893 -1.364650
v -1.893800 -0.035601 -1.419672
v -2.437084 0.252893 -1.797201
v -2.346422 -0.035601 -1.872295
v -1.968895 -0.035601 -1.412276
v -1.968895 0.252893 -2.265389
v -1.893800 -0.035601 -2.174728
v -2.148063 0.252893 -1.364650
v -2.182747 -0.035601 -1.477148
v -1.509701 0.252893 -1.705861
v -1.613271 -0.035601 -1.649896
v -2.299954 0.252893 -2.128260
v -2.401445 0.252893 -1.618032
v -2.346422 -0.035601 -1.722106
v -1.708783 0.252893 -1.407915
v -1.637835 0.252893 -2.128260
v -2.060234 0.252893 -1.338007
v -1.500705 0.252893 -1.797200
v -2.401445 0.252893 -1.976369
v -2.288947 -0.035601 -2.011053
v -1.789726 0.252893 -2.229751
v -1.755042 -0.035601 -2.117253
v -2.043989 -0.035601 -2.174728
v -1.591367 -0.035601 -1.872295
v -1.604399 0.057022 -1.602373
v -1.848921 0.057022 -2.192701
v -2.009405 0.057022 -1.385893
v -2.364395 0.057022 -1.917174
v -1.557588 0.057022 -1.837710
v -2.009405 0.057022 -2.208507
v -1.573394 0.057022 -1.917174
v -2.333390 0.057022 -1.602373
v -1.706702 0.057022 -2.116683
v -1.706702 0.057022 -1.477717
v -2.088868 0.057022 -2.192701
v -2.288377 0.057022 -2.059393
v -1.774068 0.057022 -2.161695
v -2.333390 0.057022 -1.992027
v -1.557588 0.057022 -1.756690
v -2.088869 0.057022 -1.401699
v -2.380202 0.057022 -1.756690
v -1.649412 0.057022 -2.059393
v -1.774068 0.057022 -1.432704
v -2.364396 0.057022 -1.677227
v -2.231088 0.057022 -1.477717
v -2.231087 0.057022 -2.116683
v -1.573394 0.057022 -1.677226
v -2.163722 0.057022 -1.432705
v -1.928385 0.057022 -2.208507
v -1.928385 0.057022 -1.385893
v -2.380202 0.057022 -1.837711
v -1.848921 0.057022 -1.401699
v -1.604399 0.057022 -1.992027
v -2.288378 0.057022 -1.535007
v -1.649412 0.057022 -1.535007
v -2.163721 0.057022 -2.161696
v -1.944061 -0.068545 -2.049336
v -1.895349 -0.068545 -2.039647
v -1.849463 -0.068545 -2.020640
v -1.808167 -0.068545 -1.993047
v -1.773048 -0.068545 -1.957928
v -1.745454 -0.068545 -1.916631
v -1.726448 -0.068545 -1.870746
v -1.716758 -0.068545 -1.822033
v -1.716758 -0.068545 -1.772367
v -1.726448 -0.068545 -1.723655
v -1.745454 -0.068545 -1.677769
v -1.773048 -0.068545 -1.636473
v -1.808167 -0.068545 -1.601353
v -1.849463 -0.068545 -1.573760
v -1.895349 -0.068545 -1.554753
v -1.944062 -0.068545 -1.545064
v -1.993728 -0.068545 -1.545064
v -2.042440 -0.068545 -1.554753
v -2.088326 -0.068545 -1.573760
v -2.129622 -0.068545 -1.601353
v -2.164742 -0.068545 -1.636473
v -2.192335 -0.068545 -1.677769
v -2.211342 -0.068545 -1.723655
v -2.221031 -0.068545 -1.772367
v -2.221031 -0.068545 -1.822034
v -2.211341 -0.068545 -1.870746
v -2.192335 -0.068545 -1.916632
v -2.164742 -0.068545 -1.957928
v -2.129622 -0.068545 -1.993047
v -2.088326 -0.068545 -2.020641
v -2.042440 -0.068545 -2.039647
v -1.993728 -0.068545 -2.049336
v -2.213427 -0.067637 -2.041733
v -2.161023 -0.067637 -2.084741
v -2.161023 -0.067637 -1.509660
v -2.213428 -0.067637 -1.552667
v -1.724362 -0.067637 -2.041733
v -1.681354 -0.067637 -1.989328
v -2.288393 -0.067637 -1.664860
v -2.308072 -0.067637 -1.729734
v -1.776766 -0.067637 -1.509660
v -1.836555 -0.067637 -1.477702
v -2.314716 -0.067637 -1.797200
v -2.288392 -0.067637 -1.929541
v -2.256435 -0.067637 -1.989329
v -2.036361 -0.067637 -1.458023
v -2.101235 -0.067637 -1.477703
v -1.623073 -0.067637 -1.797200
v -1.629718 -0.067637 -1.729734
v -1.836554 -0.067637 -2.116698
v -1.776766 -0.067637 -2.084740
v -2.101234 -0.067637 -2.116698
v -2.036361 -0.067637 -2.136377
v -2.256435 -0.067637 -1.605072
v -1.724362 -0.067637 -1.552667
v -1.649397 -0.067637 -1.929540
v -1.629718 -0.067637 -1.864667
v -1.968895 -0.067637 -2.143022
v -1.968895 -0.067637 -1.451378
v -2.308072 -0.067637 -1.864667
v -1.649397 -0.067637 -1.664860
v -1.681354 -0.067637 -1.605072
v -1.901428 -0.067637 -2.136377
v -1.901428 -0.067637 -1.458023
v -1.939431 -0.082724 -2.096345
v -1.881637 -0.082724 -2.084849
v -1.827196 -0.082724 -2.062299
v -1.778201 -0.082724 -2.029562
v -1.736533 -0.082724 -1.987894
v -1.703796 -0.082724 -1.938899
v -1.681245 -0.082724 -1.884458
v -1.669749 -0.082724 -1.826663
v -1.669749 -0.082724 -1.767737
v -1.681245 -0.082724 -1.709943
v -1.703796 -0.082724 -1.655502
v -1.736533 -0.082724 -1.606506
v -1.778201 -0.082724 -1.564839
v -1.827196 -0.082724 -1.532101
v -1.881637 -0.082724 -1.509551
v -1.939432 -0.082724 -1.498055
v -1.998358 -0.082724 -1.498055
v -2.056152 -0.082724 -1.509551
v -2.110593 -0.082724 -1.532101
v -2.159589 -0.082724 -1.564839
v -2.201256 -0.082724 -1.606506
v -2.233994 -0.082724 -1.655502
v -2.256544 -0.082724 -1.709943
v -2.268040 -0.082724 -1.767737
v -2.268040 -0.082724 -1.826664
v -2.256544 -0.082724 -1.884458
v -2.233994 -0.082724 -1.938899
v -2.201256 -0.082724 -1.987894
v -2.159588 -0.082724 -2.029562
v -2.110593 -0.082724 -2.062299
v -2.056152 -0.082724 -2.084850
v -1.998358 -0.082724 -2.096345
v -1.890531 -0.082205 -2.191160
v -1.968895 -0.082205 -2.198878
v -2.047258 -0.082205 -2.191160
v -2.122610 -0.082205 -2.168303
v -2.192055 -0.082205 -2.131184
v -2.252924 -0.082205 -2.081230
v -2.339997 -0.082205 -1.950916
v -2.362855 -0.082205 -1.875564
v -2.362855 -0.082205 -1.718837
v -2.339997 -0.082205 -1.643485
v -2.370573 -0.082205 -1.797200
v -1.890531 -0.082205 -1.403240
v -1.815179 -0.082205 -1.426098
v -2.302878 -0.082205 -1.574040
v -2.252924 -0.082205 -1.513171
v -2.122611 -0.082205 -1.426098
v -2.047258 -0.082205 -1.403240
v -1.574934 -0.082205 -1.875564
v -1.597792 -0.082205 -1.950916
v -1.745734 -0.082205 -1.463217
v -1.684865 -0.082205 -1.513171
v -1.597792 -0.082205 -1.643485
v -1.574934 -0.082205 -1.718837
v -1.968895 -0.082205 -1.395522
v -1.634911 -0.082205 -2.020361
v -1.684865 -0.082205 -2.081230
v -1.815179 -0.082205 -2.168303
v -1.567216 -0.082205 -1.797200
v -2.302878 -0.082205 -2.020361
v -2.192055 -0.082205 -1.463217
v -1.634911 -0.082205 -1.574040
v -1.745734 -0.082205 -2.131183
v -1.908539 1.041823 -2.410003
v -1.790147 1.041823 -2.386454
v -1.678623 1.041823 -2.340259
v -1.578255 1.041823 -2.273196
v -1.492899 1.041823 -2.187840
v -1.425835 1.041823 -2.087471
v -1.379641 1.041823 -1.975948
v -1.356091 1.041823 -1.857556
v -1.356091 1.041823 -1.736844
v -1.379641 1.041823 -1.618452
v -1.425836 1.041823 -1.506929
v -1.492899 1.041823 -1.406561
v -1.578255 1.041823 -1.321205
v -1.678624 1.041823 -1.254141
v -1.790147 1.041823 -1.207946
v -1.908539 1.041823 -1.184397
v -2.029251 1.041823 -1.184397
v -2.147643 1.041823 -1.207946
v -2.259166 1.041823 -1.254141
v -2.359534 1.041823 -1.321205
v -2.444890 1.041823 -1.406561
v -2.511954 1.041823 -1.506929
v -2.558149 1.041823 -1.618452
v -2.581698 1.041823 -1.736845
v -2.581698 1.041823 -1.857557
v -2.558148 1.041823 -1.975949
v -2.511954 1.041823 -2.087472
v -2.444890 1.041823 -2.187840
v -2.359534 1.041823 -2.273196
v -2.259165 1.041823 -2.340260
v -2.026244 1.058711 -2.379480
v -2.029250 1.041823 -2.410003
v -2.147642 1.041823 -2.386454
v -1.929835 -0.082205 -2.193777
v -2.120740 0.226372 -2.297770
v -2.020166 0.226372 -2.317775
v -2.215479 0.226372 -2.258528
v -2.300742 0.226372 -2.201558
v -2.373251 0.226372 -2.129048
v -2.430222 0.226372 -2.043786
v -2.469464 0.226372 -1.949047
v -2.489470 0.226372 -1.848473
v -2.489470 0.226372 -1.745928
v -2.469465 0.226372 -1.645354
v -2.430223 0.226372 -1.550616
v -2.373252 0.226372 -1.465353
v -2.300742 0.226372 -1.392843
v -2.215480 0.226372 -1.335872
v -2.120741 0.226372 -1.296630
v -2.020167 0.226372 -1.276625
v -1.917623 0.226372 -1.276625
v -1.817049 0.226372 -1.296630
v -1.722310 0.226372 -1.335872
v -1.637047 0.226372 -1.392843
v -1.564538 0.226372 -1.465353
v -1.507567 0.226372 -1.550615
v -1.468325 0.226372 -1.645354
v -1.448319 0.226372 -1.745928
v -1.448319 0.226372 -1.848472
v -1.468325 0.226372 -1.949046
v -1.507567 0.226372 -2.043785
v -1.564538 0.226372 -2.129047
v -1.637047 0.226372 -2.201557
v -1.722310 0.226372 -2.258528
v -1.817049 0.226372 -2.297770
v -1.917623 0.226372 -2.317775
v -2.391720 0.764013 -2.144205
v -2.244707 1.058711 -2.313210
v -2.551174 1.058711 -1.739851
v -2.484904 1.058711 -2.073014
v -2.484904 1.058711 -1.521388
v -2.244708 1.058711 -1.281191
v -2.551174 1.058711 -1.854550
v -1.911545 1.058711 -1.214920
v -1.693082 1.058711 -1.281190
v -1.452885 1.058711 -1.521387
v -2.026244 1.058711 -1.214920
v -1.386615 1.058711 -1.854550
v -1.693082 1.058711 -2.313210
v -1.386615 1.058711 -1.739851
v -1.452885 1.058711 -2.073013
v -1.911545 1.058711 -2.379480
v -2.138739 1.058711 -2.357103
v -2.421180 1.058711 -2.168382
v -2.340076 1.058711 -2.249487
v -2.340077 1.058711 -1.344914
v -2.528798 1.058711 -1.967045
v -2.528798 1.058711 -1.627356
v -2.138740 1.058711 -1.237297
v -1.799050 1.058711 -1.237297
v -2.421181 1.058711 -1.426019
v -1.516609 1.058711 -1.426018
v -1.408992 1.058711 -1.967045
v -1.597713 1.058711 -1.344914
v -1.597713 1.058711 -2.249486
v -1.408992 1.058711 -1.627355
v -1.516609 1.058711 -2.168382
v -1.799050 1.058711 -2.357103
v -2.150345 -0.035601 -2.136672
v -2.127676 0.764013 -2.320633
v -1.621891 0.764013 -2.220026
v -2.451293 0.764013 -1.539353
v -1.621891 0.764013 -1.374374
v -1.445462 0.764013 -1.955982
v -2.022508 0.764013 -2.341552
v -1.424543 0.764013 -1.850814
v -2.492327 0.764013 -1.955982
v -2.022509 0.764013 -1.252848
v -1.810113 0.764013 -2.320633
v -1.486496 0.764013 -1.539353
v -2.226741 0.764013 -2.279599
v -2.391721 0.764013 -1.450196
v -1.546069 0.764013 -1.450196
v -1.810113 0.764013 -1.273767
v -1.486496 0.764013 -2.055047
v -2.513247 0.764013 -1.850815
v -1.915281 0.764013 -1.252848
v -2.226742 0.764013 -1.314802
v -1.445462 0.764013 -1.638419
v -1.915281 0.764013 -2.341552
v -2.315898 0.764013 -2.220026
v -2.315899 0.764013 -1.374375
v -1.711048 0.764013 -1.314802
v -1.546069 0.764013 -2.144204
v -2.492328 0.764013 -1.638419
v -2.513247 0.764013 -1.743587
v -1.424543 0.764013 -1.743586
v -2.451293 0.764013 -2.055048
v -2.127676 0.764013 -1.273767
v -1.711047 0.764013 -2.279598
v -2.186519 -0.067637 -2.062376
v -1.671346 -0.035601 -1.553008
v -2.266444 -0.035601 -1.553008
v -1.629423 -0.035601 -1.978651
v -1.857158 -0.035601 -1.428852
v -2.351964 -0.035601 -1.834929
v -1.931166 -0.035601 -1.414131
v -1.931166 -0.035601 -2.180269
v -2.150346 -0.035601 -1.457729
v -1.600547 -0.035601 -1.685463
v -2.213086 -0.035601 -2.094749
v -2.213087 -0.035601 -1.499651
v -2.337242 -0.035601 -1.685463
v -1.787444 -0.035601 -1.457729
v -1.671346 -0.035601 -2.041392
v -2.351964 -0.035601 -1.759471
v -2.080632 -0.035601 -1.428852
v -1.585826 -0.035601 -1.759471
v -2.308366 -0.035601 -1.978652
v -1.787444 -0.035601 -2.136671
v -2.266443 -0.035601 -2.041393
v -2.080631 -0.035601 -2.165548
v -1.724703 -0.035601 -1.499651
v -1.724703 -0.035601 -2.094749
v -2.308366 -0.035601 -1.615749
v -1.600547 -0.035601 -1.908937
v -2.006624 -0.035601 -2.180269
v -1.585826 -0.035601 -1.834929
v -2.337242 -0.035601 -1.908938
v -2.006624 -0.035601 -1.414131
v -1.857158 -0.035601 -2.165548
v -1.629423 -0.035601 -1.615749
v -2.146805 0.756815 -2.383695
v -2.028967 0.756815 -2.407134
v -2.257806 0.756815 -2.337717
v -2.357704 0.756815 -2.270967
v -2.442661 0.756815 -2.186011
v -2.509411 0.756815 -2.086112
v -2.555389 0.756815 -1.975112
v -2.578828 0.756815 -1.857274
v -2.578829 0.756815 -1.737127
v -2.555389 0.756815 -1.619289
v -2.509411 0.756815 -1.508289
v -2.442662 0.756815 -1.408390
v -2.357705 0.756815 -1.323434
v -2.257807 0.756815 -1.256684
v -2.146806 0.756815 -1.210706
v -2.028968 0.756815 -1.187266
v -1.908822 0.756815 -1.187266
v -1.790984 0.756815 -1.210706
v -1.679983 0.756815 -1.256684
v -1.580085 0.756815 -1.323434
v -1.495128 0.756815 -1.408390
v -1.428378 0.756815 -1.508288
v -1.382400 0.756815 -1.619289
v -1.358961 0.756815 -1.737127
v -1.358961 0.756815 -1.857273
v -1.382401 0.756815 -1.975111
v -1.428378 0.756815 -2.086112
v -1.495128 0.756815 -2.186010
v -1.580085 0.756815 -2.270967
v -1.679983 0.756815 -2.337716
v -1.790984 0.756815 -2.383694
v -1.908821 0.756815 -2.407134
v -1.926813 -0.058909 -2.224459
v -1.844268 -0.058909 -2.208039
v -1.766512 -0.058909 -2.175832
v -1.696533 -0.058909 -2.129073
v -1.637021 -0.058909 -2.069561
v -1.590263 -0.058909 -1.999583
v -1.558056 -0.058909 -1.921827
v -1.541636 -0.058909 -1.839281
v -1.541636 -0.058909 -1.755119
v -1.558055 -0.058909 -1.672573
v -1.590263 -0.058909 -1.594817
v -1.637021 -0.058909 -1.524839
v -1.696533 -0.058909 -1.465327
v -1.766512 -0.058909 -1.418568
v -1.844268 -0.058909 -1.386361
v -1.926813 -0.058909 -1.369941
v -2.010976 -0.058909 -1.369942
v -2.093522 -0.058909 -1.386361
v -2.171278 -0.058909 -1.418569
v -2.241256 -0.058909 -1.465327
v -2.300768 -0.058909 -1.524839
v -2.347527 -0.058909 -1.594818
v -2.379734 -0.058909 -1.672574
v -2.396153 -0.058909 -1.755119
v -2.396153 -0.058909 -1.839282
v -2.379734 -0.058909 -1.921827
v -2.347526 -0.058909 -1.999583
v -2.300768 -0.058909 -2.069562
v -2.241256 -0.058909 -2.129074
v -2.171277 -0.058909 -2.175832
v -2.010976 -0.058909 -2.224459
v -2.093521 -0.058909 -2.208040
v -1.707644 1.038150 -2.285965
v -2.129772 1.038150 -1.266859
v -2.457659 1.038150 -2.058451
v -1.417359 1.038150 -1.742879
v -2.520431 1.038150 -1.742879
v -2.499236 1.038150 -1.636323
v -1.540489 1.038150 -2.148784
v -1.707644 1.038150 -1.308435
v -2.320479 1.038150 -1.368794
v -2.320478 1.038150 -2.225607
v -1.914573 1.038150 -2.348736
v -1.438554 1.038150 -1.636323
v -2.230145 1.038150 -1.308435
v -1.914573 1.038150 -1.245664
v -2.520431 1.038150 -1.851522
v -1.480130 1.038150 -2.058450
v -1.808018 1.038150 -1.266859
v -1.540489 1.038150 -1.445616
v -2.397301 1.038150 -1.445616
v -2.230145 1.038150 -2.285965
v -1.480130 1.038150 -1.535950
v -1.808018 1.038150 -2.327541
v -2.023216 1.038150 -1.245664
v -2.499236 1.038150 -1.958078
v -1.417359 1.038150 -1.851522
v -2.023216 1.038150 -2.348736
v -1.438554 1.038150 -1.958077
v -1.617311 1.038150 -1.368794
v -2.457660 1.038150 -1.535950
v -1.617311 1.038150 -2.225606
v -2.129771 1.038150 -2.327541
v -2.397300 1.038150 -2.148784
v -1.555990 0.252893 -1.576498
v -1.832987 0.252893 -2.245228
v -2.014785 0.252893 -1.331267
v -2.416922 0.252893 -1.933108
v -1.502962 0.252893 -1.843091
v -2.014785 0.252893 -2.263133
v -1.520867 0.252893 -1.933108
v -2.381799 0.252893 -1.576498
v -1.671880 0.252893 -2.159114
v -1.671880 0.252893 -1.435286
v -2.104802 0.252893 -2.245228
v -2.330808 0.252893 -2.094215
v -1.748193 0.252893 -2.210104
v -2.381799 0.252893 -2.017903
v -1.502962 0.252893 -1.751310
v -2.104803 0.252893 -1.349173
v -2.434828 0.252893 -1.751310
v -1.606981 0.252893 -2.094215
v -1.748193 0.252893 -1.384295
v -2.416922 0.252893 -1.661293
v -2.265910 0.252893 -1.435287
v -2.265909 0.252893 -2.159114
v -1.520867 0.252893 -1.661293
v -2.189597 0.252893 -1.384296
v -1.923004 0.252893 -2.263133
v -1.923004 0.252893 -1.331267
v -2.434828 0.252893 -1.843091
v -1.832987 0.252893 -1.349173
v -1.555990 0.252893 -2.017902
v -2.330809 0.252893 -1.500185
v -1.606981 0.252893 -1.500185
v -2.189596 0.252893 -2.210105
v -1.968895 -0.068545 -1.797200
v -2.186519 -0.067637 -1.532024
v -1.703719 -0.067637 -2.014824
v -2.297167 -0.067637 -1.697620
v -1.807185 -0.067637 -1.494663
v -2.310286 -0.067637 -1.763576
v -2.271432 -0.067637 -1.958910
v -2.068475 -0.067637 -1.468928
v -1.627503 -0.067637 -1.763576
v -1.807185 -0.067637 -2.099737
v -2.234070 -0.067637 -2.014825
v -2.068475 -0.067637 -2.125472
v -2.271432 -0.067637 -1.635491
v -1.751270 -0.067637 -1.532024
v -1.751270 -0.067637 -2.062376
v -1.640623 -0.067637 -1.896780
v -2.002519 -0.067637 -2.138592
v -2.002519 -0.067637 -1.455809
v -1.627503 -0.067637 -1.830824
v -2.297167 -0.067637 -1.896781
v -1.666358 -0.067637 -1.635491
v -1.869314 -0.067637 -2.125472
v -2.130604 -0.067637 -2.099738
v -1.703719 -0.067637 -1.579576
v -2.234071 -0.067637 -1.579576
v -1.666358 -0.067637 -1.958910
v -1.869315 -0.067637 -1.468928
v -2.310286 -0.067637 -1.830825
v -1.935271 -0.067637 -1.455809
v -1.935271 -0.067637 -2.138592
v -2.130604 -0.067637 -1.494663
v -1.640623 -0.067637 -1.697620
v -1.968895 -0.082723 -1.797200
v -2.084571 -0.082205 -2.178537
v -2.007954 -0.082205 -2.193777
v -2.221698 -0.082205 -2.105242
v -2.350231 -0.082205 -1.912878
v -2.350232 -0.082205 -1.681523
v -2.365472 -0.082205 -1.758141
v -1.853217 -0.082205 -1.415863
v -2.276937 -0.082205 -1.544397
v -2.084572 -0.082205 -1.415863
v -1.587558 -0.082205 -1.912877
v -1.716092 -0.082205 -1.489159
v -1.587558 -0.082205 -1.681523
v -1.929835 -0.082205 -1.400623
v -1.660853 -0.082205 -2.050003
v -1.853217 -0.082205 -2.178537
v -1.572318 -0.082205 -1.836260
v -2.156744 -0.082205 -2.148643
v -2.320337 -0.082205 -1.985050
v -2.320337 -0.082205 -1.609351
v -2.276936 -0.082205 -2.050004
v -2.156745 -0.082205 -1.445758
v -2.365472 -0.082205 -1.836260
v -2.221698 -0.082205 -1.489159
v -1.617453 -0.082205 -1.609350
v -2.007954 -0.082205 -1.400623
v -1.781045 -0.082205 -1.445758
v -1.572318 -0.082205 -1.758141
v -1.617453 -0.082205 -1.985050
v -1.660853 -0.082205 -1.544397
v -1.781045 -0.082205 -2.148642
v -1.716092 -0.082205 -2.105242
vn -0.0000 -0.7748 -0.6322
vn -0.0000 0.8361 -0.5486
vn 0.1233 -0.7748 -0.6200
vn 0.1070 0.8361 -0.5381
vn 0.2419 -0.7748 -0.5841
vn 0.2099 0.8361 -0.5069
vn 0.3512 -0.7748 -0.5256
vn 0.3048 0.8361 -0.4562
vn 0.4470 -0.7748 -0.4470
vn 0.3879 0.8361 -0.3879
vn 0.5256 -0.7748 -0.3512
vn 0.4562 0.8361 -0.3048
vn 0.5841 -0.7748 -0.2419
vn 0.5069 0.8361 -0.2099
vn 0.6200 -0.7748 -0.1233
vn 0.5381 0.8361 -0.1070
vn 0.6322 -0.7748 -0.0000
vn 0.5486 0.8361 -0.0000
vn 0.6200 -0.7748 0.1233
vn 0.5381 0.8361 0.1070
vn 0.5841 -0.7748 0.2419
vn 0.5069 0.8361 0.2099
vn 0.5256 -0.7748 0.3512
vn 0.4562 0.8361 0.3048
vn 0.4470 -0.7748 0.4470
vn 0.3879 0.8361 0.3879
vn 0.3512 -0.7748 0.5256
vn 0.3048 0.8361 0.4562
vn 0.2419 -0.7748 0.5841
vn 0.2099 0.8361 0.5069
vn 0.1233 -0.7748 0.6200
vn 0.1070 0.8361 0.5381
vn -0.0000 -0.7748 0.6322
vn -0.0000 0.8361 0.5486
vn -0.1233 -0.7748 0.6200
vn -0.1070 0.8361 0.5381
vn -0.2419 -0.7748 0.5841
vn -0.2099 0.8361 0.5069
vn -0.3512 -0.7748 0.5256
vn -0.3048 0.8361 0.4562
vn -0.4470 -0.7748 0.4470
vn -0.3879 0.8361 0.3879
vn -0.5256 -0.7748 0.3512
vn -0.4562 0.8361 0.3048
vn -0.5841 -0.7748 0.2419
vn -0.5069 0.8361 0.2099
vn -0.6200 -0.7748 0.1233
vn -0.5381 0.8361 0.1070
vn -0.6322 -0.7748 -0.0000
vn -0.5486 0.8361 -0.0000
vn -0.6200 -0.7748 -0.1233
vn -0.5381 0.8361 -0.1070
vn -0.5841 -0.7748 -0.2419
vn -0.5069 0.8361 -0.2099
vn -0.5256 -0.7748 -0.3512
vn -0.4562 0.8361 -0.3048
vn -0.4470 -0.7748 -0.4470
vn -0.3879 0.8361 -0.3879
vn -0.3512 -0.7748 -0.5256
vn -0.3048 0.8361 -0.4562
vn -0.2419 -0.7748 -0.5841
vn -0.2099 0.8361 -0.5069
vn -0.1233 -0.7748 -0.6200
vn -0.1070 0.8361 -0.5381
vn -0.0000 -0.1659 -0.9861
vn 0.1924 -0.1659 -0.9672
vn 0.3774 -0.1659 -0.9111
vn 0.5479 -0.1659 -0.8199
vn 0.6973 -0.1659 -0.6973
vn 0.8199 -0.1659 -0.5479
vn 0.9111 -0.1659 -0.3774
vn 0.9672 -0.1659 -0.1924
vn 0.9861 -0.1659 -0.0000
vn 0.9672 -0.1659 0.1924
vn 0.9111 -0.1659 0.3774
vn 0.8199 -0.1659 0.5479
vn 0.6973 -0.1659 0.6973
vn 0.5479 -0.1659 0.8199
vn 0.3774 -0.1659 0.9111
vn 0.1924 -0.1659 0.9672
vn -0.0000 -0.1659 0.9861
vn -0.1924 -0.1659 0.9672
vn -0.3774 -0.1659 0.9111
vn -0.5479 -0.1659 0.8199
vn -0.6973 -0.1659 0.6973
vn -0.8199 -0.1659 0.5479
vn -0.9111 -0.1659 0.3774
vn -0.9672 -0.1659 0.1924
vn -0.9861 -0.1659 -0.0000
vn -0.9672 -0.1659 -0.1924
vn -0.9111 -0.1659 -0.3774
vn -0.8199 -0.1659 -0.5479
vn -0.6973 -0.1659 -0.6973
vn -0.5479 -0.1659 -0.8199
vn -0.3774 -0.1659 -0.9111
vn -0.1924 -0.1659 -0.9672
vn -0.1124 0.8174 0.5650
vn -0.0000 0.8174 0.5760
vn -0.2204 0.8174 0.5322
vn -0.3200 0.8174 0.4789
vn -0.4073 0.8174 0.4073
vn -0.4789 0.8174 0.3200
vn -0.5322 0.8174 0.2204
vn -0.5650 0.8174 0.1124
vn -0.5760 0.8174 -0.0000
vn -0.5650 0.8174 -0.1124
vn -0.5322 0.8174 -0.2204
vn -0.4789 0.8174 -0.3200
vn -0.4073 0.8174 -0.4073
vn -0.3200 0.8174 -0.4789
vn -0.2204 0.8174 -0.5322
vn -0.1124 0.8174 -0.5650
vn -0.0000 0.8174 -0.5760
vn 0.1124 0.8174 -0.5650
vn 0.2204 0.8174 -0.5322
vn 0.3200 0.8174 -0.4789
vn 0.4073 0.8174 -0.4073
vn 0.4789 0.8174 -0.3200
vn 0.5322 0.8174 -0.2204
vn 0.5650 0.8174 -0.1124
vn 0.5760 0.8174 -0.0000
vn 0.5650 0.8174 0.1124
vn 0.5322 0.8174 0.2204
vn 0.4789 0.8174 0.3200
vn 0.4073 0.8174 0.4073
vn 0.3200 0.8174 0.4789
vn 0.2204 0.8174 0.5322
vn 0.1124 0.8174 0.5650
vn -0.1928 0.1513 0.9695
vn -0.0000 0.1513 0.9885
vn -0.3783 0.1513 0.9132
vn -0.5492 0.1513 0.8219
vn -0.6990 0.1513 0.6990
vn -0.8219 0.1513 0.5492
vn -0.9132 0.1513 0.3783
vn -0.9695 0.1513 0.1928
vn -0.9885 0.1513 -0.0000
vn -0.9695 0.1513 -0.1928
vn -0.9132 0.1513 -0.3783
vn -0.8219 0.1513 -0.5492
vn -0.6990 0.1513 -0.6990
vn -0.5492 0.1513 -0.8219
vn -0.3783 0.1513 -0.9132
vn -0.1928 0.1513 -0.9695
vn -0.0000 0.1513 -0.9885
vn 0.1928 0.1513 -0.9695
vn 0.3783 0.1513 -0.9132
vn 0.5492 0.1513 -0.8219
vn 0.6990 0.1513 -0.6990
vn 0.8219 0.1513 -0.5492
vn 0.9132 0.1513 -0.3783
vn 0.9695 0.1513 -0.1928
vn 0.9885 0.1513 -0.0000
vn 0.9695 0.1513 0.1928
vn 0.9132 0.1513 0.3783
vn 0.8219 0.1513 0.5492
vn 0.6990 0.1513 0.6990
vn 0.5492 0.1513 0.8219
vn 0.3783 0.1513 0.9132
vn 0.1928 0.1513 0.9695
vn -0.1227 0.7773 0.6170
vn -0.0000 0.7773 0.6291
vn -0.2408 0.7773 0.5812
vn -0.3495 0.7773 0.5231
vn -0.4449 0.7773 0.4449
vn -0.5231 0.7773 0.3495
vn -0.5812 0.7773 0.2408
vn -0.6170 0.7773 0.1227
vn -0.6291 0.7773 -0.0000
vn -0.6170 0.7773 -0.1227
vn -0.5812 0.7773 -0.2408
vn -0.5231 0.7773 -0.3495
vn -0.4449 0.7773 -0.4449
vn -0.3495 0.7773 -0.5231
vn -0.2408 0.7773 -0.5812
vn -0.1227 0.7773 -0.6170
vn -0.0000 0.7773 -0.6291
vn 0.1227 0.7773 -0.6170
vn 0.2408 0.7773 -0.5812
vn 0.3495 0.7773 -0.5231
vn 0.4449 0.7773 -0.4449
vn 0.5231 0.7773 -0.3495
vn 0.5812 0.7773 -0.2408
vn 0.6170 0.7773 -0.1227
vn 0.6291 0.7773 -0.0000
vn 0.6170 0.7773 0.1227
vn 0.5812 0.7773 0.2408
vn 0.5231 0.7773 0.3495
vn 0.4449 0.7773 0.4449
vn 0.3495 0.7773 0.5231
vn 0.2408 0.7773 0.5812
vn 0.1227 0.7773 0.6170
vn -0.0000 -0.0031 -1.0000
vn 0.1951 -0.0031 -0.9808
vn 0.3827 -0.0031 -0.9239
vn 0.5556 -0.0031 -0.8315
vn 0.7071 -0.0031 -0.7071
vn 0.8315 -0.0031 -0.5556
vn 0.9239 -0.0031 -0.3827
vn 0.9808 -0.0031 -0.1951
vn 1.0000 -0.0031 -0.0000
vn 0.9808 -0.0031 0.1951
vn 0.9239 -0.0031 0.3827
vn 0.8315 -0.0031 0.5556
vn 0.7071 -0.0031 0.7071
vn 0.5556 -0.0031 0.8315
vn 0.3827 -0.0031 0.9239
vn 0.1951 -0.0031 0.9808
vn -0.0000 -0.0031 1.0000
vn -0.1951 -0.0031 0.9808
vn -0.3827 -0.0031 0.9239
vn -0.5556 -0.0031 0.8315
vn -0.7071 -0.0031 0.7071
vn -0.8315 -0.0031 0.5556
vn -0.9239 -0.0031 0.3827
vn -0.9808 -0.0031 0.1951
vn -1.0000 -0.0031 -0.0000
vn -0.9808 -0.0031 -0.1951
vn -0.9239 -0.0031 -0.3827
vn -0.8315 -0.0031 -0.5556
vn -0.7071 -0.0031 -0.7071
vn -0.5556 -0.0031 -0.8315
vn -0.3827 -0.0031 -0.9239
vn -0.1951 -0.0031 -0.9808
vn 0.1851 -0.3161 -0.9305
vn 0.3631 -0.3161 -0.8765
vn 0.5271 -0.3161 -0.7888
vn 0.6708 -0.3161 -0.6708
vn 0.7888 -0.3161 -0.5271
vn 0.8765 -0.3161 -0.3631
vn 0.9305 -0.3161 -0.1851
vn 0.9487 -0.3161 -0.0000
vn 0.9305 -0.3161 0.1851
vn 0.8765 -0.3161 0.3631
vn 0.7888 -0.3161 0.5271
vn 0.6708 -0.3161 0.6708
vn 0.5271 -0.3161 0.7888
vn 0.3631 -0.3161 0.8765
vn 0.1851 -0.3161 0.9305
vn -0.0000 -0.3161 0.9487
vn -0.1851 -0.3161 0.9305
vn -0.3631 -0.3161 0.8765
vn -0.5271 -0.3161 0.7888
vn -0.6708 -0.3161 0.6708
vn -0.7888 -0.3161 0.5271
vn -0.8765 -0.3161 0.3631
vn -0.9305 -0.3161 0.1851
vn -0.9487 -0.3161 -0.0000
vn -0.9305 -0.3161 -0.1851
vn -0.8765 -0.3161 -0.3631
vn -0.7888 -0.3161 -0.5271
vn -0.6708 -0.3161 -0.6708
vn -0.5271 -0.3161 -0.7888
vn -0.3631 -0.3161 -0.8765
vn -0.1851 -0.3161 -0.9305
vn -0.0000 -0.3161 -0.9487
vn 0.8312 0.0262 0.5554
vn 0.7069 0.0262 0.7069
vn 0.3826 0.0262 0.9236
vn 0.1950 0.0262 0.9804
vn -0.5554 0.0262 0.8312
vn -0.7069 0.0262 0.7069
vn 0.8312 0.0262 -0.5554
vn 0.9236 0.0262 -0.3826
vn -0.7069 0.0262 -0.7069
vn -0.5554 0.0262 -0.8312
vn -0.9236 0.0262 0.3826
vn -0.9804 0.0262 0.1950
vn -0.0000 0.0262 0.9997
vn -0.9997 0.0262 -0.0000
vn 0.9804 0.0262 0.1950
vn 0.9236 0.0262 0.3826
vn -0.0000 0.0262 -0.9997
vn 0.1950 0.0262 -0.9804
vn -0.1950 0.0262 0.9804
vn -0.3826 0.0262 0.9236
vn -0.9236 0.0262 -0.3826
vn -0.8312 0.0262 -0.5554
vn 0.5554 0.0262 0.8312
vn 0.7069 0.0262 -0.7069
vn -0.3826 0.0262 -0.9236
vn -0.1950 0.0262 -0.9804
vn -0.8312 0.0262 0.5554
vn 0.9997 0.0262 -0.0000
vn 0.3826 0.0262 -0.9236
vn 0.5554 0.0262 -0.8312
vn -0.9805 0.0262 -0.1950
vn 0.9804 0.0262 -0.1950
vn 0.5331 0.2813 0.7979
vn 0.3672 0.2813 0.8866
vn -0.7979 0.2813 -0.5331
vn -0.6786 0.2813 -0.6786
vn 0.6786 0.2813 -0.6786
vn 0.7979 0.2813 -0.5331
vn -0.7979 0.2813 0.5331
vn -0.8866 0.2813 0.3672
vn -0.3672 0.2813 -0.8866
vn -0.1872 0.2813 -0.9412
vn 0.9596 0.2813 -0.0000
vn 0.9412 0.2813 0.1872
vn -0.0000 0.2813 -0.9596
vn -0.0000 0.2813 0.9596
vn -0.1872 0.2813 0.9412
vn 0.3672 0.2813 -0.8866
vn 0.5331 0.2813 -0.7979
vn -0.9412 0.2813 -0.1872
vn -0.8866 0.2813 -0.3672
vn 0.6786 0.2813 0.6786
vn 0.8866 0.2813 -0.3672
vn 0.9412 0.2813 -0.1872
vn -0.5331 0.2813 -0.7979
vn -0.6786 0.2813 0.6786
vn 0.1872 0.2813 -0.9412
vn -0.9596 0.2813 -0.0000
vn 0.8866 0.2813 0.3672
vn 0.7979 0.2813 0.5331
vn -0.3672 0.2813 0.8866
vn -0.5331 0.2813 0.7979
vn 0.1872 0.2813 0.9412
vn -0.9412 0.2813 0.1872
vn -0.0018 1.0000 0.0093
vn -0.0000 1.0000 0.0095
vn -0.0036 1.0000 0.0088
vn -0.0053 1.0000 0.0079
vn -0.0067 1.0000 0.0067
vn -0.0079 1.0000 0.0053
vn -0.0088 1.0000 0.0036
vn -0.0093 1.0000 0.0018
vn -0.0095 1.0000 -0.0000
vn -0.0093 1.0000 -0.0018
vn -0.0088 1.0000 -0.0036
vn -0.0079 1.0000 -0.0053
vn -0.0067 1.0000 -0.0067
vn -0.0053 1.0000 -0.0079
vn -0.0036 1.0000 -0.0088
vn -0.0018 1.0000 -0.0093
vn -0.0000 1.0000 -0.0095
vn 0.0018 1.0000 -0.0093
vn 0.0036 1.0000 -0.0088
vn 0.0053 1.0000 -0.0079
vn 0.0067 1.0000 -0.0067
vn 0.0079 1.0000 -0.0053
vn 0.0088 1.0000 -0.0036
vn 0.0093 1.0000 -0.0018
vn 0.0095 1.0000 -0.0000
vn 0.0093 1.0000 0.0018
vn 0.0088 1.0000 0.0036
vn 0.0079 1.0000 0.0053
vn 0.0067 1.0000 0.0067
vn 0.0053 1.0000 0.0079
vn 0.0036 1.0000 0.0088
vn 0.0018 1.0000 0.0093
vn -0.0000 -1.0000 -0.0050
vn 0.0010 -1.0000 -0.0049
vn 0.0019 -1.0000 -0.0046
vn 0.0028 -1.0000 -0.0042
vn 0.0035 -1.0000 -0.0035
vn 0.0042 -1.0000 -0.0028
vn 0.0046 -1.0000 -0.0019
vn 0.0049 -1.0000 -0.0010
vn 0.0050 -1.0000 -0.0000
vn 0.0049 -1.0000 0.0010
vn 0.0046 -1.0000 0.0019
vn 0.0042 -1.0000 0.0028
vn 0.0035 -1.0000 0.0035
vn 0.0028 -1.0000 0.0042
vn 0.0019 -1.0000 0.0046
vn 0.0010 -1.0000 0.0049
vn -0.0000 -1.0000 0.0050
vn -0.0010 -1.0000 0.0049
vn -0.0019 -1.0000 0.0046
vn -0.0028 -1.0000 0.0042
vn -0.0035 -1.0000 0.0035
vn -0.0042 -1.0000 0.0028
vn -0.0046 -1.0000 0.0019
vn -0.0049 -1.0000 0.0010
vn -0.0050 -1.0000 -0.0000
vn -0.0049 -1.0000 -0.0010
vn -0.0046 -1.0000 -0.0019
vn -0.0042 -1.0000 -0.0028
vn -0.0035 -1.0000 -0.0035
vn -0.0028 -1.0000 -0.0042
vn -0.0019 -1.0000 -0.0046
vn -0.0010 -1.0000 -0.0049
vn 0.0620 -0.7746 -0.6294
vn 0.0538 0.8361 -0.5460
vn -0.0000 0.2665 -0.9638
vn 0.1804 -0.3811 -0.9068
vn 0.1836 -0.7746 -0.6052
vn 0.1593 0.8361 -0.5250
vn 0.3538 -0.3811 -0.8542
vn 0.2981 -0.7746 -0.5577
vn 0.2586 0.8361 -0.4838
vn 0.5136 -0.3811 -0.7687
vn 0.4012 -0.7746 -0.4889
vn 0.3480 0.8361 -0.4241
vn 0.6537 -0.3811 -0.6537
vn 0.4889 -0.7746 -0.4012
vn 0.4241 0.8361 -0.3480
vn 0.7687 -0.3811 -0.5136
vn 0.5577 -0.7746 -0.2981
vn 0.4838 0.8361 -0.2586
vn 0.8542 -0.3811 -0.3538
vn 0.6052 -0.7746 -0.1836
vn 0.5250 0.8361 -0.1593
vn 0.9068 -0.3811 -0.1804
vn 0.6294 -0.7746 -0.0620
vn 0.5460 0.8361 -0.0538
vn 0.9245 -0.3811 -0.0000
vn 0.6294 -0.7746 0.0620
vn 0.5460 0.8361 0.0538
vn 0.9068 -0.3811 0.1804
vn 0.6052 -0.7746 0.1836
vn 0.5250 0.8361 0.1593
vn 0.8542 -0.3811 0.3538
vn 0.5577 -0.7746 0.2981
vn 0.4838 0.8361 0.2586
vn 0.7687 -0.3811 0.5136
vn 0.4889 -0.7746 0.4012
vn 0.4241 0.8361 0.3480
vn 0.6537 -0.3811 0.6537
vn 0.4012 -0.7746 0.4889
vn 0.3480 0.8361 0.4241
vn 0.5136 -0.3811 0.7687
vn 0.2981 -0.7746 0.5577
vn 0.2586 0.8361 0.4838
vn 0.3538 -0.3811 0.8542
vn 0.1836 -0.7746 0.6052
vn 0.1592 0.8361 0.5250
vn 0.1804 -0.3811 0.9068
vn 0.0620 -0.7746 0.6294
vn 0.0538 0.8361 0.5460
vn -0.0000 -0.3811 0.9245
vn -0.0620 -0.7746 0.6294
vn -0.0538 0.8361 0.5460
vn -0.1804 -0.3811 0.9068
vn -0.1836 -0.7746 0.6052
vn -0.1593 0.8361 0.5250
vn -0.3538 -0.3811 0.8542
vn -0.2981 -0.7746 0.5577
vn -0.2586 0.8361 0.4838
vn -0.5136 -0.3811 0.7687
vn -0.4012 -0.7746 0.4889
vn -0.3480 0.8361 0.4241
vn -0.6537 -0.3811 0.6537
vn -0.4889 -0.7746 0.4012
vn -0.4241 0.8361 0.3480
vn -0.7687 -0.3811 0.5136
vn -0.5577 -0.7746 0.2981
vn -0.4838 0.8361 0.2586
vn -0.8542 -0.3811 0.3538
vn -0.6052 -0.7746 0.1836
vn -0.5250 0.8361 0.1592
vn -0.9068 -0.3811 0.1804
vn -0.6294 -0.7746 0.0620
vn -0.5460 0.8361 0.0538
vn -0.9245 -0.3811 -0.0000
vn -0.6294 -0.7746 -0.0620
vn -0.5460 0.8361 -0.0538
vn -0.9068 -0.3811 -0.1804
vn -0.6052 -0.7746 -0.1836
vn -0.5250 0.8361 -0.1593
vn -0.8542 -0.3811 -0.3538
vn -0.5577 -0.7746 -0.2981
vn -0.4838 0.8361 -0.2586
vn -0.7687 -0.3811 -0.5136
vn -0.4889 -0.7746 -0.4012
vn -0.4241 0.8361 -0.3480
vn -0.6537 -0.3811 -0.6537
vn -0.4012 -0.7746 -0.4889
vn -0.3480 0.8361 -0.4241
vn -0.5136 -0.3811 -0.7687
vn -0.2981 -0.7746 -0.5577
vn -0.2586 0.8361 -0.4838
vn -0.3538 -0.3811 -0.8542
vn -0.1836 -0.7746 -0.6052
vn -0.1592 0.8361 -0.5250
vn -0.1804 -0.3811 -0.9068
vn -0.0620 -0.7746 -0.6294
vn -0.0538 0.8361 -0.5460
vn -0.0000 -0.2676 -0.9635
vn 0.1947 -0.0614 -0.9789
vn 0.3820 -0.0614 -0.9221
vn 0.5545 -0.0614 -0.8299
vn 0.7058 -0.0614 -0.7058
vn 0.8299 -0.0614 -0.5545
vn 0.9221 -0.0614 -0.3820
vn 0.9789 -0.0614 -0.1947
vn 0.9981 -0.0614 -0.0000
vn 0.9789 -0.0614 0.1947
vn 0.9221 -0.0614 0.3820
vn 0.8299 -0.0614 0.5545
vn 0.7058 -0.0614 0.7058
vn 0.5545 -0.0614 0.8299
vn 0.3820 -0.0614 0.9221
vn 0.1947 -0.0614 0.9789
vn -0.0000 -0.0614 0.9981
vn -0.1947 -0.0614 0.9789
vn -0.3820 -0.0614 0.9221
vn -0.5545 -0.0614 0.8299
vn -0.7058 -0.0614 0.7058
vn -0.8299 -0.0614 0.5545
vn -0.9221 -0.0614 0.3820
vn -0.9789 -0.0614 0.1947
vn -0.9981 -0.0614 -0.0000
vn -0.9789 -0.0614 -0.1947
vn -0.9221 -0.0614 -0.3820
vn -0.8299 -0.0614 -0.5545
vn -0.7058 -0.0614 -0.7058
vn -0.5545 -0.0614 -0.8299
vn -0.3820 -0.0614 -0.9221
vn -0.1947 -0.0614 -0.9789
vn -0.2863 -0.1659 -0.9437
vn -0.0967 -0.1659 -0.9814
vn -0.4649 -0.1659 -0.8697
vn -0.6256 -0.1659 -0.7623
vn -0.7623 -0.1659 -0.6256
vn -0.8697 -0.1659 -0.4649
vn -0.9437 -0.1659 -0.2863
vn -0.9814 -0.1659 -0.0967
vn -0.9814 -0.1659 0.0967
vn -0.9437 -0.1659 0.2863
vn -0.8697 -0.1659 0.4649
vn -0.7623 -0.1659 0.6256
vn -0.6256 -0.1659 0.7623
vn -0.4649 -0.1659 0.8697
vn -0.2863 -0.1659 0.9437
vn -0.0967 -0.1659 0.9814
vn 0.0967 -0.1659 0.9814
vn 0.2863 -0.1659 0.9437
vn 0.4649 -0.1659 0.8697
vn 0.6256 -0.1659 0.7623
vn 0.7623 -0.1659 0.6256
vn 0.8697 -0.1659 0.4649
vn 0.9437 -0.1659 0.2863
vn 0.9814 -0.1659 0.0967
vn 0.9814 -0.1659 -0.0967
vn 0.9437 -0.1659 -0.2863
vn 0.8697 -0.1659 -0.4649
vn 0.7623 -0.1659 -0.6256
vn 0.6256 -0.1659 -0.7623
vn 0.4649 -0.1659 -0.8697
vn 0.2863 -0.1659 -0.9437
vn 0.0967 -0.1659 -0.9814
vn -0.0565 0.8174 0.5733
vn -0.1672 0.8174 0.5512
vn -0.2715 0.8174 0.5080
vn -0.3654 0.8174 0.4453
vn -0.4453 0.8174 0.3654
vn -0.5080 0.8174 0.2715
vn -0.5512 0.8174 0.1672
vn -0.5733 0.8174 0.0565
vn -0.5733 0.8174 -0.0565
vn -0.5512 0.8174 -0.1672
vn -0.5080 0.8174 -0.2715
vn -0.4453 0.8174 -0.3654
vn -0.3654 0.8174 -0.4453
vn -0.2715 0.8174 -0.5080
vn -0.1672 0.8174 -0.5512
vn -0.0565 0.8174 -0.5733
vn 0.0565 0.8174 -0.5733
vn 0.1672 0.8174 -0.5512
vn 0.2715 0.8174 -0.5080
vn 0.3654 0.8174 -0.4453
vn 0.4453 0.8174 -0.3654
vn 0.5080 0.8174 -0.2715
vn 0.5512 0.8174 -0.1672
vn 0.5733 0.8174 -0.0565
vn 0.5733 0.8174 0.0565
vn 0.5512 0.8174 0.1672
vn 0.5080 0.8174 0.2715
vn 0.4453 0.8174 0.3654
vn 0.3654 0.8174 0.4453
vn 0.2715 0.8174 0.5080
vn 0.1672 0.8174 0.5512
vn 0.0565 0.8174 0.5733
vn 0.0059 0.9995 0.0298
vn -0.0000 0.9995 0.0304
vn 0.0169 0.9995 0.0253
vn 0.0116 0.9995 0.0281
vn 0.0298 0.9995 -0.0059
vn 0.0304 0.9995 -0.0000
vn 0.0281 0.9995 0.0116
vn 0.0253 0.9995 0.0169
vn 0.0253 0.9995 -0.0169
vn 0.0281 0.9995 -0.0116
vn 0.0116 0.9995 -0.0281
vn 0.0169 0.9995 -0.0253
vn 0.0298 0.9995 0.0059
vn -0.0059 0.9995 -0.0298
vn -0.0000 0.9995 -0.0304
vn -0.0169 0.9995 -0.0253
vn -0.0116 0.9995 -0.0281
vn -0.0281 0.9995 -0.0116
vn -0.0253 0.9995 -0.0169
vn 0.0059 0.9995 -0.0298
vn -0.0298 0.9995 0.0059
vn -0.0304 0.9995 -0.0000
vn -0.0116 0.9995 0.0281
vn -0.0169 0.9995 0.0253
vn -0.0298 0.9995 -0.0059
vn -0.0253 0.9995 0.0169
vn -0.0281 0.9995 0.0116
vn -0.0059 0.9995 0.0298
vn 0.0215 0.9995 0.0215
vn 0.0215 0.9995 -0.0215
vn -0.0215 0.9995 -0.0215
vn -0.0215 0.9995 0.0215
vn -0.0969 0.1513 0.9837
vn -0.2869 0.1513 0.9459
vn -0.4660 0.1513 0.8718
vn -0.6271 0.1513 0.7641
vn -0.7641 0.1513 0.6271
vn -0.8718 0.1513 0.4660
vn -0.9459 0.1513 0.2869
vn -0.9837 0.1513 0.0969
vn -0.9837 0.1513 -0.0969
vn -0.9459 0.1513 -0.2869
vn -0.8718 0.1513 -0.4660
vn -0.7641 0.1513 -0.6271
vn -0.6271 0.1513 -0.7641
vn -0.4660 0.1513 -0.8718
vn -0.2869 0.1513 -0.9459
vn -0.0969 0.1513 -0.9837
vn 0.0969 0.1513 -0.9837
vn 0.2869 0.1513 -0.9459
vn 0.4660 0.1513 -0.8718
vn 0.6271 0.1513 -0.7641
vn 0.7641 0.1513 -0.6271
vn 0.8718 0.1513 -0.4660
vn 0.9459 0.1513 -0.2869
vn 0.9837 0.1513 -0.0969
vn 0.9837 0.1513 0.0969
vn 0.9459 0.1513 0.2869
vn 0.8718 0.1513 0.4660
vn 0.7641 0.1513 0.6271
vn 0.6271 0.1513 0.7641
vn 0.4660 0.1513 0.8718
vn 0.2869 0.1513 0.9459
vn 0.0969 0.1513 0.9837
vn 0.8299 0.0619 0.5545
vn 0.6839 0.2539 0.6839
vn 0.3819 0.0619 0.9221
vn 0.1887 0.2539 0.9486
vn -0.5545 0.0619 0.8299
vn -0.6839 0.2539 0.6839
vn 0.8299 0.0619 -0.5545
vn 0.8936 0.2539 -0.3701
vn -0.7058 0.0619 -0.7058
vn -0.5374 0.2539 -0.8042
vn -0.9221 0.0619 0.3820
vn -0.9486 0.2539 0.1887
vn -0.0000 0.2539 0.9672
vn -0.9672 0.2539 -0.0000
vn 0.9789 0.0619 0.1947
vn 0.8936 0.2539 0.3701
vn -0.0000 0.0619 -0.9981
vn 0.1887 0.2539 -0.9486
vn -0.1947 0.0619 0.9789
vn -0.3701 0.2539 0.8936
vn -0.9221 0.0619 -0.3820
vn -0.8042 0.2539 -0.5374
vn 0.5545 0.0619 0.8299
vn 0.7058 0.0619 -0.7058
vn -0.3820 0.0619 -0.9221
vn -0.1887 0.2539 -0.9486
vn -0.8299 0.0619 0.5545
vn 0.9981 0.0619 -0.0000
vn 0.3820 0.0619 -0.9221
vn 0.5374 0.2539 -0.8042
vn -0.9789 0.0619 -0.1947
vn 0.9486 0.2539 -0.1887
vn -0.0617 0.7771 0.6264
vn -0.1827 0.7771 0.6023
vn -0.2967 0.7771 0.5551
vn -0.3993 0.7771 0.4865
vn -0.4865 0.7771 0.3993
vn -0.5551 0.7771 0.2967
vn -0.6023 0.7771 0.1827
vn -0.6264 0.7771 0.0617
vn -0.6264 0.7771 -0.0617
vn -0.6023 0.7771 -0.1827
vn -0.5551 0.7771 -0.2967
vn -0.4865 0.7771 -0.3993
vn -0.3993 0.7771 -0.4865
vn -0.2967 0.7771 -0.5551
vn -0.1827 0.7771 -0.6023
vn -0.0617 0.7771 -0.6264
vn 0.0617 0.7771 -0.6264
vn 0.1827 0.7771 -0.6023
vn 0.2967 0.7771 -0.5551
vn 0.3993 0.7771 -0.4865
vn 0.4865 0.7771 -0.3993
vn 0.5551 0.7771 -0.2967
vn 0.6023 0.7771 -0.1827
vn 0.6264 0.7771 -0.0617
vn 0.6264 0.7771 0.0617
vn 0.6023 0.7771 0.1827
vn 0.5551 0.7771 0.2967
vn 0.4865 0.7771 0.3993
vn 0.3993 0.7771 0.4865
vn 0.2967 0.7771 0.5551
vn 0.1827 0.7771 0.6023
vn 0.0617 0.7771 0.6264
vn 0.5123 0.3870 0.7667
vn 0.3717 0.2376 0.8974
vn -0.7667 0.3870 -0.5123
vn -0.6869 0.2376 -0.6869
vn 0.6520 0.3870 -0.6520
vn 0.8077 0.2376 -0.5397
vn -0.7667 0.3870 0.5123
vn -0.8974 0.2376 0.3717
vn -0.3529 0.3870 -0.8519
vn -0.1895 0.2376 -0.9527
vn 0.9221 0.3870 -0.0000
vn 0.9527 0.2376 0.1895
vn -0.0000 0.2376 -0.9714
vn -0.0000 0.3870 0.9221
vn -0.1895 0.2376 0.9527
vn 0.3529 0.3870 -0.8519
vn 0.5397 0.2376 -0.8077
vn -0.9044 0.3870 -0.1799
vn -0.8974 0.2376 -0.3717
vn 0.6520 0.3870 0.6520
vn 0.8519 0.3870 -0.3529
vn 0.9527 0.2376 -0.1895
vn -0.5123 0.3870 -0.7667
vn -0.6520 0.3870 0.6520
vn 0.1799 0.3870 -0.9044
vn -0.9221 0.3870 -0.0000
vn 0.8519 0.3870 0.3529
vn 0.8077 0.2376 0.5397
vn -0.3529 0.3870 0.8519
vn -0.5397 0.2376 0.8077
vn 0.1895 0.2376 0.9527
vn -0.9527 0.2376 0.1895
vn -0.0000 -0.0614 -0.9981
vn 0.1880 0.2665 -0.9453
vn 0.3688 0.2665 -0.8905
vn 0.5355 0.2665 -0.8014
vn 0.6815 0.2665 -0.6815
vn 0.8014 0.2665 -0.5355
vn 0.8905 0.2665 -0.3688
vn 0.9453 0.2665 -0.1880
vn 0.9638 0.2665 -0.0000
vn 0.9453 0.2665 0.1880
vn 0.8905 0.2665 0.3688
vn 0.8014 0.2665 0.5355
vn 0.6815 0.2665 0.6815
vn 0.5355 0.2665 0.8014
vn 0.3688 0.2665 0.8905
vn 0.1880 0.2665 0.9453
vn -0.0000 0.2665 0.9638
vn -0.1880 0.2665 0.9453
vn -0.3688 0.2665 0.8905
vn -0.5355 0.2665 0.8014
vn -0.6815 0.2665 0.6815
vn -0.8014 0.2665 0.5355
vn -0.8905 0.2665 0.3688
vn -0.9453 0.2665 0.1880
vn -0.9638 0.2665 -0.0000
vn -0.9453 0.2665 -0.1880
vn -0.8905 0.2665 -0.3688
vn -0.8014 0.2665 -0.5355
vn -0.6815 0.2665 -0.6815
vn -0.5355 0.2665 -0.8014
vn -0.3688 0.2665 -0.8905
vn -0.1880 0.2665 -0.9453
vn -0.2903 -0.0031 -0.9569
vn -0.0980 -0.0031 -0.9952
vn -0.4714 -0.0031 -0.8819
vn -0.6344 -0.0031 -0.7730
vn -0.7730 -0.0031 -0.6344
vn -0.8819 -0.0031 -0.4714
vn -0.9569 -0.0031 -0.2903
vn -0.9952 -0.0031 -0.0980
vn -0.9952 -0.0031 0.0980
vn -0.9569 -0.0031 0.2903
vn -0.8819 -0.0031 0.4714
vn -0.7730 -0.0031 0.6344
vn -0.6344 -0.0031 0.7730
vn -0.4714 -0.0031 0.8819
vn -0.2903 -0.0031 0.9569
vn -0.0980 -0.0031 0.9952
vn 0.0980 -0.0031 0.9952
vn 0.2903 -0.0031 0.9569
vn 0.4714 -0.0031 0.8819
vn 0.6344 -0.0031 0.7730
vn 0.7730 -0.0031 0.6344
vn 0.8819 -0.0031 0.4714
vn 0.9569 -0.0031 0.2903
vn 0.9952 -0.0031 0.0980
vn 0.9952 -0.0031 -0.0980
vn 0.9569 -0.0031 -0.2903
vn 0.8819 -0.0031 -0.4714
vn 0.7730 -0.0031 -0.6344
vn 0.6344 -0.0031 -0.7730
vn 0.4714 -0.0031 -0.8819
vn 0.2903 -0.0031 -0.9569
vn 0.0980 -0.0031 -0.9952
vn 0.1880 -0.2676 -0.9450
vn 0.3687 -0.2676 -0.8902
vn 0.5353 -0.2676 -0.8012
vn 0.6813 -0.2676 -0.6813
vn 0.8012 -0.2676 -0.5353
vn 0.8902 -0.2676 -0.3687
vn 0.9450 -0.2676 -0.1880
vn 0.9635 -0.2676 -0.0000
vn 0.9450 -0.2676 0.1880
vn 0.8902 -0.2676 0.3687
vn 0.8012 -0.2676 0.5353
vn 0.6813 -0.2676 0.6813
vn 0.5353 -0.2676 0.8012
vn 0.3687 -0.2676 0.8902
vn 0.1880 -0.2676 0.9450
vn -0.0000 -0.2676 0.9635
vn -0.1880 -0.2676 0.9450
vn -0.3687 -0.2676 0.8902
vn -0.5353 -0.2676 0.8012
vn -0.6813 -0.2676 0.6813
vn -0.8012 -0.2676 0.5353
vn -0.8902 -0.2676 0.3687
vn -0.9450 -0.2676 0.1880
vn -0.9635 -0.2676 -0.0000
vn -0.9450 -0.2676 -0.1880
vn -0.8902 -0.2676 -0.3687
vn -0.8012 -0.2676 -0.5353
vn -0.6813 -0.2676 -0.6813
vn -0.5353 -0.2676 -0.8012
vn -0.3687 -0.2676 -0.8902
vn -0.1880 -0.2676 -0.9450
vn -0.0000 -0.3811 -0.9245
vn 0.0930 -0.3161 -0.9441
vn 0.2754 -0.3161 -0.9079
vn 0.4472 -0.3161 -0.8367
vn 0.6019 -0.3161 -0.7334
vn 0.7334 -0.3161 -0.6019
vn 0.8367 -0.3161 -0.4472
vn 0.9079 -0.3161 -0.2754
vn 0.9441 -0.3161 -0.0930
vn 0.9441 -0.3161 0.0930
vn 0.9079 -0.3161 0.2754
vn 0.8367 -0.3161 0.4472
vn 0.7334 -0.3161 0.6019
vn 0.6019 -0.3161 0.7334
vn 0.4472 -0.3161 0.8367
vn 0.2754 -0.3161 0.9079
vn 0.0930 -0.3161 0.9441
vn -0.0930 -0.3161 0.9441
vn -0.2754 -0.3161 0.9079
vn -0.4472 -0.3161 0.8367
vn -0.6019 -0.3161 0.7334
vn -0.7334 -0.3161 0.6019
vn -0.8367 -0.3161 0.4472
vn -0.9079 -0.3161 0.2754
vn -0.9441 -0.3161 0.0930
vn -0.9441 -0.3161 -0.0930
vn -0.9079 -0.3161 -0.2754
vn -0.8367 -0.3161 -0.4472
vn -0.7334 -0.3161 -0.6019
vn -0.6019 -0.3161 -0.7334
vn -0.4472 -0.3161 -0.8367
vn -0.0930 -0.3161 -0.9441
vn -0.2754 -0.3161 -0.9079
vn 0.8042 0.2539 0.5374
vn 0.7058 0.0619 0.7058
vn 0.3701 0.2539 0.8936
vn 0.1947 0.0619 0.9789
vn -0.5374 0.2539 0.8042
vn -0.7058 0.0619 0.7058
vn 0.8042 0.2539 -0.5374
vn 0.9221 0.0619 -0.3819
vn -0.6839 0.2539 -0.6839
vn -0.5545 0.0619 -0.8299
vn -0.8936 0.2539 0.3701
vn -0.9789 0.0619 0.1947
vn -0.0000 0.0619 0.9981
vn -0.9981 0.0619 -0.0000
vn 0.9486 0.2539 0.1887
vn 0.9221 0.0619 0.3820
vn -0.0000 0.2539 -0.9672
vn 0.1947 0.0619 -0.9789
vn -0.1887 0.2539 0.9486
vn -0.3820 0.0619 0.9221
vn -0.8936 0.2539 -0.3701
vn -0.8299 0.0619 -0.5545
vn 0.5374 0.2539 0.8042
vn 0.6839 0.2539 -0.6839
vn -0.3701 0.2539 -0.8936
vn -0.1947 0.0619 -0.9789
vn -0.8042 0.2539 0.5374
vn 0.9672 0.2539 -0.0000
vn 0.3701 0.2539 -0.8936
vn 0.5545 0.0619 -0.8299
vn -0.9486 0.2539 -0.1887
vn 0.9789 0.0619 -0.1947
vn -0.4712 0.0262 0.8816
vn 0.2902 0.0262 -0.9566
vn 0.8816 0.0262 0.4712
vn -0.9948 0.0262 -0.0980
vn 0.9948 0.0262 -0.0980
vn 0.9566 0.0262 -0.2902
vn -0.7727 0.0262 0.6342
vn -0.4712 0.0262 -0.8816
vn 0.6342 0.0262 -0.7727
vn 0.6342 0.0262 0.7727
vn -0.0980 0.0262 0.9948
vn -0.9566 0.0262 -0.2902
vn 0.4712 0.0262 -0.8816
vn -0.0980 0.0262 -0.9948
vn 0.9948 0.0262 0.0980
vn -0.8816 0.0262 0.4712
vn -0.2902 0.0262 -0.9566
vn -0.7727 0.0262 -0.6342
vn 0.7727 0.0262 -0.6342
vn 0.4712 0.0262 0.8816
vn -0.8816 0.0262 -0.4712
vn -0.2902 0.0262 0.9566
vn 0.0980 0.0262 -0.9948
vn 0.9566 0.0262 0.2902
vn -0.9948 0.0262 0.0980
vn 0.0980 0.0262 0.9948
vn -0.9566 0.0262 0.2902
vn -0.6342 0.0262 -0.7727
vn 0.8816 0.0262 -0.4712
vn -0.6342 0.0262 0.7727
vn 0.2902 0.0262 0.9566
vn 0.7727 0.0262 0.6342
vn 0.5397 0.2376 0.8077
vn 0.3529 0.3870 0.8519
vn -0.8077 0.2376 -0.5397
vn -0.6520 0.3870 -0.6520
vn 0.6869 0.2376 -0.6869
vn 0.7667 0.3870 -0.5123
vn -0.8077 0.2376 0.5397
vn -0.8519 0.3870 0.3529
vn -0.3717 0.2376 -0.8974
vn -0.1799 0.3870 -0.9044
vn 0.9714 0.2376 -0.0000
vn 0.9044 0.3870 0.1799
vn -0.0000 0.3870 -0.9221
vn -0.0000 0.2376 0.9714
vn -0.1799 0.3870 0.9044
vn 0.3717 0.2376 -0.8974
vn 0.5123 0.3870 -0.7667
vn -0.9527 0.2376 -0.1895
vn -0.8519 0.3870 -0.3529
vn 0.6869 0.2376 0.6869
vn 0.8974 0.2376 -0.3717
vn 0.9044 0.3870 -0.1799
vn -0.5397 0.2376 -0.8077
vn -0.6869 0.2376 0.6869
vn 0.1895 0.2376 -0.9527
vn -0.9714 0.2376 -0.0000
vn 0.8974 0.2376 0.3717
vn 0.7667 0.3870 0.5123
vn -0.3717 0.2376 0.8974
vn -0.5123 0.3870 0.7667
vn 0.1799 0.3870 0.9044
vn -0.9044 0.3870 0.1799
vn -0.8463 0.2813 -0.4524
vn -0.2786 0.2813 0.9183
vn 0.0941 0.2813 -0.9550
vn 0.9183 0.2813 0.2786
vn -0.9550 0.2813 0.0941
vn 0.0941 0.2813 0.9550
vn -0.9183 0.2813 0.2786
vn 0.8463 0.2813 -0.4524
vn -0.6088 0.2813 0.7418
vn -0.6088 0.2813 -0.7418
vn 0.2786 0.2813 0.9183
vn 0.7418 0.2813 0.6088
vn -0.4524 0.2813 0.8463
vn 0.8463 0.2813 0.4524
vn -0.9550 0.2813 -0.0941
vn 0.2786 0.2813 -0.9183
vn 0.9550 0.2813 -0.0941
vn -0.7418 0.2813 0.6088
vn -0.4524 0.2813 -0.8463
vn 0.9183 0.2813 -0.2786
vn 0.6088 0.2813 -0.7418
vn 0.6088 0.2813 0.7418
vn -0.9183 0.2813 -0.2786
vn 0.4524 0.2813 -0.8463
vn -0.0941 0.2813 0.9550
vn -0.0941 0.2813 -0.9550
vn 0.9550 0.2813 0.0941
vn -0.2786 0.2813 -0.9183
vn -0.8463 0.2813 0.4524
vn 0.7418 0.2813 -0.6088
vn -0.7418 0.2813 -0.6088
vn 0.4524 0.2813 0.8463
vn -0.0003 1.0000 0.0028
vn -0.0008 1.0000 0.0027
vn -0.0013 1.0000 0.0025
vn -0.0018 1.0000 0.0022
vn -0.0022 1.0000 0.0018
vn -0.0025 1.0000 0.0013
vn -0.0027 1.0000 0.0008
vn -0.0028 1.0000 0.0003
vn -0.0028 1.0000 -0.0003
vn -0.0027 1.0000 -0.0008
vn -0.0025 1.0000 -0.0013
vn -0.0022 1.0000 -0.0018
vn -0.0018 1.0000 -0.0022
vn -0.0013 1.0000 -0.0025
vn -0.0008 1.0000 -0.0027
vn -0.0003 1.0000 -0.0028
vn 0.0003 1.0000 -0.0028
vn 0.0008 1.0000 -0.0027
vn 0.0013 1.0000 -0.0025
vn 0.0018 1.0000 -0.0022
vn 0.0022 1.0000 -0.0018
vn 0.0025 1.0000 -0.0013
vn 0.0027 1.0000 -0.0008
vn 0.0028 1.0000 -0.0003
vn 0.0028 1.0000 0.0003
vn 0.0027 1.0000 0.0008
vn 0.0025 1.0000 0.0013
vn 0.0022 1.0000 0.0018
vn 0.0018 1.0000 0.0022
vn 0.0013 1.0000 0.0025
vn 0.0008 1.0000 0.0027
vn 0.0003 1.0000 0.0028
vn 0.0940 0.9911 0.0940
vn 0.0739 0.9911 0.1106
vn 0.0739 0.9911 -0.1106
vn 0.0940 0.9911 -0.0940
vn -0.0940 0.9911 0.0940
vn -0.1106 0.9911 0.0739
vn 0.1229 0.9911 -0.0509
vn 0.1304 0.9911 -0.0259
vn -0.0739 0.9911 -0.1106
vn -0.0509 0.9911 -0.1229
vn 0.1330 0.9911 -0.0000
vn 0.1229 0.9911 0.0509
vn 0.1106 0.9911 0.0739
vn 0.0259 0.9911 -0.1304
vn 0.0509 0.9911 -0.1229
vn -0.1330 0.9911 -0.0000
vn -0.1304 0.9911 -0.0259
vn -0.0509 0.9911 0.1229
vn -0.0739 0.9911 0.1106
vn 0.0509 0.9911 0.1229
vn 0.0259 0.9911 0.1304
vn 0.1106 0.9911 -0.0739
vn -0.0940 0.9911 -0.0940
vn -0.1229 0.9911 0.0509
vn -0.1304 0.9911 0.0259
vn -0.0000 0.9911 0.1330
vn -0.0000 0.9911 -0.1330
vn 0.1304 0.9911 0.0259
vn -0.1229 0.9911 -0.0509
vn -0.1106 0.9911 -0.0739
vn -0.0259 0.9911 0.1304
vn -0.0259 0.9911 -0.1304
vn 0.0001 -1.0000 -0.0015
vn 0.0004 -1.0000 -0.0015
vn 0.0007 -1.0000 -0.0014
vn 0.0010 -1.0000 -0.0012
vn 0.0012 -1.0000 -0.0010
vn 0.0014 -1.0000 -0.0007
vn 0.0015 -1.0000 -0.0004
vn 0.0015 -1.0000 -0.0002
vn 0.0015 -1.0000 0.0002
vn 0.0015 -1.0000 0.0004
vn 0.0014 -1.0000 0.0007
vn 0.0012 -1.0000 0.0010
vn 0.0010 -1.0000 0.0012
vn 0.0007 -1.0000 0.0014
vn 0.0004 -1.0000 0.0015
vn 0.0002 -1.0000 0.0015
vn -0.0002 -1.0000 0.0015
vn -0.0004 -1.0000 0.0015
vn -0.0007 -1.0000 0.0014
vn -0.0010 -1.0000 0.0012
vn -0.0012 -1.0000 0.0010
vn -0.0014 -1.0000 0.0007
vn -0.0015 -1.0000 0.0004
vn -0.0015 -1.0000 0.0001
vn -0.0015 -1.0000 -0.0002
vn -0.0015 -1.0000 -0.0004
vn -0.0014 -1.0000 -0.0007
vn -0.0012 -1.0000 -0.0010
vn -0.0010 -1.0000 -0.0012
vn -0.0007 -1.0000 -0.0014
vn -0.0004 -1.0000 -0.0015
vn -0.0002 -1.0000 -0.0015
vn 0.0197 -0.9949 -0.0992
vn -0.0000 -0.9949 -0.1011
vn -0.0197 -0.9949 -0.0992
vn -0.0387 -0.9949 -0.0934
vn -0.0562 -0.9949 -0.0841
vn -0.0715 -0.9949 -0.0715
vn -0.0934 -0.9949 -0.0387
vn -0.0992 -0.9949 -0.0197
vn -0.0992 -0.9949 0.0197
vn -0.0934 -0.9949 0.0387
vn -0.1011 -0.9949 -0.0000
vn 0.0197 -0.9949 0.0992
vn 0.0387 -0.9949 0.0934
vn -0.0841 -0.9949 0.0562
vn -0.0715 -0.9949 0.0715
vn -0.0387 -0.9949 0.0934
vn -0.0197 -0.9949 0.0992
vn 0.0992 -0.9949 -0.0197
vn 0.0934 -0.9949 -0.0387
vn 0.0562 -0.9949 0.0841
vn 0.0715 -0.9949 0.0715
vn 0.0934 -0.9949 0.0387
vn 0.0992 -0.9949 0.0197
vn -0.0000 -0.9949 0.1011
vn 0.0841 -0.9949 -0.0562
vn 0.0715 -0.9949 -0.0715
vn 0.0387 -0.9949 -0.0934
vn 0.1011 -0.9949 -0.0000
vn -0.0841 -0.9949 -0.0562
vn -0.0562 -0.9949 0.0841
vn 0.0841 -0.9949 0.0562
vn 0.0562 -0.9949 -0.0841
vn 0.0945 0.2665 -0.9592
vn 0.2798 0.2665 -0.9223
vn 0.4543 0.2665 -0.8500
vn 0.6114 0.2665 -0.7451
vn 0.7451 0.2665 -0.6114
vn 0.8500 0.2665 -0.4543
vn 0.9223 0.2665 -0.2798
vn 0.9592 0.2665 -0.0945
vn 0.9592 0.2665 0.0945
vn 0.9223 0.2665 0.2798
vn 0.8500 0.2665 0.4543
vn 0.7450 0.2665 0.6114
vn 0.6114 0.2665 0.7450
vn 0.4543 0.2665 0.8500
vn 0.2798 0.2665 0.9223
vn 0.0945 0.2665 0.9592
vn -0.0945 0.2665 0.9592
vn -0.2798 0.2665 0.9223
vn -0.4543 0.2665 0.8500
vn -0.6114 0.2665 0.7450
vn -0.7451 0.2665 0.6114
vn -0.8500 0.2665 0.4543
vn -0.9223 0.2665 0.2798
vn -0.9592 0.2665 0.0945
vn -0.9592 0.2665 -0.0945
vn -0.9223 0.2665 -0.2798
vn -0.8500 0.2665 -0.4543
vn -0.7450 0.2665 -0.6114
vn -0.6114 0.2665 -0.7451
vn -0.4543 0.2665 -0.8500
vn 0.0030 0.9995 0.0303
vn -0.0945 0.2665 -0.9592
vn -0.2798 0.2665 -0.9223
vn 0.0091 -0.9957 -0.0923
vn -0.2797 -0.2676 -0.9221
vn -0.0944 -0.2676 -0.9589
vn -0.4542 -0.2676 -0.8498
vn -0.6113 -0.2676 -0.7448
vn -0.7448 -0.2676 -0.6113
vn -0.8498 -0.2676 -0.4542
vn -0.9221 -0.2676 -0.2797
vn -0.9589 -0.2676 -0.0944
vn -0.9589 -0.2676 0.0944
vn -0.9221 -0.2676 0.2797
vn -0.8498 -0.2676 0.4542
vn -0.7448 -0.2676 0.6113
vn -0.6113 -0.2676 0.7448
vn -0.4542 -0.2676 0.8498
vn -0.2797 -0.2676 0.9221
vn -0.0944 -0.2676 0.9589
vn 0.0944 -0.2676 0.9589
vn 0.2797 -0.2676 0.9221
vn 0.4542 -0.2676 0.8498
vn 0.6113 -0.2676 0.7448
vn 0.7448 -0.2676 0.6113
vn 0.8498 -0.2676 0.4542
vn 0.9221 -0.2676 0.2797
vn 0.9589 -0.2676 0.0944
vn 0.9589 -0.2676 -0.0944
vn 0.9221 -0.2676 -0.2797
vn 0.8498 -0.2676 -0.4542
vn 0.7448 -0.2676 -0.6113
vn 0.6113 -0.2676 -0.7448
vn 0.4542 -0.2676 -0.8498
vn 0.2797 -0.2676 -0.9221
vn 0.0944 -0.2676 -0.9589
vn 0.7715 0.0619 0.6332
vn 0.0143 0.9995 0.0268
vn 0.0303 0.9995 -0.0030
vn 0.0268 0.9995 0.0143
vn 0.0268 0.9995 -0.0143
vn 0.0143 0.9995 -0.0268
vn 0.0303 0.9995 0.0030
vn -0.0030 0.9995 -0.0303
vn -0.0143 0.9995 -0.0268
vn -0.0268 0.9995 -0.0143
vn 0.0030 0.9995 -0.0303
vn -0.0303 0.9995 0.0030
vn -0.0143 0.9995 0.0268
vn -0.0303 0.9995 -0.0030
vn -0.0268 0.9995 0.0143
vn -0.0030 0.9995 0.0303
vn 0.0088 0.9995 0.0291
vn 0.0235 0.9995 0.0193
vn 0.0193 0.9995 0.0235
vn 0.0193 0.9995 -0.0235
vn 0.0291 0.9995 0.0088
vn 0.0291 0.9995 -0.0088
vn 0.0088 0.9995 -0.0291
vn -0.0088 0.9995 -0.0291
vn 0.0235 0.9995 -0.0193
vn -0.0235 0.9995 -0.0193
vn -0.0291 0.9995 0.0088
vn -0.0193 0.9995 -0.0235
vn -0.0193 0.9995 0.0235
vn -0.0291 0.9995 -0.0088
vn -0.0235 0.9995 0.0193
vn -0.0088 0.9995 0.0291
vn 0.4347 0.3870 0.8132
vn 0.2897 0.0619 0.9551
vn -0.6332 0.0619 0.7715
vn 0.8802 0.0619 -0.4705
vn -0.6332 0.0619 -0.7715
vn -0.9551 0.0619 0.2897
vn 0.0978 0.0619 0.9933
vn -0.9933 0.0619 0.0978
vn 0.9551 0.0619 0.2897
vn 0.0978 0.0619 -0.9933
vn -0.2897 0.0619 0.9551
vn -0.8802 0.0619 -0.4705
vn 0.4705 0.0619 0.8802
vn 0.7715 0.0619 -0.6332
vn -0.7715 0.0619 -0.6332
vn -0.2897 0.0619 -0.9551
vn -0.8802 0.0619 0.4705
vn 0.9933 0.0619 0.0978
vn -0.0978 0.0619 -0.9933
vn 0.4705 0.0619 -0.8802
vn -0.9551 0.0619 -0.2897
vn -0.0978 0.0619 0.9933
vn 0.6332 0.0619 0.7715
vn 0.6332 0.0619 -0.7715
vn -0.4705 0.0619 -0.8802
vn -0.7715 0.0619 0.6332
vn 0.9551 0.0619 -0.2897
vn 0.9933 0.0619 -0.0978
vn -0.9933 0.0619 -0.0978
vn 0.8802 0.0619 0.4705
vn 0.2897 0.0619 -0.9551
vn -0.4705 0.0619 0.8802
vn 0.0776 0.9925 0.0945
vn -0.7128 0.3870 -0.5850
vn 0.7128 0.3870 -0.5850
vn -0.8132 0.3870 0.4347
vn -0.2677 0.3870 -0.8824
vn 0.9176 0.3870 0.0904
vn -0.0904 0.3870 -0.9176
vn -0.0904 0.3870 0.9176
vn 0.4347 0.3870 -0.8132
vn -0.8824 0.3870 -0.2677
vn 0.5850 0.3870 0.7128
vn 0.5850 0.3870 -0.7128
vn 0.8824 0.3870 -0.2677
vn -0.4347 0.3870 -0.8132
vn -0.7128 0.3870 0.5850
vn 0.9176 0.3870 -0.0904
vn 0.2677 0.3870 -0.8824
vn -0.9176 0.3870 -0.0904
vn 0.8132 0.3870 0.4347
vn -0.4347 0.3870 0.8132
vn 0.7128 0.3870 0.5850
vn 0.2677 0.3870 0.8824
vn -0.5850 0.3870 -0.7128
vn -0.5850 0.3870 0.7128
vn 0.8132 0.3870 -0.4347
vn -0.8824 0.3870 0.2677
vn 0.0904 0.3870 0.9176
vn -0.9176 0.3870 0.0904
vn 0.8824 0.3870 0.2677
vn 0.0904 0.3870 -0.9176
vn -0.2677 0.3870 0.8824
vn -0.8132 0.3870 -0.4347
vn -0.2897 -0.0614 -0.9551
vn -0.0978 -0.0614 -0.9933
vn -0.4705 -0.0614 -0.8803
vn -0.6332 -0.0614 -0.7716
vn -0.7716 -0.0614 -0.6332
vn -0.8803 -0.0614 -0.4705
vn -0.9551 -0.0614 -0.2897
vn -0.9933 -0.0614 -0.0978
vn -0.9933 -0.0614 0.0978
vn -0.9551 -0.0614 0.2897
vn -0.8803 -0.0614 0.4705
vn -0.7716 -0.0614 0.6332
vn -0.6332 -0.0614 0.7716
vn -0.4705 -0.0614 0.8803
vn -0.2897 -0.0614 0.9551
vn -0.0978 -0.0614 0.9933
vn 0.0978 -0.0614 0.9933
vn 0.2897 -0.0614 0.9551
vn 0.4705 -0.0614 0.8803
vn 0.6332 -0.0614 0.7716
vn 0.7716 -0.0614 0.6332
vn 0.8803 -0.0614 0.4705
vn 0.9551 -0.0614 0.2897
vn 0.9933 -0.0614 0.0978
vn 0.9933 -0.0614 -0.0978
vn 0.9551 -0.0614 -0.2897
vn 0.8803 -0.0614 -0.4705
vn 0.7716 -0.0614 -0.6332
vn 0.6332 -0.0614 -0.7716
vn 0.4705 -0.0614 -0.8803
vn 0.2897 -0.0614 -0.9551
vn 0.0978 -0.0614 -0.9933
vn 0.0906 -0.3811 -0.9201
vn 0.2684 -0.3811 -0.8847
vn 0.4358 -0.3811 -0.8154
vn 0.5865 -0.3811 -0.7147
vn 0.7147 -0.3811 -0.5865
vn 0.8154 -0.3811 -0.4358
vn 0.8847 -0.3811 -0.2684
vn 0.9201 -0.3811 -0.0906
vn 0.9201 -0.3811 0.0906
vn 0.8847 -0.3811 0.2684
vn 0.8154 -0.3811 0.4358
vn 0.7147 -0.3811 0.5865
vn 0.5865 -0.3811 0.7147
vn 0.4358 -0.3811 0.8154
vn 0.2684 -0.3811 0.8847
vn 0.0906 -0.3811 0.9201
vn -0.0906 -0.3811 0.9201
vn -0.2684 -0.3811 0.8847
vn -0.4358 -0.3811 0.8154
vn -0.5865 -0.3811 0.7147
vn -0.7147 -0.3811 0.5865
vn -0.8154 -0.3811 0.4358
vn -0.8847 -0.3811 0.2684
vn -0.9201 -0.3811 0.0906
vn -0.9201 -0.3811 -0.0906
vn -0.8847 -0.3811 -0.2684
vn -0.8154 -0.3811 -0.4358
vn -0.7147 -0.3811 -0.5865
vn -0.5865 -0.3811 -0.7147
vn -0.4358 -0.3811 -0.8154
vn -0.0906 -0.3811 -0.9201
vn -0.2684 -0.3811 -0.8847
vn -0.4559 0.2539 0.8530
vn 0.2808 0.2539 -0.9256
vn 0.8530 0.2539 0.4560
vn -0.9626 0.2539 -0.0948
vn 0.9626 0.2539 -0.0948
vn 0.9256 0.2539 -0.2808
vn -0.7477 0.2539 0.6136
vn -0.4559 0.2539 -0.8530
vn 0.6136 0.2539 -0.7477
vn 0.6136 0.2539 0.7477
vn -0.0948 0.2539 0.9626
vn -0.9256 0.2539 -0.2808
vn 0.4559 0.2539 -0.8530
vn -0.0948 0.2539 -0.9626
vn 0.9626 0.2539 0.0948
vn -0.8530 0.2539 0.4559
vn -0.2808 0.2539 -0.9256
vn -0.7477 0.2539 -0.6136
vn 0.7477 0.2539 -0.6136
vn 0.4559 0.2539 0.8530
vn -0.8530 0.2539 -0.4559
vn -0.2808 0.2539 0.9256
vn 0.0948 0.2539 -0.9626
vn 0.9256 0.2539 0.2808
vn -0.9626 0.2539 0.0948
vn 0.0948 0.2539 0.9626
vn -0.9256 0.2539 0.2808
vn -0.6136 0.2539 -0.7477
vn 0.8530 0.2539 -0.4559
vn -0.6136 0.2539 0.7477
vn 0.2808 0.2539 0.9256
vn 0.7477 0.2539 0.6136
vn -0.8567 0.2376 -0.4579
vn -0.2820 0.2376 0.9295
vn 0.0952 0.2376 -0.9667
vn 0.9295 0.2376 0.2820
vn -0.9667 0.2376 0.0952
vn 0.0952 0.2376 0.9667
vn -0.9295 0.2376 0.2820
vn 0.8567 0.2376 -0.4579
vn -0.6162 0.2376 0.7509
vn -0.6162 0.2376 -0.7509
vn 0.2820 0.2376 0.9295
vn 0.7509 0.2376 0.6162
vn -0.4579 0.2376 0.8567
vn 0.8567 0.2376 0.4579
vn -0.9667 0.2376 -0.0952
vn 0.2820 0.2376 -0.9295
vn 0.9667 0.2376 -0.0952
vn -0.7509 0.2376 0.6162
vn -0.4579 0.2376 -0.8567
vn 0.9295 0.2376 -0.2820
vn 0.6162 0.2376 -0.7509
vn 0.6162 0.2376 0.7509
vn -0.9295 0.2376 -0.2820
vn 0.4579 0.2376 -0.8567
vn -0.0952 0.2376 0.9667
vn -0.0952 0.2376 -0.9667
vn 0.9667 0.2376 0.0952
vn -0.2820 0.2376 -0.9295
vn -0.8567 0.2376 0.4579
vn 0.7509 0.2376 -0.6162
vn -0.7509 0.2376 -0.6162
vn 0.4579 0.2376 0.8567
vn -0.0000 1.0000 -0.0000
vn 0.0776 0.9925 -0.0945
vn -0.0945 0.9925 0.0776
vn 0.1170 0.9925 -0.0355
vn -0.0577 0.9925 -0.1079
vn 0.1217 0.9925 -0.0120
vn 0.1079 0.9925 0.0577
vn 0.0355 0.9925 -0.1170
vn -0.1217 0.9925 -0.0120
vn -0.0577 0.9925 0.1079
vn 0.0945 0.9925 0.0776
vn 0.0355 0.9925 0.1170
vn 0.1079 0.9925 -0.0577
vn -0.0776 0.9925 -0.0945
vn -0.0776 0.9925 0.0945
vn -0.1170 0.9925 0.0355
vn 0.0120 0.9925 0.1217
vn 0.0120 0.9925 -0.1217
vn -0.1217 0.9925 0.0120
vn 0.1170 0.9925 0.0355
vn -0.1079 0.9925 -0.0577
vn -0.0355 0.9925 0.1170
vn 0.0577 0.9925 0.1079
vn -0.0945 0.9925 -0.0776
vn 0.0945 0.9925 -0.0776
vn -0.1079 0.9925 0.0577
vn -0.0355 0.9925 -0.1170
vn 0.1217 0.9925 0.0120
vn -0.0120 0.9925 -0.1217
vn -0.0120 0.9925 0.1217
vn 0.0577 0.9925 -0.1079
vn -0.1170 0.9925 -0.0355
vn -0.0000 -1.0000 -0.0000
vn -0.0269 -0.9957 -0.0887
vn -0.0091 -0.9957 -0.0923
vn -0.0588 -0.9957 -0.0717
vn -0.0887 -0.9957 -0.0269
vn -0.0887 -0.9957 0.0269
vn -0.0923 -0.9957 0.0091
vn 0.0269 -0.9957 0.0887
vn -0.0717 -0.9957 0.0588
vn -0.0269 -0.9957 0.0887
vn 0.0887 -0.9957 -0.0269
vn 0.0588 -0.9957 0.0717
vn 0.0887 -0.9957 0.0269
vn 0.0091 -0.9957 0.0923
vn 0.0717 -0.9957 -0.0588
vn 0.0269 -0.9957 -0.0887
vn 0.0923 -0.9957 -0.0091
vn -0.0437 -0.9957 -0.0818
vn -0.0818 -0.9957 -0.0437
vn -0.0818 -0.9957 0.0437
vn -0.0717 -0.9957 -0.0588
vn -0.0437 -0.9957 0.0818
vn -0.0923 -0.9957 -0.0091
vn -0.0588 -0.9957 0.0717
vn 0.0818 -0.9957 0.0437
vn -0.0091 -0.9957 0.0923
vn 0.0437 -0.9957 0.0818
vn 0.0923 -0.9957 0.0091
vn 0.0818 -0.9957 -0.0437
vn 0.0717 -0.9957 0.0588
vn 0.0437 -0.9957 -0.0818
vn 0.0588 -0.9957 -0.0717
s 1
f 193//193 387//387 1121//1121 800//800
f 387//387 2//2 386//386 1121//1121
f 1121//1121 386//386 4//4 738//738
f 800//800 1121//1121 738//738 194//194
f 194//194 738//738 1122//1122 799//799
f 738//738 4//4 390//390 1122//1122
f 1122//1122 390//390 6//6 739//739
f 799//799 1122//1122 739//739 195//195
f 195//195 739//739 1123//1123 798//798
f 739//739 6//6 393//393 1123//1123
f 1123//1123 393//393 8//8 740//740
f 798//798 1123//1123 740//740 196//196
f 196//196 740//740 1124//1124 797//797
f 740//740 8//8 396//396 1124//1124
f 1124//1124 396//396 10//10 741//741
f 797//797 1124//1124 741//741 197//197
f 197//197 741//741 1125//1125 796//796
f 741//741 10//10 399//399 1125//1125
f 1125//1125 399//399 12//12 742//742
f 796//796 1125//1125 742//742 198//198
f 198//198 742//742 1126//1126 795//795
f 742//742 12//12 402//402 1126//1126
f 1126//1126 402//402 14//14 743//743
f 795//795 1126//1126 743//743 199//199
f 199//199 743//743 1127//1127 794//794
f 743//743 14//14 405//405 1127//1127
f 1127//1127 405//405 16//16 744//744
f 794//794 1127//1127 744//744 200//200
f 200//200 744//744 1128//1128 793//793
f 744//744 16//16 408//408 1128//1128
f 1128//1128 408//408 18//18 745//745
f 793//793 1128//1128 745//745 201//201
f 201//201 745//745 1129//1129 792//792
f 745//745 18//18 411//411 1129//1129
f 1129//1129 411//411 20//20 746//746
f 792//792 1129//1129 746//746 202//202
f 202//202 746//746 1130//1130 791//791
f 746//746 20//20 414//414 1130//1130
f 1130//1130 414//414 22//22 747//747
f 791//791 1130//1130 747//747 203//203
f 203//203 747//747 1131//1131 790//790
f 747//747 22//22 417//417 1131//1131
f 1131//1131 417//417 24//24 748//748
f 790//790 1131//1131 748//748 204//204
f 204//204 748//748 1132//1132 789//789
f 748//748 24//24 420//420 1132//1132
f 1132//1132 420//420 26//26 749//749
f 789//789 1132//1132 749//749 205//205
f 205//205 749//749 1133//1133 788//788
f 749//749 26//26 423//423 1133//1133
f 1133//1133 423//423 28//28 750//750
f 788//788 1133//1133 750//750 206//206
f 206//206 750//750 1134//1134 787//787
f 750//750 28//28 426//426 1134//1134
f 1134//1134 426//426 30//30 751//751
f 787//787 1134//1134 751//751 207//207
f 207//207 751//751 1135//1135 786//786
f 751//751 30//30 429//429 1135//1135
f 1135//1135 429//429 32//32 752//752
f 786//786 1135//1135 752//752 208//208
f 208//208 752//752 1136//1136 785//785
f 752//752 32//32 432//432 1136//1136
f 1136//1136 432//432 34//34 753//753
f 785//785 1136//1136 753//753 209//209
f 209//209 753//753 1137//1137 784//784
f 753//753 34//34 435//435 1137//1137
f 1137//1137 435//435 36//36 754//754
f 784//784 1137//1137 754//754 210//210
f 210//210 754//754 1138//1138 783//783
f 754//754 36//36 438//438 1138//1138
f 1138//1138 438//438 38//38 755//755
f 783//783 1138//1138 755//755 211//211
f 211//211 755//755 1139//1139 782//782
f 755//755 38//38 441//441 1139//1139
f 1139//1139 441//441 40//40 756//756
f 782//782 1139//1139 756//756 212//212
f 212//212 756//756 1140//1140 781//781
f 756//756 40//40 444//444 1140//1140
f 1140//1140 444//444 42//42 757//757
f 781//781 1140//1140 757//757 213//213
f 213//213 757//757 1141//1141 780//780
f 757//757 42//42 447//447 1141//1141
f 1141//1141 447//447 44//44 758//758
f 780//780 1141//1141 758//758 214//214
f 214//214 758//758 1142//1142 779//779
f 758//758 44//44 450//450 1142//1142
f 1142//1142 450//450 46//46 759//759
f 779//779 1142//1142 759//759 215//215
f 215//215 759//759 1143//1143 778//778
f 759//759 46//46 453//453 1143//1143
f 1143//1143 453//453 48//48 760//760
f 778//778 1143//1143 760//760 216//216
f 216//216 760//760 1144//1144 777//777
f 760//760 48//48 456//456 1144//1144
f 1144//1144 456//456 50//50 761//761
f 777//777 1144//1144 761//761 217//217
f 217//217 761//761 1145//1145 776//776
f 761//761 50//50 459//459 1145//1145
f 1145//1145 459//459 52//52 762//762
f 776//776 1145//1145 762//762 218//218
f 218//218 762//762 1146//1146 775//775
f 762//762 52//52 462//462 1146//1146
f 1146//1146 462//462 54//54 763//763
f 775//775 1146//1146 763//763 219//219
f 219//219 763//763 1147//1147 774//774
f 763//763 54//54 465//465 1147//1147
f 1147//1147 465//465 56//56 764//764
f 774//774 1147//1147 764//764 220//220
f 220//220 764//764 1148//1148 773//773
f 764//764 56//56 468//468 1148//1148
f 1148//1148 468//468 58//58 765//765
f 773//773 1148//1148 765//765 221//221
f 221//221 765//765 1149//1149 772//772
f 765//765 58//58 471//471 1149//1149
f 1149//1149 471//471 60//60 766//766
f 772//772 1149//1149 766//766 222//222
f 222//222 766//766 1150//1150 771//771
f 766//766 60//60 474//474 1150//1150
f 1150//1150 474//474 62//62 767//767
f 771//771 1150//1150 767//767 223//223
f 2//2 480//480 1151//1151 578//578
f 480//480 64//64 577//577 1151//1151
f 1151//1151 577//577 128//128 576//576
f 578//578 1151//1151 576//576 98//98
f 224//224 768//768 1152//1152 770//770
f 768//768 64//64 480//480 1152//1152
f 1152//1152 480//480 2//2 387//387
f 770//770 1152//1152 387//387 193//193
f 223//223 767//767 1153//1153 769//769
f 767//767 62//62 477//477 1153//1153
f 1153//1153 477//477 64//64 768//768
f 769//769 1153//1153 768//768 224//224
f 1//1 385//385 1154//1154 1090//1090
f 385//385 3//3 1089//1089 1154//1154
f 1154//1154 1089//1089 354//354 1057//1057
f 1090//1090 1154//1154 1057//1057 353//353
f 254//254 830//830 1155//1155 864//864
f 830//830 95//95 513//513 1155//1155
f 1155//1155 513//513 96//96 831//831
f 864//864 1155//1155 831//831 255//255
f 255//255 831//831 1156//1156 863//863
f 831//831 96//96 514//514 1156//1156
f 1156//1156 514//514 65//65 481//481
f 863//863 1156//1156 481//481 256//256
f 253//253 829//829 1157//1157 862//862
f 829//829 94//94 515//515 1157//1157
f 1157//1157 515//515 95//95 830//830
f 862//862 1157//1157 830//830 254//254
f 252//252 828//828 1158//1158 861//861
f 828//828 93//93 516//516 1158//1158
f 1158//1158 516//516 94//94 829//829
f 861//861 1158//1158 829//829 253//253
f 251//251 827//827 1159//1159 860//860
f 827//827 92//92 517//517 1159//1159
f 1159//1159 517//517 93//93 828//828
f 860//860 1159//1159 828//828 252//252
f 250//250 826//826 1160//1160 859//859
f 826//826 91//91 518//518 1160//1160
f 1160//1160 518//518 92//92 827//827
f 859//859 1160//1160 827//827 251//251
f 249//249 825//825 1161//1161 858//858
f 825//825 90//90 519//519 1161//1161
f 1161//1161 519//519 91//91 826//826
f 858//858 1161//1161 826//826 250//250
f 248//248 824//824 1162//1162 857//857
f 824//824 89//89 520//520 1162//1162
f 1162//1162 520//520 90//90 825//825
f 857//857 1162//1162 825//825 249//249
f 247//247 823//823 1163//1163 856//856
f 823//823 88//88 521//521 1163//1163
f 1163//1163 521//521 89//89 824//824
f 856//856 1163//1163 824//824 248//248
f 246//246 822//822 1164//1164 855//855
f 822//822 87//87 522//522 1164//1164
f 1164//1164 522//522 88//88 823//823
f 855//855 1164//1164 823//823 247//247
f 245//245 821//821 1165//1165 854//854
f 821//821 86//86 523//523 1165//1165
f 1165//1165 523//523 87//87 822//822
f 854//854 1165//1165 822//822 246//246
f 244//244 820//820 1166//1166 853//853
f 820//820 85//85 524//524 1166//1166
f 1166//1166 524//524 86//86 821//821
f 853//853 1166//1166 821//821 245//245
f 243//243 819//819 1167//1167 852//852
f 819//819 84//84 525//525 1167//1167
f 1167//1167 525//525 85//85 820//820
f 852//852 1167//1167 820//820 244//244
f 242//242 818//818 1168//1168 851//851
f 818//818 83//83 526//526 1168//1168
f 1168//1168 526//526 84//84 819//819
f 851//851 1168//1168 819//819 243//243
f 241//241 817//817 1169//1169 850//850
f 817//817 82//82 527//527 1169//1169
f 1169//1169 527//527 83//83 818//818
f 850//850 1169//1169 818//818 242//242
f 240//240 816//816 1170//1170 849//849
f 816//816 81//81 528//528 1170//1170
f 1170//1170 528//528 82//82 817//817
f 849//849 1170//1170 817//817 241//241
f 239//239 815//815 1171//1171 848//848
f 815//815 80//80 529//529 1171//1171
f 1171//1171 529//529 81//81 816//816
f 848//848 1171//1171 816//816 240//240
f 238//238 814//814 1172//1172 847//847
f 814//814 79//79 530//530 1172//1172
f 1172//1172 530//530 80//80 815//815
f 847//847 1172//1172 815//815 239//239
f 237//237 813//813 1173//1173 846//846
f 813//813 78//78 531//531 1173//1173
f 1173//1173 531//531 79//79 814//814
f 846//846 1173//1173 814//814 238//238
f 236//236 812//812 1174//1174 845//845
f 812//812 77//77 532//532 1174//1174
f 1174//1174 532//532 78//78 813//813
f 845//845 1174//1174 813//813 237//237
f 235//235 811//811 1175//1175 844//844
f 811//811 76//76 533//533 1175//1175
f 1175//1175 533//533 77//77 812//812
f 844//844 1175//1175 812//812 236//236
f 234//234 810//810 1176//1176 843//843
f 810//810 75//75 534//534 1176//1176
f 1176//1176 534//534 76//76 811//811
f 843//843 1176//1176 811//811 235//235
f 233//233 809//809 1177//1177 842//842
f 809//809 74//74 535//535 1177//1177
f 1177//1177 535//535 75//75 810//810
f 842//842 1177//1177 810//810 234//234
f 232//232 808//808 1178//1178 841//841
f 808//808 73//73 536//536 1178//1178
f 1178//1178 536//536 74//74 809//809
f 841//841 1178//1178 809//809 233//233
f 231//231 807//807 1179//1179 840//840
f 807//807 72//72 537//537 1179//1179
f 1179//1179 537//537 73//73 808//808
f 840//840 1179//1179 808//808 232//232
f 230//230 806//806 1180//1180 839//839
f 806//806 71//71 538//538 1180//1180
f 1180//1180 538//538 72//72 807//807
f 839//839 1180//1180 807//807 231//231
f 229//229 805//805 1181//1181 838//838
f 805//805 70//70 539//539 1181//1181
f 1181//1181 539//539 71//71 806//806
f 838//838 1181//1181 806//806 230//230
f 228//228 804//804 1182//1182 837//837
f 804//804 69//69 540//540 1182//1182
f 1182//1182 540//540 70//70 805//805
f 837//837 1182//1182 805//805 229//229
f 227//227 803//803 1183//1183 836//836
f 803//803 68//68 541//541 1183//1183
f 1183//1183 541//541 69//69 804//804
f 836//836 1183//1183 804//804 228//228
f 226//226 802//802 1184//1184 835//835
f 802//802 67//67 542//542 1184//1184
f 1184//1184 542//542 68//68 803//803
f 835//835 1184//1184 803//803 227//227
f 225//225 801//801 1185//1185 834//834
f 801//801 66//66 543//543 1185//1185
f 1185//1185 543//543 67//67 802//802
f 834//834 1185//1185 802//802 226//226
f 256//256 481//481 1186//1186 833//833
f 481//481 65//65 544//544 1186//1186
f 1186//1186 544//544 66//66 801//801
f 833//833 1186//1186 801//801 225//225
f 258//258 928//928 1187//1187 866//866
f 928//928 257//257 641//641 1187//1187
f 1187//1187 641//641 156//156 636//636
f 866//866 1187//1187 636//636 157//157
f 62//62 474//474 1188//1188 580//580
f 474//474 60//60 579//579 1188//1188
f 1188//1188 579//579 126//126 574//574
f 580//580 1188//1188 574//574 127//127
f 50//50 456//456 1189//1189 582//582
f 456//456 48//48 581//581 1189//1189
f 1189//1189 581//581 120//120 568//568
f 582//582 1189//1189 568//568 121//121
f 56//56 465//465 1190//1190 584//584
f 465//465 54//54 583//583 1190//1190
f 1190//1190 583//583 123//123 571//571
f 584//584 1190//1190 571//571 124//124
f 46//46 450//450 1191//1191 586//586
f 450//450 44//44 585//585 1191//1191
f 1191//1191 585//585 118//118 566//566
f 586//586 1191//1191 566//566 119//119
f 40//40 441//441 1192//1192 588//588
f 441//441 38//38 587//587 1192//1192
f 1192//1192 587//587 115//115 563//563
f 588//588 1192//1192 563//563 116//116
f 52//52 459//459 1193//1193 589//589
f 459//459 50//50 582//582 1193//1193
f 1193//1193 582//582 121//121 569//569
f 589//589 1193//1193 569//569 122//122
f 34//34 432//432 1194//1194 591//591
f 432//432 32//32 590//590 1194//1194
f 1194//1194 590//590 112//112 560//560
f 591//591 1194//1194 560//560 113//113
f 30//30 426//426 1195//1195 593//593
f 426//426 28//28 592//592 1195//1195
f 1195//1195 592//592 110//110 558//558
f 593//593 1195//1195 558//558 111//111
f 24//24 417//417 1196//1196 595//595
f 417//417 22//22 594//594 1196//1196
f 1196//1196 594//594 107//107 555//555
f 595//595 1196//1196 555//555 108//108
f 36//36 435//435 1197//1197 596//596
f 435//435 34//34 591//591 1197//1197
f 1197//1197 591//591 113//113 561//561
f 596//596 1197//1197 561//561 114//114
f 18//18 408//408 1198//1198 598//598
f 408//408 16//16 597//597 1198//1198
f 1198//1198 597//597 104//104 552//552
f 598//598 1198//1198 552//552 105//105
f 8//8 393//393 1199//1199 600//600
f 393//393 6//6 599//599 1199//1199
f 1199//1199 599//599 99//99 547//547
f 600//600 1199//1199 547//547 100//100
f 20//20 411//411 1200//1200 601//601
f 411//411 18//18 598//598 1200//1200
f 1200//1200 598//598 105//105 553//553
f 601//601 1200//1200 553//553 106//106
f 14//14 402//402 1201//1201 603//603
f 402//402 12//12 602//602 1201//1201
f 1201//1201 602//602 102//102 550//550
f 603//603 1201//1201 550//550 103//103
f 4//4 386//386 1202//1202 604//604
f 386//386 2//2 578//578 1202//1202
f 1202//1202 578//578 98//98 545//545
f 604//604 1202//1202 545//545 97//97
f 64//64 477//477 1203//1203 577//577
f 477//477 62//62 580//580 1203//1203
f 1203//1203 580//580 127//127 575//575
f 577//577 1203//1203 575//575 128//128
f 58//58 468//468 1204//1204 605//605
f 468//468 56//56 584//584 1204//1204
f 1204//1204 584//584 124//124 572//572
f 605//605 1204//1204 572//572 125//125
f 60//60 471//471 1205//1205 579//579
f 471//471 58//58 605//605 1205//1205
f 1205//1205 605//605 125//125 573//573
f 579//579 1205//1205 573//573 126//126
f 42//42 444//444 1206//1206 606//606
f 444//444 40//40 588//588 1206//1206
f 1206//1206 588//588 116//116 564//564
f 606//606 1206//1206 564//564 117//117
f 54//54 462//462 1207//1207 583//583
f 462//462 52//52 589//589 1207//1207
f 1207//1207 589//589 122//122 570//570
f 583//583 1207//1207 570//570 123//123
f 48//48 453//453 1208//1208 581//581
f 453//453 46//46 586//586 1208//1208
f 1208//1208 586//586 119//119 567//567
f 581//581 1208//1208 567//567 120//120
f 38//38 438//438 1209//1209 587//587
f 438//438 36//36 596//596 1209//1209
f 1209//1209 596//596 114//114 562//562
f 587//587 1209//1209 562//562 115//115
f 32//32 429//429 1210//1210 590//590
f 429//429 30//30 593//593 1210//1210
f 1210//1210 593//593 111//111 559//559
f 590//590 1210//1210 559//559 112//112
f 44//44 447//447 1211//1211 585//585
f 447//447 42//42 606//606 1211//1211
f 1211//1211 606//606 117//117 565//565
f 585//585 1211//1211 565//565 118//118
f 26//26 420//420 1212//1212 607//607
f 420//420 24//24 595//595 1212//1212
f 1212//1212 595//595 108//108 556//556
f 607//607 1212//1212 556//556 109//109
f 16//16 405//405 1213//1213 597//597
f 405//405 14//14 603//603 1213//1213
f 1213//1213 603//603 103//103 551//551
f 597//597 1213//1213 551//551 104//104
f 28//28 423//423 1214//1214 592//592
f 423//423 26//26 607//607 1214//1214
f 1214//1214 607//607 109//109 557//557
f 592//592 1214//1214 557//557 110//110
f 10//10 396//396 1215//1215 608//608
f 396//396 8//8 600//600 1215//1215
f 1215//1215 600//600 100//100 548//548
f 608//608 1215//1215 548//548 101//101
f 22//22 414//414 1216//1216 594//594
f 414//414 20//20 601//601 1216//1216
f 1216//1216 601//601 106//106 554//554
f 594//594 1216//1216 554//554 107//107
f 12//12 399//399 1217//1217 602//602
f 399//399 10//10 608//608 1217//1217
f 1217//1217 608//608 101//101 549//549
f 602//602 1217//1217 549//549 102//102
f 6//6 390//390 1218//1218 599//599
f 390//390 4//4 604//604 1218//1218
f 1218//1218 604//604 97//97 546//546
f 599//599 1218//1218 546//546 99//99
f 290//290 992//992 1219//1219 930//930
f 992//992 289//289 705//705 1219//1219
f 1219//1219 705//705 190//190 702//702
f 930//930 1219//1219 702//702 191//191
f 260//260 927//927 1220//1220 868//868
f 927//927 259//259 643//643 1220//1220
f 1220//1220 643//643 159//159 639//639
f 868//868 1220//1220 639//639 160//160
f 262//262 926//926 1221//1221 870//870
f 926//926 261//261 645//645 1221//1221
f 1221//1221 645//645 132//132 612//612
f 870//870 1221//1221 612//612 133//133
f 264//264 925//925 1222//1222 872//872
f 925//925 263//263 647//647 1222//1222
f 1222//1222 647//647 150//150 630//630
f 872//872 1222//1222 630//630 151//151
f 266//266 924//924 1223//1223 874//874
f 924//924 265//265 649//649 1223//1223
f 1223//1223 649//649 141//141 621//621
f 874//874 1223//1223 621//621 142//142
f 268//268 923//923 1224//1224 876//876
f 923//923 267//267 651//651 1224//1224
f 1224//1224 651//651 135//135 615//615
f 876//876 1224//1224 615//615 136//136
f 269//269 922//922 1225//1225 877//877
f 922//922 260//260 868//868 1225//1225
f 1225//1225 868//868 160//160 640//640
f 877//877 1225//1225 640//640 130//130
f 270//270 921//921 1226//1226 878//878
f 921//921 268//268 876//876 1226//1226
f 1226//1226 876//876 136//136 616//616
f 878//878 1226//1226 616//616 137//137
f 272//272 920//920 1227//1227 880//880
f 920//920 271//271 655//655 1227//1227
f 1227//1227 655//655 154//154 634//634
f 880//880 1227//1227 634//634 155//155
f 274//274 919//919 1228//1228 882//882
f 919//919 273//273 657//657 1228//1228
f 1228//1228 657//657 145//145 625//625
f 882//882 1228//1228 625//625 146//146
f 276//276 918//918 1229//1229 884//884
f 918//918 275//275 659//659 1229//1229
f 1229//1229 659//659 129//129 610//610
f 884//884 1229//1229 610//610 131//131
f 278//278 917//917 1230//1230 886//886
f 917//917 277//277 661//661 1230//1230
f 1230//1230 661//661 139//139 619//619
f 886//886 1230//1230 619//619 140//140
f 259//259 916//916 1231//1231 643//643
f 916//916 279//279 663//663 1231//1231
f 1231//1231 663//663 158//158 638//638
f 643//643 1231//1231 638//638 159//159
f 263//263 915//915 1232//1232 647//647
f 915//915 280//280 664//664 1232//1232
f 1232//1232 664//664 149//149 629//629
f 647//647 1232//1232 629//629 150//150
f 265//265 914//914 1233//1233 649//649
f 914//914 278//278 886//886 1233//1233
f 1233//1233 886//886 140//140 620//620
f 649//649 1233//1233 620//620 141//141
f 282//282 913//913 1234//1234 890//890
f 913//913 281//281 665//665 1234//1234
f 1234//1234 665//665 143//143 623//623
f 890//890 1234//1234 623//623 144//144
f 267//267 912//912 1235//1235 651//651
f 912//912 283//283 667//667 1235//1235
f 1235//1235 667//667 134//134 614//614
f 651//651 1235//1235 614//614 135//135
f 271//271 911//911 1236//1236 655//655
f 911//911 284//284 668//668 1236//1236
f 1236//1236 668//668 153//153 633//633
f 655//655 1236//1236 633//633 154//154
f 273//273 910//910 1237//1237 657//657
f 910//910 282//282 890//890 1237//1237
f 1237//1237 890//890 144//144 624//624
f 657//657 1237//1237 624//624 145//145
f 286//286 909//909 1238//1238 894//894
f 909//909 285//285 669//669 1238//1238
f 1238//1238 669//669 147//147 627//627
f 894//894 1238//1238 627//627 148//148
f 277//277 908//908 1239//1239 661//661
f 908//908 287//287 671//671 1239//1239
f 1239//1239 671//671 138//138 618//618
f 661//661 1239//1239 618//618 139//139
f 275//275 907//907 1240//1240 659//659
f 907//907 269//269 877//877 1240//1240
f 1240//1240 877//877 130//130 609//609
f 659//659 1240//1240 609//609 129//129
f 279//279 906//906 1241//1241 663//663
f 906//906 258//258 866//866 1241//1241
f 1241//1241 866//866 157//157 637//637
f 663//663 1241//1241 637//637 158//158
f 280//280 905//905 1242//1242 664//664
f 905//905 286//286 894//894 1242//1242
f 1242//1242 894//894 148//148 628//628
f 664//664 1242//1242 628//628 149//149
f 281//281 904//904 1243//1243 665//665
f 904//904 266//266 874//874 1243//1243
f 1243//1243 874//874 142//142 622//622
f 665//665 1243//1243 622//622 143//143
f 283//283 903//903 1244//1244 667//667
f 903//903 262//262 870//870 1244//1244
f 1244//1244 870//870 133//133 613//613
f 667//667 1244//1244 613//613 134//134
f 288//288 902//902 1245//1245 896//896
f 902//902 264//264 872//872 1245//1245
f 1245//1245 872//872 151//151 631//631
f 896//896 1245//1245 631//631 152//152
f 284//284 901//901 1246//1246 668//668
f 901//901 288//288 896//896 1246//1246
f 1246//1246 896//896 152//152 632//632
f 668//668 1246//1246 632//632 153//153
f 287//287 900//900 1247//1247 671//671
f 900//900 270//270 878//878 1247//1247
f 1247//1247 878//878 137//137 617//617
f 671//671 1247//1247 617//617 138//138
f 257//257 899//899 1248//1248 641//641
f 899//899 272//272 880//880 1248//1248
f 1248//1248 880//880 155//155 635//635
f 641//641 1248//1248 635//635 156//156
f 285//285 898//898 1249//1249 669//669
f 898//898 274//274 882//882 1249//1249
f 1249//1249 882//882 146//146 626//626
f 669//669 1249//1249 626//626 147//147
f 261//261 897//897 1250//1250 645//645
f 897//897 276//276 884//884 1250//1250
f 1250//1250 884//884 131//131 611//611
f 645//645 1250//1250 611//611 132//132
f 190//190 701//701 1251//1251 1026//1026
f 701//701 189//189 1025//1025 1251//1251
f 1251//1251 1025//1025 349//349 1021//1021
f 1026//1026 1251//1251 1021//1021 350//350
f 292//292 991//991 1252//1252 932//932
f 991//991 291//291 707//707 1252//1252
f 1252//1252 707//707 172//172 684//684
f 932//932 1252//1252 684//684 173//173
f 294//294 990//990 1253//1253 934//934
f 990//990 293//293 709//709 1253//1253
f 1253//1253 709//709 181//181 693//693
f 934//934 1253//1253 693//693 182//182
f 296//296 989//989 1254//1254 936//936
f 989//989 295//295 711//711 1254//1254
f 1254//1254 711//711 166//166 678//678
f 936//936 1254//1254 678//678 167//167
f 298//298 988//988 1255//1255 938//938
f 988//988 297//297 713//713 1255//1255
f 1255//1255 713//713 175//175 687//687
f 938//938 1255//1255 687//687 176//176
f 300//300 987//987 1256//1256 940//940
f 987//987 299//299 715//715 1256//1256
f 1256//1256 715//715 185//185 697//697
f 940//940 1256//1256 697//697 186//186
f 301//301 986//986 1257//1257 941//941
f 986//986 298//298 938//938 1257//1257
f 1257//1257 938//938 176//176 688//688
f 941//941 1257//1257 688//688 177//177
f 303//303 985//985 1258//1258 943//943
f 985//985 302//302 718//718 1258//1258
f 1258//1258 718//718 162//162 673//673
f 943//943 1258//1258 673//673 161//161
f 305//305 984//984 1259//1259 945//945
f 984//984 304//304 720//720 1259//1259
f 1259//1259 720//720 179//179 691//691
f 945//945 1259//1259 691//691 180//180
f 307//307 983//983 1260//1260 947//947
f 983//983 306//306 722//722 1260//1260
f 1260//1260 722//722 170//170 682//682
f 947//947 1260//1260 682//682 171//171
f 289//289 982//982 1261//1261 705//705
f 982//982 308//308 724//724 1261//1261
f 1261//1261 724//724 189//189 701//701
f 705//705 1261//1261 701//701 190//190
f 293//293 981//981 1262//1262 709//709
f 981//981 305//305 945//945 1262//1262
f 1262//1262 945//945 180//180 692//692
f 709//709 1262//1262 692//692 181//181
f 310//310 980//980 1263//1263 950//950
f 980//980 309//309 725//725 1263//1263
f 1263//1263 725//725 183//183 695//695
f 950//950 1263//1263 695//695 184//184
f 297//297 979//979 1264//1264 713//713
f 979//979 311//311 727//727 1264//1264
f 1264//1264 727//727 174//174 686//686
f 713//713 1264//1264 686//686 175//175
f 295//295 978//978 1265//1265 711//711
f 978//978 312//312 728//728 1265//1265
f 1265//1265 728//728 165//165 677//677
f 711//711 1265//1265 677//677 166//166
f 299//299 977//977 1266//1266 715//715
f 977//977 310//310 950//950 1266//1266
f 1266//1266 950//950 184//184 696//696
f 715//715 1266//1266 696//696 185//185
f 304//304 976//976 1267//1267 720//720
f 976//976 313//313 729//729 1267//1267
f 1267//1267 729//729 178//178 690//690
f 720//720 1267//1267 690//690 179//179
f 306//306 975//975 1268//1268 722//722
f 975//975 314//314 730//730 1268//1268
f 1268//1268 730//730 169//169 681//681
f 722//722 1268//1268 681//681 170//170
f 316//316 974//974 1269//1269 956//956
f 974//974 315//315 731//731 1269//1269
f 1269//1269 731//731 187//187 699//699
f 956//956 1269//1269 699//699 188//188
f 318//318 973//973 1270//1270 958//958
f 973//973 317//317 733//733 1270//1270
f 1270//1270 733//733 163//163 675//675
f 958//958 1270//1270 675//675 164//164
f 308//308 972//972 1271//1271 724//724
f 972//972 316//316 956//956 1271//1271
f 1271//1271 956//956 188//188 700//700
f 724//724 1271//1271 700//700 189//189
f 319//319 971//971 1272//1272 959//959
f 971//971 290//290 930//930 1272//1272
f 1272//1272 930//930 191//191 703//703
f 959//959 1272//1272 703//703 192//192
f 311//311 970//970 1273//1273 727//727
f 970//970 292//292 932//932 1273//1273
f 1273//1273 932//932 173//173 685//685
f 727//727 1273//1273 685//685 174//174
f 312//312 969//969 1274//1274 728//728
f 969//969 318//318 958//958 1274//1274
f 1274//1274 958//958 164//164 676//676
f 728//728 1274//1274 676//676 165//165
f 309//309 968//968 1275//1275 725//725
f 968//968 294//294 934//934 1275//1275
f 1275//1275 934//934 182//182 694//694
f 725//725 1275//1275 694//694 183//183
f 320//320 967//967 1276//1276 960//960
f 967//967 296//296 936//936 1276//1276
f 1276//1276 936//936 167//167 679//679
f 960//960 1276//1276 679//679 168//168
f 302//302 966//966 1277//1277 718//718
f 966//966 319//319 959//959 1277//1277
f 1277//1277 959//959 192//192 704//704
f 718//718 1277//1277 704//704 162//162
f 314//314 965//965 1278//1278 730//730
f 965//965 320//320 960//960 1278//1278
f 1278//1278 960//960 168//168 680//680
f 730//730 1278//1278 680//680 169//169
f 315//315 964//964 1279//1279 731//731
f 964//964 300//300 940//940 1279//1279
f 1279//1279 940//940 186//186 698//698
f 731//731 1279//1279 698//698 187//187
f 313//313 963//963 1280//1280 729//729
f 963//963 301//301 941//941 1280//1280
f 1280//1280 941//941 177//177 689//689
f 729//729 1280//1280 689//689 178//178
f 317//317 962//962 1281//1281 733//733
f 962//962 303//303 943//943 1281//1281
f 1281//1281 943//943 161//161 674//674
f 733//733 1281//1281 674//674 163//163
f 291//291 961//961 1282//1282 707//707
f 961//961 307//307 947//947 1282//1282
f 1282//1282 947//947 171//171 683//683
f 707//707 1282//1282 683//683 172//172
f 95//95 511//511 1283//1283 513//513
f 511//511 223//223 769//769 1283//1283
f 1283//1283 769//769 224//224 512//512
f 513//513 1283//1283 512//512 96//96
f 96//96 512//512 1284//1284 514//514
f 512//512 224//224 770//770 1284//1284
f 1284//1284 770//770 193//193 737//737
f 514//514 1284//1284 737//737 65//65
f 94//94 510//510 1285//1285 515//515
f 510//510 222//222 771//771 1285//1285
f 1285//1285 771//771 223//223 511//511
f 515//515 1285//1285 511//511 95//95
f 93//93 509//509 1286//1286 516//516
f 509//509 221//221 772//772 1286//1286
f 1286//1286 772//772 222//222 510//510
f 516//516 1286//1286 510//510 94//94
f 92//92 508//508 1287//1287 517//517
f 508//508 220//220 773//773 1287//1287
f 1287//1287 773//773 221//221 509//509
f 517//517 1287//1287 509//509 93//93
f 91//91 507//507 1288//1288 518//518
f 507//507 219//219 774//774 1288//1288
f 1288//1288 774//774 220//220 508//508
f 518//518 1288//1288 508//508 92//92
f 90//90 506//506 1289//1289 519//519
f 506//506 218//218 775//775 1289//1289
f 1289//1289 775//775 219//219 507//507
f 519//519 1289//1289 507//507 91//91
f 89//89 505//505 1290//1290 520//520
f 505//505 217//217 776//776 1290//1290
f 1290//1290 776//776 218//218 506//506
f 520//520 1290//1290 506//506 90//90
f 88//88 504//504 1291//1291 521//521
f 504//504 216//216 777//777 1291//1291
f 1291//1291 777//777 217//217 505//505
f 521//521 1291//1291 505//505 89//89
f 87//87 503//503 1292//1292 522//522
f 503//503 215//215 778//778 1292//1292
f 1292//1292 778//778 216//216 504//504
f 522//522 1292//1292 504//504 88//88
f 86//86 502//502 1293//1293 523//523
f 502//502 214//214 779//779 1293//1293
f 1293//1293 779//779 215//215 503//503
f 523//523 1293//1293 503//503 87//87
f 85//85 501//501 1294//1294 524//524
f 501//501 213//213 780//780 1294//1294
f 1294//1294 780//780 214//214 502//502
f 524//524 1294//1294 502//502 86//86
f 84//84 500//500 1295//1295 525//525
f 500//500 212//212 781//781 1295//1295
f 1295//1295 781//781 213//213 501//501
f 525//525 1295//1295 501//501 85//85
f 83//83 499//499 1296//1296 526//526
f 499//499 211//211 782//782 1296//1296
f 1296//1296 782//782 212//212 500//500
f 526//526 1296//1296 500//500 84//84
f 82//82 498//498 1297//1297 527//527
f 498//498 210//210 783//783 1297//1297
f 1297//1297 783//783 211//211 499//499
f 527//527 1297//1297 499//499 83//83
f 81//81 497//497 1298//1298 528//528
f 497//497 209//209 784//784 1298//1298
f 1298//1298 784//784 210//210 498//498
f 528//528 1298//1298 498//498 82//82
f 80//80 496//496 1299//1299 529//529
f 496//496 208//208 785//785 1299//1299
f 1299//1299 785//785 209//209 497//497
f 529//529 1299//1299 497//497 81//81
f 79//79 495//495 1300//1300 530//530
f 495//495 207//207 786//786 1300//1300
f 1300//1300 786//786 208//208 496//496
f 530//530 1300//1300 496//496 80//80
f 78//78 494//494 1301//1301 531//531
f 494//494 206//206 787//787 1301//1301
f 1301//1301 787//787 207//207 495//495
f 531//531 1301//1301 495//495 79//79
f 77//77 493//493 1302//1302 532//532
f 493//493 205//205 788//788 1302//1302
f 1302//1302 788//788 206//206 494//494
f 532//532 1302//1302 494//494 78//78
f 76//76 492//492 1303//1303 533//533
f 492//492 204//204 789//789 1303//1303
f 1303//1303 789//789 205//205 493//493
f 533//533 1303//1303 493//493 77//77
f 75//75 491//491 1304//1304 534//534
f 491//491 203//203 790//790 1304//1304
f 1304//1304 790//790 204//204 492//492
f 534//534 1304//1304 492//492 76//76
f 74//74 490//490 1305//1305 535//535
f 490//490 202//202 791//791 1305//1305
f 1305//1305 791//791 203//203 491//491
f 535//535 1305//1305 491//491 75//75
f 73//73 489//489 1306//1306 536//536
f 489//489 201//201 792//792 1306//1306
f 1306//1306 792//792 202//202 490//490
f 536//536 1306//1306 490//490 74//74
f 72//72 488//488 1307//1307 537//537
f 488//488 200//200 793//793 1307//1307
f 1307//1307 793//793 201//201 489//489
f 537//537 1307//1307 489//489 73//73
f 71//71 487//487 1308//1308 538//538
f 487//487 199//199 794//794 1308//1308
f 1308//1308 794//794 200//200 488//488
f 538//538 1308//1308 488//488 72//72
f 70//70 486//486 1309//1309 539//539
f 486//486 198//198 795//795 1309//1309
f 1309//1309 795//795 199//199 487//487
f 539//539 1309//1309 487//487 71//71
f 69//69 485//485 1310//1310 540//540
f 485//485 197//197 796//796 1310//1310
f 1310//1310 796//796 198//198 486//486
f 540//540 1310//1310 486//486 70//70
f 68//68 484//484 1311//1311 541//541
f 484//484 196//196 797//797 1311//1311
f 1311//1311 797//797 197//197 485//485
f 541//541 1311//1311 485//485 69//69
f 67//67 483//483 1312//1312 542//542
f 483//483 195//195 798//798 1312//1312
f 1312//1312 798//798 196//196 484//484
f 542//542 1312//1312 484//484 68//68
f 66//66 482//482 1313//1313 543//543
f 482//482 194//194 799//799 1313//1313
f 1313//1313 799//799 195//195 483//483
f 543//543 1313//1313 483//483 67//67
f 65//65 737//737 1314//1314 544//544
f 737//737 193//193 800//800 1314//1314
f 1314//1314 800//800 194//194 482//482
f 544//544 1314//1314 482//482 66//66
f 1//1 832//832 1315//1315 385//385
f 832//832 256//256 833//833 1315//1315
f 1315//1315 833//833 225//225 388//388
f 385//385 1315//1315 388//388 3//3
f 3//3 388//388 1316//1316 389//389
f 388//388 225//225 834//834 1316//1316
f 1316//1316 834//834 226//226 391//391
f 389//389 1316//1316 391//391 5//5
f 5//5 391//391 1317//1317 392//392
f 391//391 226//226 835//835 1317//1317
f 1317//1317 835//835 227//227 394//394
f 392//392 1317//1317 394//394 7//7
f 7//7 394//394 1318//1318 395//395
f 394//394 227//227 836//836 1318//1318
f 1318//1318 836//836 228//228 397//397
f 395//395 1318//1318 397//397 9//9
f 9//9 397//397 1319//1319 398//398
f 397//397 228//228 837//837 1319//1319
f 1319//1319 837//837 229//229 400//400
f 398//398 1319//1319 400//400 11//11
f 11//11 400//400 1320//1320 401//401
f 400//400 229//229 838//838 1320//1320
f 1320//1320 838//838 230//230 403//403
f 401//401 1320//1320 403//403 13//13
f 13//13 403//403 1321//1321 404//404
f 403//403 230//230 839//839 1321//1321
f 1321//1321 839//839 231//231 406//406
f 404//404 1321//1321 406//406 15//15
f 15//15 406//406 1322//1322 407//407
f 406//406 231//231 840//840 1322//1322
f 1322//1322 840//840 232//232 409//409
f 407//407 1322//1322 409//409 17//17
f 17//17 409//409 1323//1323 410//410
f 409//409 232//232 841//841 1323//1323
f 1323//1323 841//841 233//233 412//412
f 410//410 1323//1323 412//412 19//19
f 19//19 412//412 1324//1324 413//413
f 412//412 233//233 842//842 1324//1324
f 1324//1324 842//842 234//234 415//415
f 413//413 1324//1324 415//415 21//21
f 21//21 415//415 1325//1325 416//416
f 415//415 234//234 843//843 1325//1325
f 1325//1325 843//843 235//235 418//418
f 416//416 1325//1325 418//418 23//23
f 23//23 418//418 1326//1326 419//419
f 418//418 235//235 844//844 1326//1326
f 1326//1326 844//844 236//236 421//421
f 419//419 1326//1326 421//421 25//25
f 25//25 421//421 1327//1327 422//422
f 421//421 236//236 845//845 1327//1327
f 1327//1327 845//845 237//237 424//424
f 422//422 1327//1327 424//424 27//27
f 27//27 424//424 1328//1328 425//425
f 424//424 237//237 846//846 1328//1328
f 1328//1328 846//846 238//238 427//427
f 425//425 1328//1328 427//427 29//29
f 29//29 427//427 1329//1329 428//428
f 427//427 238//238 847//847 1329//1329
f 1329//1329 847//847 239//239 430//430
f 428//428 1329//1329 430//430 31//31
f 31//31 430//430 1330//1330 431//431
f 430//430 239//239 848//848 1330//1330
f 1330//1330 848//848 240//240 433//433
f 431//431 1330//1330 433//433 33//33
f 33//33 433//433 1331//1331 434//434
f 433//433 240//240 849//849 1331//1331
f 1331//1331 849//849 241//241 436//436
f 434//434 1331//1331 436//436 35//35
f 35//35 436//436 1332//1332 437//437
f 436//436 241//241 850//850 1332//1332
f 1332//1332 850//850 242//242 439//439
f 437//437 1332//1332 439//439 37//37
f 37//37 439//439 1333//1333 440//440
f 439//439 242//242 851//851 1333//1333
f 1333//1333 851//851 243//243 442//442
f 440//440 1333//1333 442//442 39//39
f 39//39 442//442 1334//1334 443//443
f 442//442 243//243 852//852 1334//1334
f 1334//1334 852//852 244//244 445//445
f 443//443 1334//1334 445//445 41//41
f 41//41 445//445 1335//1335 446//446
f 445//445 244//244 853//853 1335//1335
f 1335//1335 853//853 245//245 448//448
f 446//446 1335//1335 448//448 43//43
f 43//43 448//448 1336//1336 449//449
f 448//448 245//245 854//854 1336//1336
f 1336//1336 854//854 246//246 451//451
f 449//449 1336//1336 451//451 45//45
f 45//45 451//451 1337//1337 452//452
f 451//451 246//246 855//855 1337//1337
f 1337//1337 855//855 247//247 454//454
f 452//452 1337//1337 454//454 47//47
f 47//47 454//454 1338//1338 455//455
f 454//454 247//247 856//856 1338//1338
f 1338//1338 856//856 248//248 457//457
f 455//455 1338//1338 457//457 49//49
f 49//49 457//457 1339//1339 458//458
f 457//457 248//248 857//857 1339//1339
f 1339//1339 857//857 249//249 460//460
f 458//458 1339//1339 460//460 51//51
f 51//51 460//460 1340//1340 461//461
f 460//460 249//249 858//858 1340//1340
f 1340//1340 858//858 250//250 463//463
f 461//461 1340//1340 463//463 53//53
f 53//53 463//463 1341//1341 464//464
f 463//463 250//250 859//859 1341//1341
f 1341//1341 859//859 251//251 466//466
f 464//464 1341//1341 466//466 55//55
f 55//55 466//466 1342//1342 467//467
f 466//466 251//251 860//860 1342//1342
f 1342//1342 860//860 252//252 469//469
f 467//467 1342//1342 469//469 57//57
f 57//57 469//469 1343//1343 470//470
f 469//469 252//252 861//861 1343//1343
f 1343//1343 861//861 253//253 472//472
f 470//470 1343//1343 472//472 59//59
f 59//59 472//472 1344//1344 473//473
f 472//472 253//253 862//862 1344//1344
f 1344//1344 862//862 254//254 475//475
f 473//473 1344//1344 475//475 61//61
f 63//63 478//478 1345//1345 479//479
f 478//478 255//255 863//863 1345//1345
f 1345//1345 863//863 256//256 832//832
f 479//479 1345//1345 832//832 1//1
f 61//61 475//475 1346//1346 476//476
f 475//475 254//254 864//864 1346//1346
f 1346//1346 864//864 255//255 478//478
f 476//476 1346//1346 478//478 63//63
f 100//100 547//547 1347//1347 869//869
f 547//547 99//99 660//660 1347//1347
f 1347//1347 660//660 276//276 897//897
f 869//869 1347//1347 897//897 261//261
f 115//115 562//562 1348//1348 893//893
f 562//562 114//114 658//658 1348//1348
f 1348//1348 658//658 274//274 898//898
f 893//893 1348//1348 898//898 285//285
f 124//124 571//571 1349//1349 865//865
f 571//571 123//123 656//656 1349//1349
f 1349//1349 656//656 272//272 899//899
f 865//865 1349//1349 899//899 257//257
f 106//106 553//553 1350//1350 895//895
f 553//553 105//105 654//654 1350//1350
f 1350//1350 654//654 270//270 900//900
f 895//895 1350//1350 900//900 287//287
f 121//121 568//568 1351//1351 892//892
f 568//568 120//120 672//672 1351//1351
f 1351//1351 672//672 288//288 901//901
f 892//892 1351//1351 901//901 284//284
f 120//120 567//567 1352//1352 672//672
f 567//567 119//119 648//648 1352//1352
f 1352//1352 648//648 264//264 902//902
f 672//672 1352//1352 902//902 288//288
f 102//102 549//549 1353//1353 891//891
f 549//549 101//101 646//646 1353//1353
f 1353//1353 646//646 262//262 903//903
f 891//891 1353//1353 903//903 283//283
f 111//111 558//558 1354//1354 889//889
f 558//558 110//110 650//650 1354//1354
f 1354//1354 650//650 266//266 904//904
f 889//889 1354//1354 904//904 281//281
f 117//117 564//564 1355//1355 888//888
f 564//564 116//116 670//670 1355//1355
f 1355//1355 670//670 286//286 905//905
f 888//888 1355//1355 905//905 280//280
f 126//126 573//573 1356//1356 887//887
f 573//573 125//125 642//642 1356//1356
f 1356//1356 642//642 258//258 906//906
f 887//887 1356//1356 906//906 279//279
f 97//97 545//545 1357//1357 883//883
f 545//545 98//98 653//653 1357//1357
f 1357//1357 653//653 269//269 907//907
f 883//883 1357//1357 907//907 275//275
f 107//107 554//554 1358//1358 885//885
f 554//554 106//106 895//895 1358//1358
f 1358//1358 895//895 287//287 908//908
f 885//885 1358//1358 908//908 277//277
f 116//116 563//563 1359//1359 670//670
f 563//563 115//115 893//893 1359//1359
f 1359//1359 893//893 285//285 909//909
f 670//670 1359//1359 909//909 286//286
f 113//113 560//560 1360//1360 881//881
f 560//560 112//112 666//666 1360//1360
f 1360//1360 666//666 282//282 910//910
f 881//881 1360//1360 910//910 273//273
f 122//122 569//569 1361//1361 879//879
f 569//569 121//121 892//892 1361//1361
f 1361//1361 892//892 284//284 911//911
f 879//879 1361//1361 911//911 271//271
f 103//103 550//550 1362//1362 875//875
f 550//550 102//102 891//891 1362//1362
f 1362//1362 891//891 283//283 912//912
f 875//875 1362//1362 912//912 267//267
f 112//112 559//559 1363//1363 666//666
f 559//559 111//111 889//889 1363//1363
f 1363//1363 889//889 281//281 913//913
f 666//666 1363//1363 913//913 282//282
f 109//109 556//556 1364//1364 873//873
f 556//556 108//108 662//662 1364//1364
f 1364//1364 662//662 278//278 914//914
f 873//873 1364//1364 914//914 265//265
f 118//118 565//565 1365//1365 871//871
f 565//565 117//117 888//888 1365//1365
f 1365//1365 888//888 280//280 915//915
f 871//871 1365//1365 915//915 263//263
f 127//127 574//574 1366//1366 867//867
f 574//574 126//126 887//887 1366//1366
f 1366//1366 887//887 279//279 916//916
f 867//867 1366//1366 916//916 259//259
f 108//108 555//555 1367//1367 662//662
f 555//555 107//107 885//885 1367//1367
f 1367//1367 885//885 277//277 917//917
f 662//662 1367//1367 917//917 278//278
f 99//99 546//546 1368//1368 660//660
f 546//546 97//97 883//883 1368//1368
f 1368//1368 883//883 275//275 918//918
f 660//660 1368//1368 918//918 276//276
f 114//114 561//561 1369//1369 658//658
f 561//561 113//113 881//881 1369//1369
f 1369//1369 881//881 273//273 919//919
f 658//658 1369//1369 919//919 274//274
f 123//123 570//570 1370//1370 656//656
f 570//570 122//122 879//879 1370//1370
f 1370//1370 879//879 271//271 920//920
f 656//656 1370//1370 920//920 272//272
f 105//105 552//552 1371//1371 654//654
f 552//552 104//104 652//652 1371//1371
f 1371//1371 652//652 268//268 921//921
f 654//654 1371//1371 921//921 270//270
f 98//98 576//576 1372//1372 653//653
f 576//576 128//128 644//644 1372//1372
f 1372//1372 644//644 260//260 922//922
f 653//653 1372//1372 922//922 269//269
f 104//104 551//551 1373//1373 652//652
f 551//551 103//103 875//875 1373//1373
f 1373//1373 875//875 267//267 923//923
f 652//652 1373//1373 923//923 268//268
f 110//110 557//557 1374//1374 650//650
f 557//557 109//109 873//873 1374//1374
f 1374//1374 873//873 265//265 924//924
f 650//650 1374//1374 924//924 266//266
f 119//119 566//566 1375//1375 648//648
f 566//566 118//118 871//871 1375//1375
f 1375//1375 871//871 263//263 925//925
f 648//648 1375//1375 925//925 264//264
f 101//101 548//548 1376//1376 646//646
f 548//548 100//100 869//869 1376//1376
f 1376//1376 869//869 261//261 926//926
f 646//646 1376//1376 926//926 262//262
f 128//128 575//575 1377//1377 644//644
f 575//575 127//127 867//867 1377//1377
f 1377//1377 867//867 259//259 927//927
f 644//644 1377//1377 927//927 260//260
f 125//125 572//572 1378//1378 642//642
f 572//572 124//124 865//865 1378//1378
f 1378//1378 865//865 257//257 928//928
f 642//642 1378//1378 928//928 258//258
f 140//140 619//619 1379//1379 931//931
f 619//619 139//139 723//723 1379//1379
f 1379//1379 723//723 307//307 961//961
f 931//931 1379//1379 961//961 291//291
f 131//131 610//610 1380//1380 957//957
f 610//610 129//129 719//719 1380//1380
f 1380//1380 719//719 303//303 962//962
f 957//957 1380//1380 962//962 317//317
f 146//146 625//625 1381//1381 953//953
f 625//625 145//145 717//717 1381//1381
f 1381//1381 717//717 301//301 963//963
f 953//953 1381//1381 963//963 313//313
f 155//155 634//634 1382//1382 955//955
f 634//634 154//154 716//716 1382//1382
f 1382//1382 716//716 300//300 964//964
f 955//955 1382//1382 964//964 315//315
f 137//137 616//616 1383//1383 954//954
f 616//616 136//136 736//736 1383//1383
f 1383//1383 736//736 320//320 965//965
f 954//954 1383//1383 965//965 314//314
f 130//130 640//640 1384//1384 942//942
f 640//640 160//160 735//735 1384//1384
f 1384//1384 735//735 319//319 966//966
f 942//942 1384//1384 966//966 302//302
f 136//136 615//615 1385//1385 736//736
f 615//615 135//135 712//712 1385//1385
f 1385//1385 712//712 296//296 967//967
f 736//736 1385//1385 967//967 320//320
f 151//151 630//630 1386//1386 949//949
f 630//630 150//150 710//710 1386//1386
f 1386//1386 710//710 294//294 968//968
f 949//949 1386//1386 968//968 309//309
f 133//133 612//612 1387//1387 952//952
f 612//612 132//132 734//734 1387//1387
f 1387//1387 734//734 318//318 969//969
f 952//952 1387//1387 969//969 312//312
f 142//142 621//621 1388//1388 951//951
f 621//621 141//141 708//708 1388//1388
f 1388//1388 708//708 292//292 970//970
f 951//951 1388//1388 970//970 311//311
f 160//160 639//639 1389//1389 735//735
f 639//639 159//159 706//706 1389//1389
f 1389//1389 706//706 290//290 971//971
f 735//735 1389//1389 971//971 319//319
f 157//157 636//636 1390//1390 948//948
f 636//636 156//156 732//732 1390//1390
f 1390//1390 732//732 316//316 972//972
f 948//948 1390//1390 972//972 308//308
f 132//132 611//611 1391//1391 734//734
f 611//611 131//131 957//957 1391//1391
f 1391//1391 957//957 317//317 973//973
f 734//734 1391//1391 973//973 318//318
f 156//156 635//635 1392//1392 732//732
f 635//635 155//155 955//955 1392//1392
f 1392//1392 955//955 315//315 974//974
f 732//732 1392//1392 974//974 316//316
f 138//138 617//617 1393//1393 946//946
f 617//617 137//137 954//954 1393//1393
f 1393//1393 954//954 314//314 975//975
f 946//946 1393//1393 975//975 306//306
f 147//147 626//626 1394//1394 944//944
f 626//626 146//146 953//953 1394//1394
f 1394//1394 953//953 313//313 976//976
f 944//944 1394//1394 976//976 304//304
f 153//153 632//632 1395//1395 939//939
f 632//632 152//152 726//726 1395//1395
f 1395//1395 726//726 310//310 977//977
f 939//939 1395//1395 977//977 299//299
f 134//134 613//613 1396//1396 935//935
f 613//613 133//133 952//952 1396//1396
f 1396//1396 952//952 312//312 978//978
f 935//935 1396//1396 978//978 295//295
f 143//143 622//622 1397//1397 937//937
f 622//622 142//142 951//951 1397//1397
f 1397//1397 951//951 311//311 979//979
f 937//937 1397//1397 979//979 297//297
f 152//152 631//631 1398//1398 726//726
f 631//631 151//151 949//949 1398//1398
f 1398//1398 949//949 309//309 980//980
f 726//726 1398//1398 980//980 310//310
f 149//149 628//628 1399//1399 933//933
f 628//628 148//148 721//721 1399//1399
f 1399//1399 721//721 305//305 981//981
f 933//933 1399//1399 981//981 293//293
f 158//158 637//637 1400//1400 929//929
f 637//637 157//157 948//948 1400//1400
f 1400//1400 948//948 308//308 982//982
f 929//929 1400//1400 982//982 289//289
f 139//139 618//618 1401//1401 723//723
f 618//618 138//138 946//946 1401//1401
f 1401//1401 946//946 306//306 983//983
f 723//723 1401//1401 983//983 307//307
f 148//148 627//627 1402//1402 721//721
f 627//627 147//147 944//944 1402//1402
f 1402//1402 944//944 304//304 984//984
f 721//721 1402//1402 984//984 305//305
f 129//129 609//609 1403//1403 719//719
f 609//609 130//130 942//942 1403//1403
f 1403//1403 942//942 302//302 985//985
f 719//719 1403//1403 985//985 303//303
f 145//145 624//624 1404//1404 717//717
f 624//624 144//144 714//714 1404//1404
f 1404//1404 714//714 298//298 986//986
f 717//717 1404//1404 986//986 301//301
f 154//154 633//633 1405//1405 716//716
f 633//633 153//153 939//939 1405//1405
f 1405//1405 939//939 299//299 987//987
f 716//716 1405//1405 987//987 300//300
f 144//144 623//623 1406//1406 714//714
f 623//623 143//143 937//937 1406//1406
f 1406//1406 937//937 297//297 988//988
f 714//714 1406//1406 988//988 298//298
f 135//135 614//614 1407//1407 712//712
f 614//614 134//134 935//935 1407//1407
f 1407//1407 935//935 295//295 989//989
f 712//712 1407//1407 989//989 296//296
f 150//150 629//629 1408//1408 710//710
f 629//629 149//149 933//933 1408//1408
f 1408//1408 933//933 293//293 990//990
f 710//710 1408//1408 990//990 294//294
f 141//141 620//620 1409//1409 708//708
f 620//620 140//140 931//931 1409//1409
f 1409//1409 931//931 291//291 991//991
f 708//708 1409//1409 991//991 292//292
f 159//159 638//638 1410//1410 706//706
f 638//638 158//158 929//929 1410//1410
f 1410//1410 929//929 289//289 992//992
f 706//706 1410//1410 992//992 290//290
f 321//321 993//993 1411//1411 994//994
f 322//322 1024//1024 1411//1411 993//993
f 352//352 1023//1023 1411//1411 1024//1024
f 351//351 1022//1022 1411//1411 1023//1023
f 350//350 1021//1021 1411//1411 1022//1022
f 349//349 1020//1020 1411//1411 1021//1021
f 348//348 1019//1019 1411//1411 1020//1020
f 347//347 1018//1018 1411//1411 1019//1019
f 346//346 1017//1017 1411//1411 1018//1018
f 345//345 1016//1016 1411//1411 1017//1017
f 344//344 1015//1015 1411//1411 1016//1016
f 343//343 1014//1014 1411//1411 1015//1015
f 342//342 1013//1013 1411//1411 1014//1014
f 341//341 1012//1012 1411//1411 1013//1013
f 340//340 1011//1011 1411//1411 1012//1012
f 339//339 1010//1010 1411//1411 1011//1011
f 338//338 1009//1009 1411//1411 1010//1010
f 337//337 1008//1008 1411//1411 1009//1009
f 336//336 1007//1007 1411//1411 1008//1008
f 335//335 1006//1006 1411//1411 1007//1007
f 334//334 1005//1005 1411//1411 1006//1006
f 333//333 1004//1004 1411//1411 1005//1005
f 332//332 1003//1003 1411//1411 1004//1004
f 331//331 1002//1002 1411//1411 1003//1003
f 330//330 1001//1001 1411//1411 1002//1002
f 329//329 1000//1000 1411//1411 1001//1001
f 328//328 999//999 1411//1411 1000//1000
f 327//327 998//998 1411//1411 999//999
f 326//326 997//997 1411//1411 998//998
f 325//325 996//996 1411//1411 997//997
f 324//324 995//995 1411//1411 996//996
f 323//323 994//994 1411//1411 995//995
f 181//181 692//692 1412//1412 1028//1028
f 692//692 180//180 1027//1027 1412//1412
f 1412//1412 1027//1027 340//340 1012//1012
f 1028//1028 1412//1412 1012//1012 341//341
f 166//166 677//677 1413//1413 1030//1030
f 677//677 165//165 1029//1029 1413//1413
f 1413//1413 1029//1029 325//325 997//997
f 1030//1030 1413//1413 997//997 326//326
f 184//184 695//695 1414//1414 1032//1032
f 695//695 183//183 1031//1031 1414//1414
f 1414//1414 1031//1031 343//343 1015//1015
f 1032//1032 1414//1414 1015//1015 344//344
f 175//175 686//686 1415//1415 1034//1034
f 686//686 174//174 1033//1033 1415//1415
f 1415//1415 1033//1033 334//334 1006//1006
f 1034//1034 1415//1415 1006//1006 335//335
f 185//185 696//696 1416//1416 1035//1035
f 696//696 184//184 1032//1032 1416//1416
f 1416//1416 1032//1032 344//344 1016//1016
f 1035//1035 1416//1416 1016//1016 345//345
f 188//188 699//699 1417//1417 1037//1037
f 699//699 187//187 1036//1036 1417//1417
f 1417//1417 1036//1036 347//347 1019//1019
f 1037//1037 1417//1417 1019//1019 348//348
f 179//179 690//690 1418//1418 1039//1039
f 690//690 178//178 1038//1038 1418//1418
f 1418//1418 1038//1038 338//338 1010//1010
f 1039//1039 1418//1418 1010//1010 339//339
f 170//170 681//681 1419//1419 1041//1041
f 681//681 169//169 1040//1040 1419//1419
f 1419//1419 1040//1040 329//329 1001//1001
f 1041//1041 1419//1419 1001//1001 330//330
f 164//164 675//675 1420//1420 1043//1043
f 675//675 163//163 1042//1042 1420//1420
f 1420//1420 1042//1042 323//323 995//995
f 1043//1043 1420//1420 995//995 324//324
f 189//189 700//700 1421//1421 1025//1025
f 700//700 188//188 1037//1037 1421//1421
f 1421//1421 1037//1037 348//348 1020//1020
f 1025//1025 1421//1421 1020//1020 349//349
f 192//192 703//703 1422//1422 1045//1045
f 703//703 191//191 1044//1044 1422//1422
f 1422//1422 1044//1044 351//351 1023//1023
f 1045//1045 1422//1422 1023//1023 352//352
f 183//183 694//694 1423//1423 1031//1031
f 694//694 182//182 1046//1046 1423//1423
f 1423//1423 1046//1046 342//342 1014//1014
f 1031//1031 1423//1423 1014//1014 343//343
f 174//174 685//685 1424//1424 1033//1033
f 685//685 173//173 1047//1047 1424//1424
f 1424//1424 1047//1047 333//333 1005//1005
f 1033//1033 1424//1424 1005//1005 334//334
f 165//165 676//676 1425//1425 1029//1029
f 676//676 164//164 1043//1043 1425//1425
f 1425//1425 1043//1043 324//324 996//996
f 1029//1029 1425//1425 996//996 325//325
f 168//168 679//679 1426//1426 1049//1049
f 679//679 167//167 1048//1048 1426//1426
f 1426//1426 1048//1048 327//327 999//999
f 1049//1049 1426//1426 999//999 328//328
f 162//162 704//704 1427//1427 1050//1050
f 704//704 192//192 1045//1045 1427//1427
f 1427//1427 1045//1045 352//352 1024//1024
f 1050//1050 1427//1427 1024//1024 322//322
f 178//178 689//689 1428//1428 1038//1038
f 689//689 177//177 1051//1051 1428//1428
f 1428//1428 1051//1051 337//337 1009//1009
f 1038//1038 1428//1428 1009//1009 338//338
f 169//169 680//680 1429//1429 1040//1040
f 680//680 168//168 1049//1049 1429//1429
f 1429//1429 1049//1049 328//328 1000//1000
f 1040//1040 1429//1429 1000//1000 329//329
f 187//187 698//698 1430//1430 1036//1036
f 698//698 186//186 1052//1052 1430//1430
f 1430//1430 1052//1052 346//346 1018//1018
f 1036//1036 1430//1430 1018//1018 347//347
f 172//172 683//683 1431//1431 1054//1054
f 683//683 171//171 1053//1053 1431//1431
f 1431//1431 1053//1053 331//331 1003//1003
f 1054//1054 1431//1431 1003//1003 332//332
f 163//163 674//674 1432//1432 1042//1042
f 674//674 161//161 1055//1055 1432//1432
f 1432//1432 1055//1055 321//321 994//994
f 1042//1042 1432//1432 994//994 323//323
f 191//191 702//702 1433//1433 1044//1044
f 702//702 190//190 1026//1026 1433//1433
f 1433//1433 1026//1026 350//350 1022//1022
f 1044//1044 1433//1433 1022//1022 351//351
f 173//173 684//684 1434//1434 1047//1047
f 684//684 172//172 1054//1054 1434//1434
f 1434//1434 1054//1054 332//332 1004//1004
f 1047//1047 1434//1434 1004//1004 333//333
f 182//182 693//693 1435//1435 1046//1046
f 693//693 181//181 1028//1028 1435//1435
f 1435//1435 1028//1028 341//341 1013//1013
f 1046//1046 1435//1435 1013//1013 342//342
f 167//167 678//678 1436//1436 1048//1048
f 678//678 166//166 1030//1030 1436//1436
f 1436//1436 1030//1030 326//326 998//998
f 1048//1048 1436//1436 998//998 327//327
f 176//176 687//687 1437//1437 1056//1056
f 687//687 175//175 1034//1034 1437//1437
f 1437//1437 1034//1034 335//335 1007//1007
f 1056//1056 1437//1437 1007//1007 336//336
f 186//186 697//697 1438//1438 1052//1052
f 697//697 185//185 1035//1035 1438//1438
f 1438//1438 1035//1035 345//345 1017//1017
f 1052//1052 1438//1438 1017//1017 346//346
f 177//177 688//688 1439//1439 1051//1051
f 688//688 176//176 1056//1056 1439//1439
f 1439//1439 1056//1056 336//336 1008//1008
f 1051//1051 1439//1439 1008//1008 337//337
f 161//161 673//673 1440//1440 1055//1055
f 673//673 162//162 1050//1050 1440//1440
f 1440//1440 1050//1050 322//322 993//993
f 1055//1055 1440//1440 993//993 321//321
f 180//180 691//691 1441//1441 1027//1027
f 691//691 179//179 1039//1039 1441//1441
f 1441//1441 1039//1039 339//339 1011//1011
f 1027//1027 1441//1441 1011//1011 340//340
f 171//171 682//682 1442//1442 1053//1053
f 682//682 170//170 1041//1041 1442//1442
f 1442//1442 1041//1041 330//330 1002//1002
f 1053//1053 1442//1442 1002//1002 331//331
f 353//353 1057//1057 1443//1443 1088//1088
f 354//354 1058//1058 1443//1443 1057//1057
f 355//355 1059//1059 1443//1443 1058//1058
f 356//356 1060//1060 1443//1443 1059//1059
f 357//357 1061//1061 1443//1443 1060//1060
f 358//358 1062//1062 1443//1443 1061//1061
f 359//359 1063//1063 1443//1443 1062//1062
f 360//360 1064//1064 1443//1443 1063//1063
f 361//361 1065//1065 1443//1443 1064//1064
f 362//362 1066//1066 1443//1443 1065//1065
f 363//363 1067//1067 1443//1443 1066//1066
f 364//364 1068//1068 1443//1443 1067//1067
f 365//365 1069//1069 1443//1443 1068//1068
f 366//366 1070//1070 1443//1443 1069//1069
f 367//367 1071//1071 1443//1443 1070//1070
f 368//368 1072//1072 1443//1443 1071//1071
f 369//369 1073//1073 1443//1443 1072//1072
f 370//370 1074//1074 1443//1443 1073//1073
f 371//371 1075//1075 1443//1443 1074//1074
f 372//372 1076//1076 1443//1443 1075//1075
f 373//373 1077//1077 1443//1443 1076//1076
f 374//374 1078//1078 1443//1443 1077//1077
f 375//375 1079//1079 1443//1443 1078//1078
f 376//376 1080//1080 1443//1443 1079//1079
f 377//377 1081//1081 1443//1443 1080//1080
f 378//378 1082//1082 1443//1443 1081//1081
f 379//379 1083//1083 1443//1443 1082//1082
f 380//380 1084//1084 1443//1443 1083//1083
f 381//381 1085//1085 1443//1443 1084//1084
f 382//382 1086//1086 1443//1443 1085//1085
f 383//383 1087//1087 1443//1443 1086//1086
f 384//384 1088//1088 1443//1443 1087//1087
f 61//61 476//476 1444//1444 1092//1092
f 476//476 63//63 1091//1091 1444//1444
f 1444//1444 1091//1091 384//384 1087//1087
f 1092//1092 1444//1444 1087//1087 383//383
f 63//63 479//479 1445//1445 1091//1091
f 479//479 1//1 1090//1090 1445//1445
f 1445//1445 1090//1090 353//353 1088//1088
f 1091//1091 1445//1445 1088//1088 384//384
f 57//57 470//470 1446//1446 1094//1094
f 470//470 59//59 1093//1093 1446//1446
f 1446//1446 1093//1093 382//382 1085//1085
f 1094//1094 1446//1446 1085//1085 381//381
f 51//51 461//461 1447//1447 1096//1096
f 461//461 53//53 1095//1095 1447//1447
f 1447//1447 1095//1095 379//379 1082//1082
f 1096//1096 1447//1447 1082//1082 378//378
f 45//45 452//452 1448//1448 1098//1098
f 452//452 47//47 1097//1097 1448//1448
f 1448//1448 1097//1097 376//376 1079//1079
f 1098//1098 1448//1448 1079//1079 375//375
f 47//47 455//455 1449//1449 1097//1097
f 455//455 49//49 1099//1099 1449//1449
f 1449//1449 1099//1099 377//377 1080//1080
f 1097//1097 1449//1449 1080//1080 376//376
f 29//29 428//428 1450//1450 1101//1101
f 428//428 31//31 1100//1100 1450//1450
f 1450//1450 1100//1100 368//368 1071//1071
f 1101//1101 1450//1450 1071//1071 367//367
f 41//41 446//446 1451//1451 1103//1103
f 446//446 43//43 1102//1102 1451//1451
f 1451//1451 1102//1102 374//374 1077//1077
f 1103//1103 1451//1451 1077//1077 373//373
f 35//35 437//437 1452//1452 1105//1105
f 437//437 37//37 1104//1104 1452//1452
f 1452//1452 1104//1104 371//371 1074//1074
f 1105//1105 1452//1452 1074//1074 370//370
f 13//13 404//404 1453//1453 1107//1107
f 404//404 15//15 1106//1106 1453//1453
f 1453//1453 1106//1106 360//360 1063//1063
f 1107//1107 1453//1453 1063//1063 359//359
f 25//25 422//422 1454//1454 1109//1109
f 422//422 27//27 1108//1108 1454//1454
f 1454//1454 1108//1108 366//366 1069//1069
f 1109//1109 1454//1454 1069//1069 365//365
f 19//19 413//413 1455//1455 1111//1111
f 413//413 21//21 1110//1110 1455//1455
f 1455//1455 1110//1110 363//363 1066//1066
f 1111//1111 1455//1455 1066//1066 362//362
f 31//31 431//431 1456//1456 1100//1100
f 431//431 33//33 1112//1112 1456//1456
f 1456//1456 1112//1112 369//369 1072//1072
f 1100//1100 1456//1456 1072//1072 368//368
f 9//9 398//398 1457//1457 1114//1114
f 398//398 11//11 1113//1113 1457//1457
f 1457//1457 1113//1113 358//358 1061//1061
f 1114//1114 1457//1457 1061//1061 357//357
f 3//3 389//389 1458//1458 1089//1089
f 389//389 5//5 1115//1115 1458//1458
f 1458//1458 1115//1115 355//355 1058//1058
f 1089//1089 1458//1458 1058//1058 354//354
f 15//15 407//407 1459//1459 1106//1106
f 407//407 17//17 1116//1116 1459//1459
f 1459//1459 1116//1116 361//361 1064//1064
f 1106//1106 1459//1459 1064//1064 360//360
f 59//59 473//473 1460//1460 1093//1093
f 473//473 61//61 1092//1092 1460//1460
f 1460//1460 1092//1092 383//383 1086//1086
f 1093//1093 1460//1460 1086//1086 382//382
f 53//53 464//464 1461//1461 1095//1095
f 464//464 55//55 1117//1117 1461//1461
f 1461//1461 1117//1117 380//380 1083//1083
f 1095//1095 1461//1461 1083//1083 379//379
f 43//43 449//449 1462//1462 1102//1102
f 449//449 45//45 1098//1098 1462//1462
f 1462//1462 1098//1098 375//375 1078//1078
f 1102//1102 1462//1462 1078//1078 374//374
f 55//55 467//467 1463//1463 1117//1117
f 467//467 57//57 1094//1094 1463//1463
f 1463//1463 1094//1094 381//381 1084//1084
f 1117//1117 1463//1463 1084//1084 380//380
f 37//37 440//440 1464//1464 1104//1104
f 440//440 39//39 1118//1118 1464//1464
f 1464//1464 1118//1118 372//372 1075//1075
f 1104//1104 1464//1464 1075//1075 371//371
f 49//49 458//458 1465//1465 1099//1099
f 458//458 51//51 1096//1096 1465//1465
f 1465//1465 1096//1096 378//378 1081//1081
f 1099//1099 1465//1465 1081//1081 377//377
f 39//39 443//443 1466//1466 1118//1118
f 443//443 41//41 1103//1103 1466//1466
f 1466//1466 1103//1103 373//373 1076//1076
f 1118//1118 1466//1466 1076//1076 372//372
f 21//21 416//416 1467//1467 1110//1110
f 416//416 23//23 1119//1119 1467//1467
f 1467//1467 1119//1119 364//364 1067//1067
f 1110//1110 1467//1467 1067//1067 363//363
f 33//33 434//434 1468//1468 1112//1112
f 434//434 35//35 1105//1105 1468//1468
f 1468//1468 1105//1105 370//370 1073//1073
f 1112//1112 1468//1468 1073//1073 369//369
f 27//27 425//425 1469//1469 1108//1108
f 425//425 29//29 1101//1101 1469//1469
f 1469//1469 1101//1101 367//367 1070//1070
f 1108//1108 1469//1469 1070//1070 366//366
f 17//17 410//410 1470//1470 1116//1116
f 410//410 19//19 1111//1111 1470//1470
f 1470//1470 1111//1111 362//362 1065//1065
f 1116//1116 1470//1470 1065//1065 361//361
f 11//11 401//401 1471//1471 1113//1113
f 401//401 13//13 1107//1107 1471//1471
f 1471//1471 1107//1107 359//359 1062//1062
f 1113//1113 1471//1471 1062//1062 358//358
f 23//23 419//419 1472//1472 1119//1119
f 419//419 25//25 1109//1109 1472//1472
f 1472//1472 1109//1109 365//365 1068//1068
f 1119//1119 1472//1472 1068//1068 364//364
f 5//5 392//392 1473//1473 1115//1115
f 392//392 7//7 1120//1120 1473//1473
f 1473//1473 1120//1120 356//356 1059//1059
f 1115//1115 1473//1473 1059//1059 355//355
f 7//7 395//395 1474//1474 1120//1120
f 395//395 9//9 1114//1114 1474//1474
f 1474//1474 1114//1114 357//357 1060//1060
f 1120//1120 1474//1474 1060//1060 356//356
o Cylinder.001
v 2.051152 -0.078578 -2.216995
v 2.051152 1.057413 -2.403650
v 2.133050 -0.078578 -2.208929
v 2.169465 1.057413 -2.391997
v 2.211801 -0.078578 -2.185040
v 2.283230 1.057413 -2.357487
v 2.284378 -0.078578 -2.146247
v 2.388077 1.057413 -2.301445
v 2.347992 -0.078578 -2.094040
v 2.479977 1.057413 -2.226025
v 2.400199 -0.078578 -2.030426
v 2.555397 1.057413 -2.134125
v 2.438992 -0.078578 -1.957849
v 2.611439 1.057413 -2.029278
v 2.462881 -0.078578 -1.879098
v 2.645949 1.057413 -1.915513
v 2.470947 -0.078578 -1.797200
v 2.657602 1.057413 -1.797200
v 2.462881 -0.078578 -1.715302
v 2.645949 1.057413 -1.678888
v 2.438992 -0.078578 -1.636551
v 2.611439 1.057413 -1.565122
v 2.400199 -0.078578 -1.563974
v 2.555397 1.057413 -1.460274
v 2.347992 -0.078578 -1.500360
v 2.479977 1.057413 -1.368375
v 2.284378 -0.078578 -1.448153
v 2.388077 1.057413 -1.292955
v 2.211801 -0.078578 -1.409360
v 2.283230 1.057413 -1.236913
v 2.133050 -0.078578 -1.385471
v 2.169464 1.057413 -1.202403
v 2.051152 -0.078578 -1.377405
v 2.051152 1.057413 -1.190750
v 1.969254 -0.078578 -1.385471
v 1.932839 1.057413 -1.202403
v 1.890503 -0.078578 -1.409360
v 1.819073 1.057413 -1.236913
v 1.817926 -0.078578 -1.448153
v 1.714226 1.057413 -1.292956
v 1.754312 -0.078578 -1.500360
v 1.622327 1.057413 -1.368375
v 1.702105 -0.078578 -1.563975
v 1.546907 1.057413 -1.460275
v 1.663312 -0.078578 -1.636552
v 1.490865 1.057413 -1.565122
v 1.639423 -0.078578 -1.715302
v 1.456355 1.057413 -1.678888
v 1.631357 -0.078578 -1.797201
v 1.444702 1.057413 -1.797201
v 1.639423 -0.078578 -1.879099
v 1.456355 1.057413 -1.915513
v 1.663312 -0.078578 -1.957849
v 1.490866 1.057413 -2.029279
v 1.702105 -0.078578 -2.030426
v 1.546908 1.057413 -2.134126
v 1.754312 -0.078578 -2.094041
v 1.622328 1.057413 -2.226026
v 1.817927 -0.078578 -2.146247
v 1.714227 1.057413 -2.301445
v 1.890504 -0.078578 -2.185041
v 1.819074 1.057413 -2.357487
v 1.969254 -0.078578 -2.208929
v 1.932840 1.057413 -2.391997
v 2.051152 0.490505 -2.382684
v 2.165374 0.490505 -2.371435
v 2.275207 0.490505 -2.338117
v 2.376430 0.490505 -2.284013
v 2.465152 0.490505 -2.211200
v 2.537965 0.490505 -2.122478
v 2.592069 0.490505 -2.021255
v 2.625386 0.490505 -1.911422
v 2.636636 0.490505 -1.797200
v 2.625387 0.490505 -1.682978
v 2.592069 0.490505 -1.573145
v 2.537965 0.490505 -1.471922
v 2.465152 0.490505 -1.383200
v 2.376430 0.490505 -1.310387
v 2.275207 0.490505 -1.256283
v 2.165374 0.490505 -1.222965
v 2.051152 0.490505 -1.211716
v 1.936929 0.490505 -1.222965
v 1.827096 0.490505 -1.256283
v 1.725874 0.490505 -1.310388
v 1.637152 0.490505 -1.383200
v 1.564339 0.490505 -1.471923
v 1.510235 0.490505 -1.573145
v 1.476917 0.490505 -1.682978
v 1.465667 0.490505 -1.797201
v 1.476918 0.490505 -1.911423
v 1.510235 0.490505 -2.021256
v 1.564340 0.490505 -2.122478
v 1.637152 0.490505 -2.211201
v 1.725875 0.490505 -2.284013
v 1.827098 0.490505 -2.338118
v 1.936930 0.490505 -2.371435
v 2.161129 1.055975 -2.350090
v 2.051152 1.055975 -2.360922
v 2.266879 1.055975 -2.318011
v 2.364339 1.055975 -2.265918
v 2.449764 1.055975 -2.195812
v 2.519870 1.055975 -2.110387
v 2.571963 1.055975 -2.012927
v 2.604042 1.055975 -1.907177
v 2.614874 1.055975 -1.797200
v 2.604042 1.055975 -1.687223
v 2.571963 1.055975 -1.581473
v 2.519870 1.055975 -1.484013
v 2.449763 1.055975 -1.398589
v 2.364339 1.055975 -1.328483
v 2.266879 1.055975 -1.276389
v 2.161129 1.055975 -1.244310
v 2.051152 1.055975 -1.233478
v 1.941175 1.055975 -1.244310
v 1.835425 1.055975 -1.276389
v 1.737965 1.055975 -1.328483
v 1.652540 1.055975 -1.398589
v 1.582434 1.055975 -1.484013
v 1.530341 1.055975 -1.581473
v 1.498262 1.055975 -1.687224
v 1.487430 1.055975 -1.797201
v 1.498262 1.055975 -1.907177
v 1.530341 1.055975 -2.012928
v 1.582435 1.055975 -2.110388
v 1.652541 1.055975 -2.195812
v 1.737966 1.055975 -2.265918
v 1.835426 1.055975 -2.318011
v 1.941176 1.055975 -2.350090
v 2.153011 0.509364 -2.309281
v 2.051152 0.509364 -2.319314
v 2.250956 0.509364 -2.279570
v 2.341223 0.509364 -2.231321
v 2.420342 0.509364 -2.166390
v 2.485273 0.509364 -2.087271
v 2.533522 0.509364 -1.997004
v 2.563233 0.509364 -1.899059
v 2.573265 0.509364 -1.797200
v 2.563233 0.509364 -1.695341
v 2.533522 0.509364 -1.597396
v 2.485273 0.509364 -1.507129
v 2.420342 0.509364 -1.428010
v 2.341223 0.509364 -1.363079
v 2.250956 0.509364 -1.314830
v 2.153011 0.509364 -1.285119
v 2.051152 0.509364 -1.275087
v 1.949293 0.509364 -1.285119
v 1.851348 0.509364 -1.314830
v 1.761081 0.509364 -1.363079
v 1.681962 0.509364 -1.428010
v 1.617030 0.509364 -1.507130
v 1.568782 0.509364 -1.597396
v 1.539071 0.509364 -1.695341
v 1.529039 0.509364 -1.797201
v 1.539071 0.509364 -1.899060
v 1.568782 0.509364 -1.997005
v 1.617031 0.509364 -2.087271
v 1.681963 0.509364 -2.166390
v 1.761082 0.509364 -2.231322
v 1.851349 0.509364 -2.279570
v 1.949293 0.509364 -2.309281
v 2.123496 -0.061282 -2.160899
v 2.051152 -0.061282 -2.168025
v 2.193060 -0.061282 -2.139797
v 2.257171 -0.061282 -2.105530
v 2.313365 -0.061282 -2.059413
v 2.359481 -0.061282 -2.003219
v 2.393749 -0.061282 -1.939109
v 2.414851 -0.061282 -1.869544
v 2.421977 -0.061282 -1.797200
v 2.414851 -0.061282 -1.724856
v 2.393749 -0.061282 -1.655292
v 2.359481 -0.061282 -1.591181
v 2.313365 -0.061282 -1.534987
v 2.257171 -0.061282 -1.488871
v 2.193060 -0.061282 -1.454603
v 2.123496 -0.061282 -1.433501
v 2.051152 -0.061282 -1.426375
v 1.978808 -0.061282 -1.433501
v 1.909243 -0.061282 -1.454603
v 1.845133 -0.061282 -1.488871
v 1.788939 -0.061282 -1.534988
v 1.742822 -0.061282 -1.591181
v 1.708555 -0.061282 -1.655292
v 1.687453 -0.061282 -1.724856
v 1.680327 -0.061282 -1.797200
v 1.687453 -0.061282 -1.869545
v 1.708555 -0.061282 -1.939109
v 1.742823 -0.061282 -2.003220
v 1.788940 -0.061282 -2.059413
v 1.845133 -0.061282 -2.105530
v 1.909244 -0.061282 -2.139798
v 1.978808 -0.061282 -2.160900
v 2.051152 0.956329 -2.414200
v 2.171523 0.956329 -2.402345
v 2.287268 0.956329 -2.367234
v 2.393939 0.956329 -2.310217
v 2.487437 0.956329 -2.233485
v 2.564169 0.956329 -2.139987
v 2.621186 0.956329 -2.033316
v 2.656297 0.956329 -1.917571
v 2.668152 0.956329 -1.797200
v 2.656297 0.956329 -1.676829
v 2.621186 0.956329 -1.561084
v 2.564169 0.956329 -1.454413
v 2.487437 0.956329 -1.360915
v 2.393939 0.956329 -1.284183
v 2.287268 0.956329 -1.227166
v 2.171523 0.956329 -1.192055
v 2.051152 0.956329 -1.180200
v 1.930781 0.956329 -1.192055
v 1.815036 0.956329 -1.227166
v 1.708365 0.956329 -1.284183
v 1.614867 0.956329 -1.360915
v 1.538135 0.956329 -1.454413
v 1.481118 0.956329 -1.561085
v 1.446007 0.956329 -1.676830
v 1.434152 0.956329 -1.797201
v 1.446007 0.956329 -1.917571
v 1.481118 0.956329 -2.033316
v 1.538136 0.956329 -2.139987
v 1.614867 0.956329 -2.233486
v 1.708366 0.956329 -2.310217
v 1.815037 0.956329 -2.367234
v 1.930782 0.956329 -2.402345
v 2.140841 0.029033 -2.248099
v 2.227084 0.029033 -2.221938
v 2.306566 0.029033 -2.179454
v 2.376232 0.029033 -2.122280
v 2.433406 0.029033 -2.052614
v 2.475890 0.029033 -1.973132
v 2.502051 0.029033 -1.886890
v 2.510885 0.029033 -1.797200
v 2.502051 0.029033 -1.707511
v 2.475890 0.029033 -1.621268
v 2.433406 0.029033 -1.541786
v 2.376232 0.029033 -1.472120
v 2.306566 0.029033 -1.414946
v 2.227084 0.029033 -1.372462
v 2.140841 0.029033 -1.346301
v 2.051152 0.029033 -1.337467
v 1.961462 0.029033 -1.346301
v 1.875220 0.029033 -1.372462
v 1.795738 0.029033 -1.414946
v 1.726071 0.029033 -1.472120
v 1.668898 0.029033 -1.541786
v 1.626414 0.029033 -1.621268
v 1.600253 0.029033 -1.707511
v 1.591419 0.029033 -1.797201
v 1.600253 0.029033 -1.886890
v 1.626414 0.029033 -1.973133
v 1.668898 0.029033 -2.052614
v 1.726072 0.029033 -2.122281
v 1.795739 0.029033 -2.179454
v 1.875220 0.029033 -2.221938
v 1.961463 0.029033 -2.248100
v 2.051152 0.029033 -2.256933
v 1.592139 0.954278 -2.103903
v 1.660794 0.954278 -2.187559
v 1.839892 0.954278 -2.307228
v 1.943453 0.954278 -2.338643
v 2.357855 0.954278 -2.256213
v 2.441510 0.954278 -2.187559
v 1.592139 0.954278 -1.490498
v 1.541124 0.954278 -1.585940
v 2.441510 0.954278 -1.406842
v 2.357855 0.954278 -1.338187
v 2.561180 0.954278 -2.008461
v 2.592595 0.954278 -1.904900
v 2.051152 0.954278 -2.349250
v 2.603202 0.954278 -1.797200
v 1.509709 0.954278 -1.904900
v 1.541124 0.954278 -2.008461
v 2.051152 0.954278 -1.245150
v 1.943452 0.954278 -1.255757
v 2.158852 0.954278 -2.338643
v 2.262413 0.954278 -2.307228
v 2.561180 0.954278 -1.585940
v 2.510165 0.954278 -1.490497
v 1.744450 0.954278 -2.256213
v 1.660793 0.954278 -1.406842
v 2.262412 0.954278 -1.287172
v 2.158852 0.954278 -1.255757
v 2.510165 0.954278 -2.103903
v 1.499102 0.954278 -1.797201
v 1.839891 0.954278 -1.287172
v 1.744449 0.954278 -1.338187
v 2.592595 0.954278 -1.689500
v 1.509709 0.954278 -1.689501
v 1.821536 0.057022 -2.140846
v 1.892990 0.057022 -2.179039
v 2.394797 0.057022 -1.567584
v 2.343398 0.057022 -1.504954
v 1.758906 0.057022 -1.504954
v 1.707507 0.057022 -1.567584
v 2.394797 0.057022 -2.026817
v 2.432990 0.057022 -1.955363
v 2.209315 0.057022 -1.415362
v 2.131783 0.057022 -1.391843
v 1.637853 0.057022 -1.797201
v 1.645795 0.057022 -1.877831
v 2.051152 0.057022 -1.383901
v 2.051152 0.057022 -2.210499
v 2.131783 0.057022 -2.202557
v 1.892989 0.057022 -1.415362
v 1.821535 0.057022 -1.453555
v 2.456509 0.057022 -1.716570
v 2.432990 0.057022 -1.639038
v 1.758906 0.057022 -2.089447
v 1.669314 0.057022 -1.639038
v 1.645795 0.057022 -1.716570
v 2.280768 0.057022 -1.453555
v 2.343398 0.057022 -2.089446
v 1.970521 0.057022 -1.391843
v 2.464451 0.057022 -1.797200
v 1.669314 0.057022 -1.955363
v 1.707507 0.057022 -2.026817
v 2.209315 0.057022 -2.179038
v 2.280768 0.057022 -2.140845
v 1.970522 0.057022 -2.202557
v 2.456509 0.057022 -1.877831
v 2.107162 -0.068545 -2.078780
v 2.051152 -0.068545 -2.084296
v 2.161019 -0.068545 -2.062442
v 2.210654 -0.068545 -2.035912
v 2.254160 -0.068545 -2.000208
v 2.289864 -0.068545 -1.956702
v 2.316394 -0.068545 -1.907067
v 2.332732 -0.068545 -1.853210
v 2.338248 -0.068545 -1.797200
v 2.332732 -0.068545 -1.741190
v 2.316394 -0.068545 -1.687333
v 2.289864 -0.068545 -1.637698
v 2.254160 -0.068545 -1.594193
v 2.210654 -0.068545 -1.558488
v 2.161019 -0.068545 -1.531958
v 2.107162 -0.068545 -1.515620
v 2.051152 -0.068545 -1.510104
v 1.995142 -0.068545 -1.515620
v 1.941285 -0.068545 -1.531958
v 1.891650 -0.068545 -1.558488
v 1.848144 -0.068545 -1.594193
v 1.812440 -0.068545 -1.637698
v 1.785910 -0.068545 -1.687333
v 1.769572 -0.068545 -1.741191
v 1.764056 -0.068545 -1.797200
v 1.769572 -0.068545 -1.853210
v 1.785910 -0.068545 -1.907067
v 1.812440 -0.068545 -1.956702
v 1.848145 -0.068545 -2.000208
v 1.891650 -0.068545 -2.035912
v 1.941285 -0.068545 -2.062443
v 1.995143 -0.068545 -2.078780
v 2.051152 -0.082723 -2.136819
v 2.117408 -0.082723 -2.130293
v 2.181118 -0.082723 -2.110967
v 2.239834 -0.082723 -2.079583
v 2.291299 -0.082723 -2.037347
v 2.333535 -0.082723 -1.985882
v 2.364919 -0.082723 -1.927167
v 2.384245 -0.082723 -1.863456
v 2.390771 -0.082723 -1.797200
v 2.384245 -0.082723 -1.730944
v 2.364919 -0.082723 -1.667234
v 2.333535 -0.082723 -1.608518
v 2.291299 -0.082723 -1.557053
v 2.239834 -0.082723 -1.514817
v 2.181118 -0.082723 -1.483433
v 2.117408 -0.082723 -1.464107
v 2.051152 -0.082723 -1.457581
v 1.984895 -0.082723 -1.464107
v 1.921185 -0.082723 -1.483433
v 1.862470 -0.082723 -1.514817
v 1.811005 -0.082723 -1.557053
v 1.768769 -0.082724 -1.608518
v 1.737385 -0.082723 -1.667234
v 1.718059 -0.082724 -1.730944
v 1.711533 -0.082724 -1.797200
v 1.718059 -0.082724 -1.863457
v 1.737385 -0.082724 -1.927167
v 1.768770 -0.082724 -1.985883
v 1.811005 -0.082724 -2.037347
v 1.862470 -0.082724 -2.079583
v 1.921186 -0.082724 -2.110967
v 1.984896 -0.082724 -2.130293
v 2.092299 -0.078578 -2.214972
v 2.110594 1.057413 -2.400727
v 2.051152 1.041823 -2.412971
v 2.134910 -0.058909 -2.218278
v 2.173012 -0.078578 -2.198918
v 2.227195 1.057413 -2.377534
v 2.215449 -0.058909 -2.193847
v 2.249041 -0.078578 -2.167425
v 2.337029 1.057413 -2.332039
v 2.289674 -0.058909 -2.154173
v 2.317466 -0.078578 -2.121705
v 2.435878 1.057413 -2.265990
v 2.354733 -0.058909 -2.100780
v 2.375657 -0.078578 -2.063514
v 2.519942 1.057413 -2.181926
v 2.408125 -0.058909 -2.035722
v 2.421377 -0.078578 -1.995090
v 2.585991 1.057413 -2.083077
v 2.447799 -0.058909 -1.961497
v 2.452869 -0.078578 -1.919060
v 2.631486 1.057413 -1.973243
v 2.472230 -0.058909 -1.880958
v 2.468924 -0.078578 -1.838347
v 2.654679 1.057413 -1.856642
v 2.480479 -0.058909 -1.797200
v 2.468924 -0.078578 -1.756053
v 2.654679 1.057413 -1.737758
v 2.472230 -0.058909 -1.713442
v 2.452869 -0.078578 -1.675341
v 2.631486 1.057413 -1.621158
v 2.447799 -0.058909 -1.632904
v 2.421377 -0.078578 -1.599311
v 2.585991 1.057413 -1.511323
v 2.408125 -0.058909 -1.558679
v 2.375657 -0.078578 -1.530886
v 2.519942 1.057413 -1.412474
v 2.354733 -0.058909 -1.493620
v 2.317466 -0.078578 -1.472695
v 2.435878 1.057413 -1.328410
v 2.289674 -0.058909 -1.440227
v 2.249041 -0.078578 -1.426975
v 2.337029 1.057413 -1.262361
v 2.215448 -0.058909 -1.400553
v 2.173012 -0.078578 -1.395483
v 2.227194 1.057413 -1.216866
v 2.134910 -0.058909 -1.376122
v 2.092299 -0.078578 -1.379428
v 2.110594 1.057413 -1.193673
v 2.051152 -0.058909 -1.367873
v 2.010005 -0.078578 -1.379428
v 1.991709 1.057413 -1.193673
v 1.967394 -0.058909 -1.376122
v 1.929292 -0.078578 -1.395483
v 1.875109 1.057413 -1.216866
v 1.886855 -0.058909 -1.400553
v 1.853262 -0.078578 -1.426975
v 1.765274 1.057413 -1.262361
v 1.812630 -0.058909 -1.440227
v 1.784837 -0.078578 -1.472695
v 1.666425 1.057413 -1.328410
v 1.747571 -0.058909 -1.493620
v 1.726647 -0.078578 -1.530886
v 1.582361 1.057413 -1.412474
v 1.694179 -0.058909 -1.558679
v 1.680927 -0.078578 -1.599311
v 1.516313 1.057413 -1.511323
v 1.654505 -0.058909 -1.632904
v 1.649434 -0.078578 -1.675341
v 1.470818 1.057413 -1.621158
v 1.630074 -0.058909 -1.713443
v 1.633380 -0.078578 -1.756054
v 1.447625 1.057413 -1.737758
v 1.621824 -0.058909 -1.797201
v 1.633380 -0.078578 -1.838348
v 1.447625 1.057413 -1.856643
v 1.630074 -0.058909 -1.880958
v 1.649435 -0.078578 -1.919060
v 1.470818 1.057413 -1.973243
v 1.654505 -0.058909 -1.961497
v 1.680927 -0.078578 -1.995090
v 1.516313 1.057413 -2.083078
v 1.694179 -0.058909 -2.035722
v 1.726647 -0.078578 -2.063515
v 1.582362 1.057413 -2.181927
v 1.747572 -0.058909 -2.100781
v 1.784838 -0.078578 -2.121705
v 1.666426 1.057413 -2.265991
v 1.812631 -0.058909 -2.154173
v 1.853263 -0.078578 -2.167425
v 1.765275 1.057413 -2.332040
v 1.886856 -0.058909 -2.193847
v 1.929293 -0.078578 -2.198918
v 1.875110 1.057413 -2.377534
v 1.967395 -0.058909 -2.218278
v 2.010005 -0.078578 -2.214972
v 1.991710 1.057413 -2.400728
v 2.051152 0.226372 -2.320296
v 2.170720 0.756815 -2.398311
v 2.285694 0.756815 -2.363434
v 2.391654 0.756815 -2.306797
v 2.484529 0.756815 -2.230577
v 2.560749 0.756815 -2.137702
v 2.617386 0.756815 -2.031742
v 2.652263 0.756815 -1.916768
v 2.664039 0.756815 -1.797200
v 2.652263 0.756815 -1.677632
v 2.617386 0.756815 -1.562658
v 2.560749 0.756815 -1.456698
v 2.484529 0.756815 -1.363823
v 2.391654 0.756815 -1.287603
v 2.285694 0.756815 -1.230966
v 2.170720 0.756815 -1.196089
v 2.051152 0.756815 -1.184313
v 1.931583 0.756815 -1.196089
v 1.816610 0.756815 -1.230966
v 1.710650 0.756815 -1.287603
v 1.617775 0.756815 -1.363823
v 1.541554 0.756815 -1.456698
v 1.484918 0.756815 -1.562659
v 1.450041 0.756815 -1.677632
v 1.438265 0.756815 -1.797201
v 1.450041 0.756815 -1.916769
v 1.484918 0.756815 -2.031743
v 1.541555 0.756815 -2.137703
v 1.617776 0.756815 -2.230577
v 1.710651 0.756815 -2.306798
v 1.816611 0.756815 -2.363435
v 1.931584 0.756815 -2.398311
v 1.881196 0.490505 -2.357472
v 1.993765 0.490505 -2.379863
v 1.775158 0.490505 -2.313550
v 1.679726 0.490505 -2.249784
v 1.598569 0.490505 -2.168627
v 1.534803 0.490505 -2.073195
v 1.490881 0.490505 -1.967157
v 1.468489 0.490505 -1.854588
v 1.468489 0.490505 -1.739813
v 1.490880 0.490505 -1.627244
v 1.534802 0.490505 -1.521206
v 1.598568 0.490505 -1.425774
v 1.679726 0.490505 -1.344616
v 1.775157 0.490505 -1.280851
v 1.881195 0.490505 -1.236928
v 1.993765 0.490505 -1.214537
v 2.108539 0.490505 -1.214537
v 2.221108 0.490505 -1.236928
v 2.327146 0.490505 -1.280851
v 2.422578 0.490505 -1.344616
v 2.503736 0.490505 -1.425774
v 2.567501 0.490505 -1.521206
v 2.611424 0.490505 -1.627244
v 2.633815 0.490505 -1.739813
v 2.633815 0.490505 -1.854587
v 2.611423 0.490505 -1.967157
v 2.567501 0.490505 -2.073195
v 2.503736 0.490505 -2.168626
v 2.422578 0.490505 -2.249784
v 2.327147 0.490505 -2.313549
v 2.221108 0.490505 -2.357472
v 2.108539 0.490505 -2.379863
v 2.106406 1.055975 -2.358205
v 2.214791 1.055975 -2.336646
v 2.316888 1.055975 -2.294356
v 2.408772 1.055975 -2.232961
v 2.486913 1.055975 -2.154820
v 2.548308 1.055975 -2.062936
v 2.590598 1.055975 -1.960839
v 2.612157 1.055975 -1.852454
v 2.612157 1.055975 -1.741946
v 2.590598 1.055975 -1.633561
v 2.548308 1.055975 -1.531465
v 2.486913 1.055975 -1.439580
v 2.408772 1.055975 -1.361439
v 2.316887 1.055975 -1.300044
v 2.214791 1.055975 -1.257754
v 2.106406 1.055975 -1.236195
v 1.995898 1.055975 -1.236195
v 1.887513 1.055975 -1.257754
v 1.785416 1.055975 -1.300044
v 1.693532 1.055975 -1.361439
v 1.615391 1.055975 -1.439580
v 1.553995 1.055975 -1.531465
v 1.511706 1.055975 -1.633561
v 1.490147 1.055975 -1.741946
v 1.490147 1.055975 -1.852455
v 1.511706 1.055975 -1.960840
v 1.553996 1.055975 -2.062936
v 1.615391 1.055975 -2.154820
v 1.693533 1.055975 -2.232962
v 1.785417 1.055975 -2.294357
v 1.887514 1.055975 -2.336646
v 1.995898 1.055975 -2.358205
v 1.937006 1.058711 -2.371057
v 2.051152 1.058711 -2.382299
v 1.726089 1.058711 -2.283693
v 1.827245 1.058711 -2.337762
v 1.477295 1.058711 -1.683053
v 1.466053 1.058711 -1.797201
v 1.510591 1.058711 -2.021108
v 1.564660 1.058711 -2.122264
v 1.564659 1.058711 -1.472137
v 1.510591 1.058711 -1.573293
v 1.827244 1.058711 -1.256639
v 1.726088 1.058711 -1.310708
v 1.477295 1.058711 -1.911348
v 2.165299 1.058711 -1.223343
v 2.051152 1.058711 -1.212101
v 2.376216 1.058711 -1.310708
v 2.275060 1.058711 -1.256639
v 2.591713 1.058711 -1.573292
v 2.537644 1.058711 -1.472136
v 1.937005 1.058711 -1.223343
v 2.625009 1.058711 -1.911347
v 2.636251 1.058711 -1.797200
v 2.275060 1.058711 -2.337761
v 2.376216 1.058711 -2.283692
v 2.625009 1.058711 -1.683053
v 2.537644 1.058711 -2.122264
v 2.591713 1.058711 -2.021108
v 2.165299 1.058711 -2.371057
v 1.637425 1.058711 -2.210928
v 1.637424 1.058711 -1.383473
v 2.464880 1.058711 -1.383472
v 2.464880 1.058711 -2.210928
v 2.102328 0.509365 -2.316797
v 2.202713 0.509365 -2.296829
v 2.297274 0.509365 -2.257661
v 2.382376 0.509365 -2.200798
v 2.454750 0.509365 -2.128424
v 2.511613 0.509365 -2.043322
v 2.550781 0.509365 -1.948761
v 2.570749 0.509364 -1.848376
v 2.570749 0.509364 -1.746024
v 2.550781 0.509364 -1.645639
v 2.511613 0.509364 -1.551079
v 2.454750 0.509364 -1.465976
v 2.382376 0.509364 -1.393603
v 2.297273 0.509364 -1.336739
v 2.202713 0.509364 -1.297571
v 2.102328 0.509364 -1.277603
v 1.999976 0.509364 -1.277603
v 1.899591 0.509364 -1.297571
v 1.805030 0.509364 -1.336739
v 1.719928 0.509364 -1.393603
v 1.647554 0.509364 -1.465976
v 1.590691 0.509364 -1.551079
v 1.551522 0.509364 -1.645640
v 1.531555 0.509364 -1.746025
v 1.531555 0.509364 -1.848377
v 1.551523 0.509364 -1.948761
v 1.590691 0.509364 -2.043322
v 1.647555 0.509364 -2.128424
v 1.719929 0.509364 -2.200798
v 1.805031 0.509365 -2.257661
v 1.899592 0.509365 -2.296830
v 1.999977 0.509365 -2.316797
v 1.596349 0.764013 -2.101091
v 1.659269 1.038150 -2.189084
v 1.841830 0.764013 -2.302551
v 1.943032 1.038150 -2.340758
v 2.355042 0.764013 -2.252004
v 2.443036 1.038150 -2.189084
v 1.596348 0.764013 -1.493310
v 1.539131 1.038150 -1.585115
v 2.437931 0.764013 -1.410421
v 2.359053 1.038150 -1.336394
v 2.556503 0.764013 -2.006523
v 2.594710 1.038150 -1.905321
v 2.051152 1.038150 -2.351407
v 2.605359 1.038150 -1.797200
v 1.514674 0.764013 -1.903913
v 1.539132 1.038150 -2.009286
v 2.051152 0.764013 -1.250212
v 1.943031 1.038150 -1.253642
v 2.157864 0.764013 -2.333678
v 2.263238 1.038150 -2.309221
v 2.556503 0.764013 -1.587877
v 2.511958 1.038150 -1.489299
v 1.747262 0.764013 -2.252004
v 1.664373 0.764013 -1.410421
v 2.260475 0.764013 -1.291849
v 2.159272 1.038150 -1.253642
v 2.505956 0.764013 -2.101090
v 1.504164 0.764013 -1.797201
v 1.841828 0.764013 -1.291849
v 1.743251 1.038150 -1.336394
v 2.587630 0.764013 -1.690488
v 1.507594 1.038150 -1.689080
v 2.087499 -0.061283 -2.166238
v 2.158796 -0.061283 -2.152056
v 2.225957 -0.061283 -2.124237
v 2.286400 -0.061283 -2.083850
v 2.337802 -0.061283 -2.032448
v 2.378189 -0.061283 -1.972005
v 2.406008 -0.061283 -1.904844
v 2.420190 -0.061283 -1.833547
v 2.420190 -0.061283 -1.760853
v 2.406008 -0.061283 -1.689556
v 2.378189 -0.061283 -1.622395
v 2.337802 -0.061283 -1.561952
v 2.286400 -0.061283 -1.510550
v 2.225957 -0.061283 -1.470163
v 2.158796 -0.061283 -1.442344
v 2.087499 -0.061283 -1.428162
v 2.014805 -0.061283 -1.428163
v 1.943508 -0.061283 -1.442344
v 1.876347 -0.061283 -1.470163
v 1.815904 -0.061283 -1.510550
v 1.764502 -0.061283 -1.561952
v 1.724115 -0.061283 -1.622396
v 1.696296 -0.061283 -1.689556
v 1.682114 -0.061283 -1.760853
v 1.682114 -0.061283 -1.833547
v 1.696296 -0.061283 -1.904845
v 1.724115 -0.061283 -1.972005
v 1.764502 -0.061283 -2.032448
v 1.815905 -0.061282 -2.083851
v 1.876348 -0.061283 -2.124237
v 1.943508 -0.061283 -2.152056
v 2.014805 -0.061283 -2.166238
v 1.837300 -0.035601 -2.117253
v 1.871984 0.252893 -2.229751
v 2.371204 -0.035601 -1.583348
v 2.382212 0.252893 -1.466140
v 1.778970 -0.035601 -1.525018
v 1.661867 0.252893 -1.537088
v 2.371204 -0.035601 -2.011052
v 2.483702 0.252893 -1.976368
v 2.198456 -0.035601 -1.441577
v 2.142491 0.252893 -1.338007
v 1.666228 -0.035601 -1.797200
v 1.591959 0.252893 -1.888540
v 2.051152 0.252893 -1.329011
v 2.051152 -0.035601 -2.182124
v 2.142491 0.252893 -2.256393
v 1.903848 -0.035601 -1.441577
v 1.791040 0.252893 -1.407915
v 2.428680 -0.035601 -1.722105
v 2.483703 0.252893 -1.618032
v 1.778970 -0.035601 -2.069383
v 1.695529 -0.035601 -1.649896
v 1.591959 0.252893 -1.705861
v 2.265004 -0.035601 -1.477148
v 2.323334 -0.035601 -2.069382
v 1.976057 -0.035601 -1.419672
v 2.436076 -0.035601 -1.797200
v 1.695529 -0.035601 -1.944504
v 1.661867 0.252893 -2.057312
v 2.198456 -0.035601 -2.152823
v 2.311264 0.252893 -2.186485
v 1.959813 0.252893 -2.256393
v 2.510345 0.252893 -1.888539
v 2.051152 0.756815 -2.410088
v 2.171283 1.041823 -2.401139
v 2.286797 1.041823 -2.366098
v 2.393256 1.041823 -2.309195
v 2.486568 1.041823 -2.232616
v 2.563147 1.041823 -2.139304
v 2.620050 1.041823 -2.032845
v 2.655091 1.041823 -1.917331
v 2.666923 1.041823 -1.797200
v 2.655091 1.041823 -1.677069
v 2.620050 1.041823 -1.561555
v 2.563147 1.041823 -1.455096
v 2.486568 1.041823 -1.361784
v 2.393256 1.041823 -1.285205
v 2.286797 1.041823 -1.228302
v 2.171283 1.041823 -1.193261
v 2.051152 1.041823 -1.181429
v 1.931021 1.041823 -1.193261
v 1.815506 1.041823 -1.228302
v 1.709048 1.041823 -1.285205
v 1.615736 1.041823 -1.361785
v 1.539157 1.041823 -1.455096
v 1.482254 1.041823 -1.561555
v 1.447213 1.041823 -1.677070
v 1.435381 1.041823 -1.797201
v 1.447213 1.041823 -1.917332
v 1.482254 1.041823 -2.032846
v 1.539158 1.041823 -2.139305
v 1.615737 1.041823 -2.232616
v 1.709049 1.041823 -2.309195
v 1.815508 1.041823 -2.366098
v 1.931022 1.041823 -2.401139
v 1.872048 0.956329 -2.387630
v 1.990676 0.956329 -2.411227
v 1.760302 0.956329 -2.341344
v 1.659733 0.956329 -2.274146
v 1.574207 0.956329 -2.188620
v 1.507009 0.956329 -2.088052
v 1.460722 0.956329 -1.976306
v 1.437125 0.956329 -1.857677
v 1.437125 0.956329 -1.736724
v 1.460722 0.956329 -1.618096
v 1.507008 0.956329 -1.506350
v 1.574206 0.956329 -1.405781
v 1.659732 0.956329 -1.320254
v 1.760301 0.956329 -1.253057
v 1.872047 0.956329 -1.206770
v 1.990675 0.956329 -1.183173
v 2.111628 0.956329 -1.183173
v 2.230257 0.956329 -1.206770
v 2.342003 0.956329 -1.253057
v 2.442571 0.956329 -1.320254
v 2.528098 0.956329 -1.405781
v 2.595295 0.956329 -1.506349
v 2.641582 0.956329 -1.618095
v 2.665179 0.956329 -1.736724
v 2.665179 0.956329 -1.857677
v 2.641582 0.956329 -1.976305
v 2.595295 0.956329 -2.088051
v 2.528098 0.956329 -2.188619
v 2.442571 0.956329 -2.274146
v 2.342003 0.956329 -2.341343
v 2.230257 0.956329 -2.387630
v 2.111628 0.956329 -2.411227
v 2.153203 0.226372 -2.310245
v 2.251332 0.226372 -2.280478
v 2.341769 0.226372 -2.232139
v 2.421037 0.226372 -2.167085
v 2.486091 0.226372 -2.087817
v 2.534430 0.226372 -1.997380
v 2.564197 0.226372 -1.899251
v 2.574248 0.226372 -1.797200
v 2.564197 0.226372 -1.695149
v 2.534430 0.226372 -1.597020
v 2.486091 0.226372 -1.506583
v 2.421037 0.226372 -1.427315
v 2.341769 0.226372 -1.362262
v 2.251332 0.226372 -1.313922
v 2.153203 0.226372 -1.284155
v 2.051152 0.226372 -1.274104
v 1.949101 0.226372 -1.284155
v 1.850971 0.226372 -1.313922
v 1.760535 0.226372 -1.362262
v 1.681267 0.226372 -1.427315
v 1.616213 0.226372 -1.506584
v 1.567874 0.226372 -1.597020
v 1.538107 0.226372 -1.695150
v 1.528056 0.226372 -1.797201
v 1.538107 0.226372 -1.899252
v 1.567874 0.226372 -1.997381
v 1.616214 0.226372 -2.087817
v 1.681268 0.226372 -2.167085
v 1.760536 0.226372 -2.232139
v 1.850972 0.226372 -2.280478
v 1.949102 0.226372 -2.310245
v 2.051152 -0.058909 -2.226528
v 2.096214 0.029033 -2.254718
v 2.184605 0.029033 -2.237135
v 2.267868 0.029033 -2.202647
v 2.342802 0.029033 -2.152577
v 2.406529 0.029033 -2.088850
v 2.456599 0.029033 -2.013916
v 2.491087 0.029033 -1.930653
v 2.508669 0.029033 -1.842262
v 2.508669 0.029033 -1.752139
v 2.491087 0.029033 -1.663747
v 2.456599 0.029033 -1.580484
v 2.406529 0.029033 -1.505550
v 2.342802 0.029033 -1.441823
v 2.267868 0.029033 -1.391753
v 2.184605 0.029033 -1.357265
v 2.096213 0.029033 -1.339683
v 2.006090 0.029033 -1.339683
v 1.917699 0.029033 -1.357265
v 1.834436 0.029033 -1.391754
v 1.759501 0.029033 -1.441823
v 1.695775 0.029033 -1.505550
v 1.645705 0.029033 -1.580485
v 1.611217 0.029033 -1.663748
v 1.593635 0.029033 -1.752139
v 1.593635 0.029033 -1.842262
v 1.611217 0.029033 -1.930653
v 1.645706 0.029033 -2.013916
v 1.695775 0.029033 -2.088851
v 1.759502 0.029033 -2.152577
v 1.834437 0.029033 -2.202647
v 2.006091 0.029033 -2.254718
v 1.917700 0.029033 -2.237135
v 1.590346 1.038150 -2.105102
v 1.664374 0.764013 -2.183980
v 1.839067 1.038150 -2.309221
v 1.944441 0.764013 -2.333678
v 2.359053 1.038150 -2.258006
v 2.437931 0.764013 -2.183979
v 1.590346 1.038150 -1.489300
v 1.545801 0.764013 -1.587877
v 2.443036 1.038150 -1.405317
v 2.355042 0.764013 -1.342396
v 2.563172 1.038150 -2.009286
v 2.587630 0.764013 -1.903912
v 2.051152 0.764013 -2.344188
v 2.598140 0.764013 -1.797200
v 1.507594 1.038150 -1.905321
v 1.545801 0.764013 -2.006524
v 2.051152 1.038150 -1.242993
v 1.944440 0.764013 -1.260722
v 2.159272 1.038150 -2.340758
v 2.260475 0.764013 -2.302551
v 2.563173 1.038150 -1.585114
v 2.505956 0.764013 -1.493310
v 1.743252 1.038150 -2.258007
v 1.659268 1.038150 -1.405317
v 2.263238 1.038150 -1.285179
v 2.157864 0.764013 -1.260722
v 2.511958 1.038150 -2.105101
v 1.496945 1.038150 -1.797201
v 1.839066 1.038150 -1.285180
v 1.747262 0.764013 -1.342396
v 2.594710 1.038150 -1.689080
v 1.514674 0.764013 -1.690488
v 2.311386 0.954278 -2.284063
v 1.890901 0.954278 -1.268923
v 1.564289 0.954278 -2.057434
v 2.600542 0.954278 -1.743090
v 1.501762 0.954278 -1.743090
v 1.522875 0.954278 -1.636949
v 2.477891 0.954278 -2.147416
v 2.311386 0.954278 -1.310337
v 1.700936 0.954278 -1.370461
v 1.700937 0.954278 -2.223939
v 2.105262 0.954278 -2.346590
v 2.579429 0.954278 -1.636949
v 1.790918 0.954278 -1.310337
v 2.105262 0.954278 -1.247810
v 1.501762 0.954278 -1.851311
v 2.538015 0.954278 -2.057434
v 2.211403 0.954278 -1.268923
v 2.477891 0.954278 -1.446985
v 1.624413 0.954278 -1.446985
v 1.790919 0.954278 -2.284063
v 2.538015 0.954278 -1.536966
v 2.211403 0.954278 -2.325477
v 1.997042 0.954278 -1.247810
v 1.522875 0.954278 -1.957452
v 2.600542 0.954278 -1.851310
v 1.997042 0.954278 -2.346590
v 2.579429 0.954278 -1.957451
v 2.401368 0.954278 -1.370461
v 1.564289 0.954278 -1.536967
v 2.401368 0.954278 -2.223939
v 1.890902 0.954278 -2.325477
v 1.624413 0.954278 -2.147416
v 1.791040 0.252893 -2.186486
v 1.903849 -0.035601 -2.152823
v 2.440437 0.252893 -1.537088
v 2.323334 -0.035601 -1.525018
v 1.720092 0.252893 -1.466140
v 1.731099 -0.035601 -1.583348
v 2.440437 0.252893 -2.057312
v 2.406775 -0.035601 -1.944504
v 2.230320 0.252893 -1.364650
v 2.126247 -0.035601 -1.419672
v 1.582963 0.252893 -1.797201
v 1.673624 -0.035601 -1.872295
v 2.051152 -0.035601 -1.412276
v 2.051152 0.252893 -2.265389
v 2.126247 -0.035601 -2.174728
v 1.871984 0.252893 -1.364650
v 1.837300 -0.035601 -1.477148
v 2.510345 0.252893 -1.705861
v 2.406775 -0.035601 -1.649896
v 1.720093 0.252893 -2.128260
v 1.618601 0.252893 -1.618032
v 1.673624 -0.035601 -1.722106
v 2.311264 0.252893 -1.407915
v 2.382212 0.252893 -2.128260
v 1.959813 0.252893 -1.338007
v 2.519341 0.252893 -1.797200
v 1.618602 0.252893 -1.976369
v 1.731100 -0.035601 -2.011053
v 2.230320 0.252893 -2.229751
v 2.265004 -0.035601 -2.117253
v 1.976058 -0.035601 -2.174728
v 2.428679 -0.035601 -1.872295
v 2.415648 0.057022 -1.602373
v 2.171126 0.057022 -2.192701
v 2.010642 0.057022 -1.385893
v 1.655651 0.057022 -1.917174
v 2.462459 0.057022 -1.837710
v 2.010642 0.057022 -2.208507
v 2.446653 0.057022 -1.917174
v 1.686656 0.057022 -1.602373
v 2.313345 0.057022 -2.116683
v 2.313345 0.057022 -1.477717
v 1.931179 0.057022 -2.192701
v 1.731669 0.057022 -2.059393
v 2.245979 0.057022 -2.161695
v 1.686657 0.057022 -1.992027
v 2.462459 0.057022 -1.756690
v 1.931178 0.057022 -1.401699
v 1.639845 0.057022 -1.756690
v 2.370635 0.057022 -2.059393
v 2.245979 0.057022 -1.432704
v 1.655651 0.057022 -1.677227
v 1.788959 0.057022 -1.477717
v 1.788960 0.057022 -2.116683
v 2.446653 0.057022 -1.677226
v 1.856325 0.057022 -1.432705
v 2.091662 0.057022 -2.208507
v 2.091662 0.057022 -1.385893
v 1.639845 0.057022 -1.837711
v 2.171126 0.057022 -1.401699
v 2.415648 0.057022 -1.992027
v 1.731669 0.057022 -1.535007
v 2.370635 0.057022 -1.535007
v 1.856326 0.057022 -2.161696
v 2.075985 -0.068545 -2.049336
v 2.124697 -0.068545 -2.039647
v 2.170583 -0.068545 -2.020640
v 2.211879 -0.068545 -1.993047
v 2.246999 -0.068545 -1.957928
v 2.274592 -0.068545 -1.916631
v 2.293599 -0.068545 -1.870746
v 2.303288 -0.068545 -1.822033
v 2.303288 -0.068545 -1.772367
v 2.293599 -0.068545 -1.723655
v 2.274592 -0.068545 -1.677769
v 2.246999 -0.068545 -1.636473
v 2.211879 -0.068545 -1.601353
v 2.170583 -0.068545 -1.573760
v 2.124697 -0.068545 -1.554753
v 2.075985 -0.068545 -1.545064
v 2.026319 -0.068545 -1.545064
v 1.977606 -0.068545 -1.554753
v 1.931721 -0.068545 -1.573760
v 1.890424 -0.068545 -1.601353
v 1.855305 -0.068545 -1.636473
v 1.827712 -0.068545 -1.677769
v 1.808705 -0.068545 -1.723655
v 1.799016 -0.068545 -1.772367
v 1.799016 -0.068545 -1.822034
v 1.808705 -0.068545 -1.870746
v 1.827712 -0.068545 -1.916632
v 1.855305 -0.068545 -1.957928
v 1.890425 -0.068545 -1.993047
v 1.931721 -0.068545 -2.020641
v 1.977607 -0.068545 -2.039647
v 2.026319 -0.068545 -2.049336
v 1.806619 -0.067637 -2.041733
v 1.859024 -0.067637 -2.084741
v 1.859024 -0.067637 -1.509660
v 1.806619 -0.067637 -1.552667
v 2.295685 -0.067637 -2.041733
v 2.338692 -0.067637 -1.989328
v 1.731654 -0.067637 -1.664860
v 1.711975 -0.067637 -1.729734
v 2.243280 -0.067637 -1.509660
v 2.183492 -0.067637 -1.477702
v 1.705330 -0.067637 -1.797200
v 1.731655 -0.067637 -1.929541
v 1.763612 -0.067637 -1.989329
v 1.983685 -0.067637 -1.458023
v 1.918812 -0.067637 -1.477703
v 2.396974 -0.067637 -1.797200
v 2.390329 -0.067637 -1.729734
v 2.183492 -0.067637 -2.116698
v 2.243280 -0.067637 -2.084740
v 1.918812 -0.067637 -2.116698
v 1.983686 -0.067637 -2.136377
v 1.763612 -0.067637 -1.605072
v 2.295685 -0.067637 -1.552667
v 2.370650 -0.067637 -1.929540
v 2.390329 -0.067637 -1.864667
v 2.051152 -0.067637 -2.143022
v 2.051152 -0.067637 -1.451378
v 1.711975 -0.067637 -1.864667
v 2.370650 -0.067637 -1.664860
v 2.338692 -0.067637 -1.605072
v 2.118618 -0.067637 -2.136377
v 2.118618 -0.067637 -1.458023
v 2.080615 -0.082724 -2.096345
v 2.138409 -0.082724 -2.084849
v 2.192850 -0.082724 -2.062299
v 2.241846 -0.082724 -2.029562
v 2.283513 -0.082724 -1.987894
v 2.316251 -0.082724 -1.938899
v 2.338801 -0.082724 -1.884458
v 2.350297 -0.082724 -1.826663
v 2.350297 -0.082724 -1.767737
v 2.338801 -0.082724 -1.709943
v 2.316251 -0.082724 -1.655502
v 2.283513 -0.082724 -1.606506
v 2.241846 -0.082724 -1.564839
v 2.192850 -0.082724 -1.532101
v 2.138409 -0.082724 -1.509551
v 2.080615 -0.082724 -1.498055
v 2.021689 -0.082724 -1.498055
v 1.963894 -0.082724 -1.509551
v 1.909453 -0.082724 -1.532101
v 1.860458 -0.082724 -1.564839
v 1.818791 -0.082724 -1.606506
v 1.786053 -0.082724 -1.655502
v 1.763503 -0.082724 -1.709943
v 1.752007 -0.082724 -1.767737
v 1.752007 -0.082724 -1.826664
v 1.763503 -0.082724 -1.884458
v 1.786053 -0.082724 -1.938899
v 1.818791 -0.082724 -1.987894
v 1.860458 -0.082724 -2.029562
v 1.909454 -0.082724 -2.062299
v 1.963895 -0.082724 -2.084850
v 2.021689 -0.082724 -2.096345
v 2.129516 -0.082205 -2.191160
v 2.051152 -0.082205 -2.198878
v 1.972789 -0.082205 -2.191160
v 1.897437 -0.082205 -2.168303
v 1.827992 -0.082205 -2.131184
v 1.767123 -0.082205 -2.081230
v 1.680050 -0.082205 -1.950916
v 1.657192 -0.082205 -1.875564
v 1.657192 -0.082205 -1.718837
v 1.680049 -0.082205 -1.643485
v 1.649474 -0.082205 -1.797200
v 2.129515 -0.082205 -1.403240
v 2.204868 -0.082205 -1.426098
v 1.717169 -0.082205 -1.574040
v 1.767122 -0.082205 -1.513171
v 1.897436 -0.082205 -1.426098
v 1.972788 -0.082205 -1.403240
v 2.445112 -0.082205 -1.875564
v 2.422254 -0.082205 -1.950916
v 2.274312 -0.082205 -1.463217
v 2.335181 -0.082205 -1.513171
v 2.422254 -0.082205 -1.643485
v 2.445112 -0.082205 -1.718837
v 2.051152 -0.082205 -1.395522
v 2.385135 -0.082205 -2.020361
v 2.335181 -0.082205 -2.081230
v 2.204868 -0.082205 -2.168303
v 2.452830 -0.082205 -1.797200
v 1.717169 -0.082205 -2.020361
v 1.827991 -0.082205 -1.463217
v 2.385135 -0.082205 -1.574040
v 2.274312 -0.082205 -2.131183
v 2.111508 1.041823 -2.410003
v 2.229900 1.041823 -2.386454
v 2.341423 1.041823 -2.340259
v 2.441791 1.041823 -2.273196
v 2.527148 1.041823 -2.187840
v 2.594211 1.041823 -2.087471
v 2.640406 1.041823 -1.975948
v 2.663955 1.041823 -1.857556
v 2.663955 1.041823 -1.736844
v 2.640406 1.041823 -1.618452
v 2.594211 1.041823 -1.506929
v 2.527148 1.041823 -1.406561
v 2.441791 1.041823 -1.321205
v 2.341423 1.041823 -1.254141
v 2.229900 1.041823 -1.207946
v 2.111508 1.041823 -1.184397
v 1.990796 1.041823 -1.184397
v 1.872404 1.041823 -1.207946
v 1.760880 1.041823 -1.254141
v 1.660512 1.041823 -1.321205
v 1.575156 1.041823 -1.406561
v 1.508092 1.041823 -1.506929
v 1.461898 1.041823 -1.618452
v 1.438349 1.041823 -1.736845
v 1.438349 1.041823 -1.857557
v 1.461899 1.041823 -1.975949
v 1.508093 1.041823 -2.087472
v 1.575157 1.041823 -2.187840
v 1.660513 1.041823 -2.273196
v 1.760882 1.041823 -2.340260
v 1.993803 1.058711 -2.379480
v 1.990797 1.041823 -2.410003
v 1.872405 1.041823 -2.386454
v 2.090211 -0.082205 -2.193777
v 1.899307 0.226372 -2.297770
v 1.999880 0.226372 -2.317775
v 1.804568 0.226372 -2.258528
v 1.719305 0.226372 -2.201558
v 1.646795 0.226372 -2.129048
v 1.589824 0.226372 -2.043786
v 1.550582 0.226372 -1.949047
v 1.530577 0.226372 -1.848473
v 1.530577 0.226372 -1.745928
v 1.550582 0.226372 -1.645354
v 1.589824 0.226372 -1.550616
v 1.646795 0.226372 -1.465353
v 1.719304 0.226372 -1.392843
v 1.804567 0.226372 -1.335872
v 1.899306 0.226372 -1.296630
v 1.999880 0.226372 -1.276625
v 2.102424 0.226372 -1.276625
v 2.202998 0.226372 -1.296630
v 2.297737 0.226372 -1.335872
v 2.382999 0.226372 -1.392843
v 2.455509 0.226372 -1.465353
v 2.512480 0.226372 -1.550615
v 2.551722 0.226372 -1.645354
v 2.571727 0.226372 -1.745928
v 2.571727 0.226372 -1.848472
v 2.551722 0.226372 -1.949046
v 2.512480 0.226372 -2.043785
v 2.455509 0.226372 -2.129047
v 2.382999 0.226372 -2.201557
v 2.297737 0.226372 -2.258528
v 2.202998 0.226372 -2.297770
v 2.102424 0.226372 -2.317775
v 1.628327 0.764013 -2.144205
v 1.775340 1.058711 -2.313210
v 1.468872 1.058711 -1.739851
v 1.535143 1.058711 -2.073014
v 1.535142 1.058711 -1.521388
v 1.775339 1.058711 -1.281191
v 1.468872 1.058711 -1.854550
v 2.108501 1.058711 -1.214920
v 2.326965 1.058711 -1.281190
v 2.567162 1.058711 -1.521387
v 1.993802 1.058711 -1.214920
v 2.633432 1.058711 -1.854550
v 2.326965 1.058711 -2.313210
v 2.633432 1.058711 -1.739851
v 2.567162 1.058711 -2.073013
v 2.108501 1.058711 -2.379480
v 1.881308 1.058711 -2.357103
v 1.598866 1.058711 -2.168382
v 1.679971 1.058711 -2.249487
v 1.679970 1.058711 -1.344914
v 1.491249 1.058711 -1.967045
v 1.491249 1.058711 -1.627356
v 1.881307 1.058711 -1.237297
v 2.220997 1.058711 -1.237297
v 1.598866 1.058711 -1.426019
v 2.503438 1.058711 -1.426018
v 2.611055 1.058711 -1.967045
v 2.422334 1.058711 -1.344914
v 2.422334 1.058711 -2.249486
v 2.611055 1.058711 -1.627355
v 2.503438 1.058711 -2.168382
v 2.220997 1.058711 -2.357103
v 1.869701 -0.035601 -2.136672
v 1.892371 0.764013 -2.320633
v 2.398156 0.764013 -2.220026
v 1.568753 0.764013 -1.539353
v 2.398156 0.764013 -1.374374
v 2.574585 0.764013 -1.955982
v 1.997538 0.764013 -2.341552
v 2.595504 0.764013 -1.850814
v 1.527719 0.764013 -1.955982
v 1.997538 0.764013 -1.252848
v 2.209934 0.764013 -2.320633
v 2.533551 0.764013 -1.539353
v 1.793305 0.764013 -2.279599
v 1.628326 0.764013 -1.450196
v 2.473978 0.764013 -1.450196
v 2.209934 0.764013 -1.273767
v 2.533550 0.764013 -2.055047
v 1.506800 0.764013 -1.850815
v 2.104766 0.764013 -1.252848
v 1.793304 0.764013 -1.314802
v 2.574585 0.764013 -1.638419
v 2.104766 0.764013 -2.341552
v 1.704148 0.764013 -2.220026
v 1.704148 0.764013 -1.374375
v 2.308999 0.764013 -1.314802
v 2.473978 0.764013 -2.144204
v 1.527719 0.764013 -1.638419
v 1.506800 0.764013 -1.743587
v 2.595504 0.764013 -1.743586
v 1.568754 0.764013 -2.055048
v 1.892370 0.764013 -1.273767
v 2.308999 0.764013 -2.279598
v 1.833528 -0.067637 -2.062376
v 2.348701 -0.035601 -1.553008
v 1.753603 -0.035601 -1.553008
v 2.390623 -0.035601 -1.978651
v 2.162889 -0.035601 -1.428852
v 1.668083 -0.035601 -1.834929
v 2.088881 -0.035601 -1.414131
v 2.088881 -0.035601 -2.180269
v 1.869701 -0.035601 -1.457729
v 2.419500 -0.035601 -1.685463
v 1.806960 -0.035601 -2.094749
v 1.806960 -0.035601 -1.499651
v 1.682804 -0.035601 -1.685463
v 2.232603 -0.035601 -1.457729
v 2.348701 -0.035601 -2.041392
v 1.668083 -0.035601 -1.759471
v 1.939415 -0.035601 -1.428852
v 2.434221 -0.035601 -1.759471
v 1.711681 -0.035601 -1.978652
v 2.232603 -0.035601 -2.136671
v 1.753603 -0.035601 -2.041393
v 1.939415 -0.035601 -2.165548
v 2.295344 -0.035601 -1.499651
v 2.295344 -0.035601 -2.094749
v 1.711681 -0.035601 -1.615749
v 2.419500 -0.035601 -1.908937
v 2.013423 -0.035601 -2.180269
v 2.434221 -0.035601 -1.834929
v 1.682804 -0.035601 -1.908938
v 2.013423 -0.035601 -1.414131
v 2.162889 -0.035601 -2.165548
v 2.390623 -0.035601 -1.615749
v 1.873242 0.756815 -2.383695
v 1.991079 0.756815 -2.407134
v 1.762241 0.756815 -2.337717
v 1.662343 0.756815 -2.270967
v 1.577386 0.756815 -2.186011
v 1.510636 0.756815 -2.086112
v 1.464658 0.756815 -1.975112
v 1.441218 0.756815 -1.857274
v 1.441218 0.756815 -1.737127
v 1.464658 0.756815 -1.619289
v 1.510635 0.756815 -1.508289
v 1.577385 0.756815 -1.408390
v 1.662342 0.756815 -1.323434
v 1.762240 0.756815 -1.256684
v 1.873241 0.756815 -1.210706
v 1.991078 0.756815 -1.187266
v 2.111225 0.756815 -1.187266
v 2.229063 0.756815 -1.210706
v 2.340064 0.756815 -1.256684
v 2.439962 0.756815 -1.323434
v 2.524919 0.756815 -1.408390
v 2.591668 0.756815 -1.508288
v 2.637646 0.756815 -1.619289
v 2.661086 0.756815 -1.737127
v 2.661086 0.756815 -1.857273
v 2.637646 0.756815 -1.975111
v 2.591668 0.756815 -2.086112
v 2.524919 0.756815 -2.186010
v 2.439962 0.756815 -2.270967
v 2.340064 0.756815 -2.337716
v 2.229063 0.756815 -2.383694
v 2.111225 0.756815 -2.407134
v 2.093233 -0.058909 -2.224459
v 2.175779 -0.058909 -2.208039
v 2.253535 -0.058909 -2.175832
v 2.323514 -0.058909 -2.129073
v 2.383025 -0.058909 -2.069561
v 2.429784 -0.058909 -1.999583
v 2.461991 -0.058909 -1.921827
v 2.478410 -0.058909 -1.839281
v 2.478410 -0.058909 -1.755119
v 2.461991 -0.058909 -1.672573
v 2.429784 -0.058909 -1.594817
v 2.383025 -0.058909 -1.524839
v 2.323514 -0.058909 -1.465327
v 2.253535 -0.058909 -1.418568
v 2.175779 -0.058909 -1.386361
v 2.093233 -0.058909 -1.369941
v 2.009071 -0.058909 -1.369942
v 1.926525 -0.058909 -1.386361
v 1.848769 -0.058909 -1.418569
v 1.778790 -0.058909 -1.465327
v 1.719278 -0.058909 -1.524839
v 1.672520 -0.058909 -1.594818
v 1.640313 -0.058909 -1.672574
v 1.623893 -0.058909 -1.755119
v 1.623893 -0.058909 -1.839282
v 1.640313 -0.058909 -1.921827
v 1.672521 -0.058909 -1.999583
v 1.719279 -0.058909 -2.069562
v 1.778791 -0.058909 -2.129074
v 1.848770 -0.058909 -2.175832
v 2.009071 -0.058909 -2.224459
v 1.926526 -0.058909 -2.208040
v 2.312402 1.038150 -2.285965
v 1.890275 1.038150 -1.266859
v 1.562387 1.038150 -2.058451
v 2.602688 1.038150 -1.742879
v 1.499616 1.038150 -1.742879
v 1.520811 1.038150 -1.636323
v 2.479558 1.038150 -2.148784
v 2.312402 1.038150 -1.308435
v 1.699568 1.038150 -1.368794
v 1.699569 1.038150 -2.225607
v 2.105474 1.038150 -2.348736
v 2.581493 1.038150 -1.636323
v 1.789901 1.038150 -1.308435
v 2.105474 1.038150 -1.245664
v 1.499616 1.038150 -1.851522
v 2.539917 1.038150 -2.058450
v 2.212029 1.038150 -1.266859
v 2.479558 1.038150 -1.445616
v 1.622746 1.038150 -1.445616
v 1.789902 1.038150 -2.285965
v 2.539917 1.038150 -1.535950
v 2.212029 1.038150 -2.327541
v 1.996830 1.038150 -1.245664
v 1.520811 1.038150 -1.958078
v 2.602688 1.038150 -1.851522
v 1.996831 1.038150 -2.348736
v 2.581493 1.038150 -1.958077
v 2.402736 1.038150 -1.368794
v 1.562387 1.038150 -1.535950
v 2.402736 1.038150 -2.225606
v 1.890276 1.038150 -2.327541
v 1.622746 1.038150 -2.148784
v 2.464056 0.252893 -1.576498
v 2.187060 0.252893 -2.245228
v 2.005261 0.252893 -1.331267
v 1.603125 0.252893 -1.933108
v 2.517085 0.252893 -1.843091
v 2.005262 0.252893 -2.263133
v 2.499179 0.252893 -1.933108
v 1.638247 0.252893 -1.576498
v 2.348167 0.252893 -2.159114
v 2.348167 0.252893 -1.435286
v 1.915245 0.252893 -2.245228
v 1.689239 0.252893 -2.094215
v 2.271854 0.252893 -2.210104
v 1.638248 0.252893 -2.017903
v 2.517085 0.252893 -1.751310
v 1.915244 0.252893 -1.349173
v 1.585219 0.252893 -1.751310
v 2.413066 0.252893 -2.094215
v 2.271854 0.252893 -1.384295
v 1.603124 0.252893 -1.661293
v 1.754137 0.252893 -1.435287
v 1.754138 0.252893 -2.159114
v 2.499179 0.252893 -1.661293
v 1.830450 0.252893 -1.384296
v 2.097042 0.252893 -2.263133
v 2.097042 0.252893 -1.331267
v 1.585219 0.252893 -1.843091
v 2.187060 0.252893 -1.349173
v 2.464056 0.252893 -2.017902
v 1.689238 0.252893 -1.500185
v 2.413066 0.252893 -1.500185
v 1.830451 0.252893 -2.210105
v 2.051152 -0.068545 -1.797200
v 1.833527 -0.067637 -1.532024
v 2.316328 -0.067637 -2.014824
v 1.722880 -0.067637 -1.697620
v 2.212862 -0.067637 -1.494663
v 1.709761 -0.067637 -1.763576
v 1.748615 -0.067637 -1.958910
v 1.951572 -0.067637 -1.468928
v 2.392543 -0.067637 -1.763576
v 2.212862 -0.067637 -2.099737
v 1.785976 -0.067637 -2.014825
v 1.951572 -0.067637 -2.125472
v 1.748615 -0.067637 -1.635491
v 2.268776 -0.067637 -1.532024
v 2.268776 -0.067637 -2.062376
v 2.379424 -0.067637 -1.896780
v 2.017528 -0.067637 -2.138592
v 2.017528 -0.067637 -1.455809
v 2.392543 -0.067637 -1.830824
v 1.722880 -0.067637 -1.896781
v 2.353689 -0.067637 -1.635491
v 2.150732 -0.067637 -2.125472
v 1.889443 -0.067637 -2.099738
v 2.316328 -0.067637 -1.579576
v 1.785976 -0.067637 -1.579576
v 2.353689 -0.067637 -1.958910
v 2.150732 -0.067637 -1.468928
v 1.709761 -0.067637 -1.830825
v 2.084776 -0.067637 -1.455809
v 2.084776 -0.067637 -2.138592
v 1.889442 -0.067637 -1.494663
v 2.379424 -0.067637 -1.697620
v 2.051152 -0.082723 -1.797200
v 1.935475 -0.082205 -2.178537
v 2.012093 -0.082205 -2.193777
v 1.798349 -0.082205 -2.105242
v 1.669815 -0.082205 -1.912878
v 1.669815 -0.082205 -1.681523
v 1.654575 -0.082205 -1.758141
v 2.166829 -0.082205 -1.415863
v 1.743110 -0.082205 -1.544397
v 1.935475 -0.082205 -1.415863
v 2.432489 -0.082205 -1.912877
v 2.303955 -0.082205 -1.489159
v 2.432489 -0.082205 -1.681523
v 2.090211 -0.082205 -1.400623
v 2.359194 -0.082205 -2.050003
v 2.166829 -0.082205 -2.178537
v 2.447729 -0.082205 -1.836260
v 1.863303 -0.082205 -2.148643
v 1.699710 -0.082205 -1.985050
v 1.699710 -0.082205 -1.609351
v 1.743111 -0.082205 -2.050004
v 1.863302 -0.082205 -1.445758
v 1.654575 -0.082205 -1.836260
v 1.798349 -0.082205 -1.489159
v 2.402594 -0.082205 -1.609350
v 2.012092 -0.082205 -1.400623
v 2.239002 -0.082205 -1.445758
v 2.447729 -0.082205 -1.758141
v 2.402594 -0.082205 -1.985050
v 2.359194 -0.082205 -1.544397
v 2.239002 -0.082205 -2.148642
v 2.303955 -0.082205 -2.105242
vn -0.0000 -0.7748 -0.6322
vn -0.0000 0.8361 -0.5486
vn 0.1233 -0.7748 -0.6200
vn 0.1070 0.8361 -0.5381
vn 0.2419 -0.7748 -0.5841
vn 0.2099 0.8361 -0.5069
vn 0.3512 -0.7748 -0.5256
vn 0.3048 0.8361 -0.4562
vn 0.4470 -0.7748 -0.4470
vn 0.3879 0.8361 -0.3879
vn 0.5256 -0.7748 -0.3512
vn 0.4562 0.8361 -0.3048
vn 0.5841 -0.7748 -0.2419
vn 0.5069 0.8361 -0.2099
vn 0.6200 -0.7748 -0.1233
vn 0.5381 0.8361 -0.1070
vn 0.6322 -0.7748 -0.0000
vn 0.5486 0.8361 -0.0000
vn 0.6200 -0.7748 0.1233
vn 0.5381 0.8361 0.1070
vn 0.5841 -0.7748 0.2419
vn 0.5069 0.8361 0.2099
vn 0.5256 -0.7748 0.3512
vn 0.4562 0.8361 0.3048
vn 0.4470 -0.7748 0.4470
vn 0.3879 0.8361 0.3879
vn 0.3512 -0.7748 0.5256
vn 0.3048 0.8361 0.4562
vn 0.2419 -0.7748 0.5841
vn 0.2099 0.8361 0.5069
vn 0.1233 -0.7748 0.6200
vn 0.1070 0.8361 0.5381
vn -0.0000 -0.7748 0.6322
vn -0.0000 0.8361 0.5486
vn -0.1233 -0.7748 0.6200
vn -0.1070 0.8361 0.5381
vn -0.2419 -0.7748 0.5841
vn -0.2099 0.8361 0.5069
vn -0.3512 -0.7748 0.5256
vn -0.3048 0.8361 0.4562
vn -0.4470 -0.7748 0.4470
vn -0.3879 0.8361 0.3879
vn -0.5256 -0.7748 0.3512
vn -0.4562 0.8361 0.3048
vn -0.5841 -0.7748 0.2419
vn -0.5069 0.8361 0.2099
vn -0.6200 -0.7748 0.1233
vn -0.5381 0.8361 0.1070
vn -0.6322 -0.7748 -0.0000
vn -0.5486 0.8361 -0.0000
vn -0.6200 -0.7748 -0.1233
vn -0.5381 0.8361 -0.1070
vn -0.5841 -0.7748 -0.2419
vn -0.5069 0.8361 -0.2099
vn -0.5256 -0.7748 -0.3512
vn -0.4562 0.8361 -0.3048
vn -0.4470 -0.7748 -0.4470
vn -0.3879 0.8361 -0.3879
vn -0.3512 -0.7748 -0.5256
vn -0.3048 0.8361 -0.4562
vn -0.2419 -0.7748 -0.5841
vn -0.2099 0.8361 -0.5069
vn -0.1233 -0.7748 -0.6200
vn -0.1070 0.8361 -0.5381
vn -0.0000 -0.1659 -0.9861
vn 0.1924 -0.1659 -0.9672
vn 0.3774 -0.1659 -0.9111
vn 0.5479 -0.1659 -0.8199
vn 0.6973 -0.1659 -0.6973
vn 0.8199 -0.1659 -0.5479
vn 0.9111 -0.1659 -0.3774
vn 0.9672 -0.1659 -0.1924
vn 0.9861 -0.1659 -0.0000
vn 0.9672 -0.1659 0.1924
vn 0.9111 -0.1659 0.3774
vn 0.8199 -0.1659 0.5479
vn 0.6973 -0.1659 0.6973
vn 0.5479 -0.1659 0.8199
vn 0.3774 -0.1659 0.9111
vn 0.1924 -0.1659 0.9672
vn -0.0000 -0.1659 0.9861
vn -0.1924 -0.1659 0.9672
vn -0.3774 -0.1659 0.9111
vn -0.5479 -0.1659 0.8199
vn -0.6973 -0.1659 0.6973
vn -0.8199 -0.1659 0.5479
vn -0.9111 -0.1659 0.3774
vn -0.9672 -0.1659 0.1924
vn -0.9861 -0.1659 -0.0000
vn -0.9672 -0.1659 -0.1924
vn -0.9111 -0.1659 -0.3774
vn -0.8199 -0.1659 -0.5479
vn -0.6973 -0.1659 -0.6973
vn -0.5479 -0.1659 -0.8199
vn -0.3774 -0.1659 -0.9111
vn -0.1924 -0.1659 -0.9672
vn -0.1124 0.8174 0.5650
vn -0.0000 0.8174 0.5760
vn -0.2204 0.8174 0.5322
vn -0.3200 0.8174 0.4789
vn -0.4073 0.8174 0.4073
vn -0.4789 0.8174 0.3200
vn -0.5322 0.8174 0.2204
vn -0.5650 0.8174 0.1124
vn -0.5760 0.8174 -0.0000
vn -0.5650 0.8174 -0.1124
vn -0.5322 0.8174 -0.2204
vn -0.4789 0.8174 -0.3200
vn -0.4073 0.8174 -0.4073
vn -0.3200 0.8174 -0.4789
vn -0.2204 0.8174 -0.5322
vn -0.1124 0.8174 -0.5650
vn -0.0000 0.8174 -0.5760
vn 0.1124 0.8174 -0.5650
vn 0.2204 0.8174 -0.5322
vn 0.3200 0.8174 -0.4789
vn 0.4073 0.8174 -0.4073
vn 0.4789 0.8174 -0.3200
vn 0.5322 0.8174 -0.2204
vn 0.5650 0.8174 -0.1124
vn 0.5760 0.8174 -0.0000
vn 0.5650 0.8174 0.1124
vn 0.5322 0.8174 0.2204
vn 0.4789 0.8174 0.3200
vn 0.4073 0.8174 0.4073
vn 0.3200 0.8174 0.4789
vn 0.2204 0.8174 0.5322
vn 0.1124 0.8174 0.5650
vn -0.1928 0.1513 0.9695
vn -0.0000 0.1513 0.9885
vn -0.3783 0.1513 0.9132
vn -0.5492 0.1513 0.8219
vn -0.6990 0.1513 0.6990
vn -0.8219 0.1513 0.5492
vn -0.9132 0.1513 0.3783
vn -0.9695 0.1513 0.1928
vn -0.9885 0.1513 -0.0000
vn -0.9695 0.1513 -0.1928
vn -0.9132 0.1513 -0.3783
vn -0.8219 0.1513 -0.5492
vn -0.6990 0.1513 -0.6990
vn -0.5492 0.1513 -0.8219
vn -0.3783 0.1513 -0.9132
vn -0.1928 0.1513 -0.9695
vn -0.0000 0.1513 -0.9885
vn 0.1928 0.1513 -0.9695
vn 0.3783 0.1513 -0.9132
vn 0.5492 0.1513 -0.8219
vn 0.6990 0.1513 -0.6990
vn 0.8219 0.1513 -0.5492
vn 0.9132 0.1513 -0.3783
vn 0.9695 0.1513 -0.1928
vn 0.9885 0.1513 -0.0000
vn 0.9695 0.1513 0.1928
vn 0.9132 0.1513 0.3783
vn 0.8219 0.1513 0.5492
vn 0.6990 0.1513 0.6990
vn 0.5492 0.1513 0.8219
vn 0.3783 0.1513 0.9132
vn 0.1928 0.1513 0.9695
vn -0.1227 0.7773 0.6170
vn -0.0000 0.7773 0.6291
vn -0.2408 0.7773 0.5812
vn -0.3495 0.7773 0.5231
vn -0.4449 0.7773 0.4449
vn -0.5231 0.7773 0.3495
vn -0.5812 0.7773 0.2408
vn -0.6170 0.7773 0.1227
vn -0.6291 0.7773 -0.0000
vn -0.6170 0.7773 -0.1227
vn -0.5812 0.7773 -0.2408
vn -0.5231 0.7773 -0.3495
vn -0.4449 0.7773 -0.4449
vn -0.3495 0.7773 -0.5231
vn -0.2408 0.7773 -0.5812
vn -0.1227 0.7773 -0.6170
vn -0.0000 0.7773 -0.6291
vn 0.1227 0.7773 -0.6170
vn 0.2408 0.7773 -0.5812
vn 0.3495 0.7773 -0.5231
vn 0.4449 0.7773 -0.4449
vn 0.5231 0.7773 -0.3495
vn 0.5812 0.7773 -0.2408
vn 0.6170 0.7773 -0.1227
vn 0.6291 0.7773 -0.0000
vn 0.6170 0.7773 0.1227
vn 0.5812 0.7773 0.2408
vn 0.5231 0.7773 0.3495
vn 0.4449 0.7773 0.4449
vn 0.3495 0.7773 0.5231
vn 0.2408 0.7773 0.5812
vn 0.1227 0.7773 0.6170
vn -0.0000 -0.0031 -1.0000
vn 0.1951 -0.0031 -0.9808
vn 0.3827 -0.0031 -0.9239
vn 0.5556 -0.0031 -0.8315
vn 0.7071 -0.0031 -0.7071
vn 0.8315 -0.0031 -0.5556
vn 0.9239 -0.0031 -0.3827
vn 0.9808 -0.0031 -0.1951
vn 1.0000 -0.0031 -0.0000
vn 0.9808 -0.0031 0.1951
vn 0.9239 -0.0031 0.3827
vn 0.8315 -0.0031 0.5556
vn 0.7071 -0.0031 0.7071
vn 0.5556 -0.0031 0.8315
vn 0.3827 -0.0031 0.9239
vn 0.1951 -0.0031 0.9808
vn -0.0000 -0.0031 1.0000
vn -0.1951 -0.0031 0.9808
vn -0.3827 -0.0031 0.9239
vn -0.5556 -0.0031 0.8315
vn -0.7071 -0.0031 0.7071
vn -0.8315 -0.0031 0.5556
vn -0.9239 -0.0031 0.3827
vn -0.9808 -0.0031 0.1951
vn -1.0000 -0.0031 -0.0000
vn -0.9808 -0.0031 -0.1951
vn -0.9239 -0.0031 -0.3827
vn -0.8315 -0.0031 -0.5556
vn -0.7071 -0.0031 -0.7071
vn -0.5556 -0.0031 -0.8315
vn -0.3827 -0.0031 -0.9239
vn -0.1951 -0.0031 -0.9808
vn 0.1851 -0.3161 -0.9305
vn 0.3631 -0.3161 -0.8765
vn 0.5271 -0.3161 -0.7888
vn 0.6708 -0.3161 -0.6708
vn 0.7888 -0.3161 -0.5271
vn 0.8765 -0.3161 -0.3631
vn 0.9305 -0.3161 -0.1851
vn 0.9487 -0.3161 -0.0000
vn 0.9305 -0.3161 0.1851
vn 0.8765 -0.3161 0.3631
vn 0.7888 -0.3161 0.5271
vn 0.6708 -0.3161 0.6708
vn 0.5271 -0.3161 0.7888
vn 0.3631 -0.3161 0.8765
vn 0.1851 -0.3161 0.9305
vn -0.0000 -0.3161 0.9487
vn -0.1851 -0.3161 0.9305
vn -0.3631 -0.3161 0.8765
vn -0.5271 -0.3161 0.7888
vn -0.6708 -0.3161 0.6708
vn -0.7888 -0.3161 0.5271
vn -0.8765 -0.3161 0.3631
vn -0.9305 -0.3161 0.1851
vn -0.9487 -0.3161 -0.0000
vn -0.9305 -0.3161 -0.1851
vn -0.8765 -0.3161 -0.3631
vn -0.7888 -0.3161 -0.5271
vn -0.6708 -0.3161 -0.6708
vn -0.5271 -0.3161 -0.7888
vn -0.3631 -0.3161 -0.8765
vn -0.1851 -0.3161 -0.9305
vn -0.0000 -0.3161 -0.9487
vn 0.8312 0.0262 0.5554
vn 0.7069 0.0262 0.7069
vn 0.3826 0.0262 0.9236
vn 0.1950 0.0262 0.9804
vn -0.5554 0.0262 0.8312
vn -0.7069 0.0262 0.7069
vn 0.8312 0.0262 -0.5554
vn 0.9236 0.0262 -0.3826
vn -0.7069 0.0262 -0.7069
vn -0.5554 0.0262 -0.8312
vn -0.9236 0.0262 0.3826
vn -0.9804 0.0262 0.1950
vn -0.0000 0.0262 0.9997
vn -0.9997 0.0262 -0.0000
vn 0.9804 0.0262 0.1950
vn 0.9236 0.0262 0.3826
vn -0.0000 0.0262 -0.9997
vn 0.1950 0.0262 -0.9804
vn -0.1950 0.0262 0.9804
vn -0.3826 0.0262 0.9236
vn -0.9236 0.0262 -0.3826
vn -0.8312 0.0262 -0.5554
vn 0.5554 0.0262 0.8312
vn 0.7069 0.0262 -0.7069
vn -0.3826 0.0262 -0.9236
vn -0.1950 0.0262 -0.9804
vn -0.8312 0.0262 0.5554
vn 0.9997 0.0262 -0.0000
vn 0.3826 0.0262 -0.9236
vn 0.5554 0.0262 -0.8312
vn -0.9805 0.0262 -0.1950
vn 0.9804 0.0262 -0.1950
vn 0.5331 0.2813 0.7979
vn 0.3672 0.2813 0.8866
vn -0.7979 0.2813 -0.5331
vn -0.6786 0.2813 -0.6786
vn 0.6786 0.2813 -0.6786
vn 0.7979 0.2813 -0.5331
vn -0.7979 0.2813 0.5331
vn -0.8866 0.2813 0.3672
vn -0.3672 0.2813 -0.8866
vn -0.1872 0.2813 -0.9412
vn 0.9596 0.2813 -0.0000
vn 0.9412 0.2813 0.1872
vn -0.0000 0.2813 -0.9596
vn -0.0000 0.2813 0.9596
vn -0.1872 0.2813 0.9412
vn 0.3672 0.2813 -0.8866
vn 0.5331 0.2813 -0.7979
vn -0.9412 0.2813 -0.1872
vn -0.8866 0.2813 -0.3672
vn 0.6786 0.2813 0.6786
vn 0.8866 0.2813 -0.3672
vn 0.9412 0.2813 -0.1872
vn -0.5331 0.2813 -0.7979
vn -0.6786 0.2813 0.6786
vn 0.1872 0.2813 -0.9412
vn -0.9596 0.2813 -0.0000
vn 0.8866 0.2813 0.3672
vn 0.7979 0.2813 0.5331
vn -0.3672 0.2813 0.8866
vn -0.5331 0.2813 0.7979
vn 0.1872 0.2813 0.9412
vn -0.9412 0.2813 0.1872
vn -0.0018 1.0000 0.0093
vn -0.0000 1.0000 0.0095
vn -0.0036 1.0000 0.0088
vn -0.0053 1.0000 0.0079
vn -0.0067 1.0000 0.0067
vn -0.0079 1.0000 0.0053
vn -0.0088 1.0000 0.0036
vn -0.0093 1.0000 0.0018
vn -0.0095 1.0000 -0.0000
vn -0.0093 1.0000 -0.0018
vn -0.0088 1.0000 -0.0036
vn -0.0079 1.0000 -0.0053
vn -0.0067 1.0000 -0.0067
vn -0.0053 1.0000 -0.0079
vn -0.0036 1.0000 -0.0088
vn -0.0018 1.0000 -0.0093
vn -0.0000 1.0000 -0.0095
vn 0.0018 1.0000 -0.0093
vn 0.0036 1.0000 -0.0088
vn 0.0053 1.0000 -0.0079
vn 0.0067 1.0000 -0.0067
vn 0.0079 1.0000 -0.0053
vn 0.0088 1.0000 -0.0036
vn 0.0093 1.0000 -0.0018
vn 0.0095 1.0000 -0.0000
vn 0.0093 1.0000 0.0018
vn 0.0088 1.0000 0.0036
vn 0.0079 1.0000 0.0053
vn 0.0067 1.0000 0.0067
vn 0.0053 1.0000 0.0079
vn 0.0036 1.0000 0.0088
vn 0.0018 1.0000 0.0093
vn -0.0000 -1.0000 -0.0050
vn 0.0010 -1.0000 -0.0049
vn 0.0019 -1.0000 -0.0046
vn 0.0028 -1.0000 -0.0042
vn 0.0035 -1.0000 -0.0035
vn 0.0042 -1.0000 -0.0028
vn 0.0046 -1.0000 -0.0019
vn 0.0049 -1.0000 -0.0010
vn 0.0050 -1.0000 -0.0000
vn 0.0049 -1.0000 0.0010
vn 0.0046 -1.0000 0.0019
vn 0.0042 -1.0000 0.0028
vn 0.0035 -1.0000 0.0035
vn 0.0028 -1.0000 0.0042
vn 0.0019 -1.0000 0.0046
vn 0.0010 -1.0000 0.0049
vn -0.0000 -1.0000 0.0050
vn -0.0010 -1.0000 0.0049
vn -0.0019 -1.0000 0.0046
vn -0.0028 -1.0000 0.0042
vn -0.0035 -1.0000 0.0035
vn -0.0042 -1.0000 0.0028
vn -0.0046 -1.0000 0.0019
vn -0.0049 -1.0000 0.0010
vn -0.0050 -1.0000 -0.0000
vn -0.0049 -1.0000 -0.0010
vn -0.0046 -1.0000 -0.0019
vn -0.0042 -1.0000 -0.0028
vn -0.0035 -1.0000 -0.0035
vn -0.0028 -1.0000 -0.0042
vn -0.0019 -1.0000 -0.0046
vn -0.0010 -1.0000 -0.0049
vn 0.0620 -0.7746 -0.6294
vn 0.0538 0.8361 -0.5460
vn -0.0000 0.2665 -0.9638
vn 0.1804 -0.3811 -0.9068
vn 0.1836 -0.7746 -0.6052
vn 0.1593 0.8361 -0.5250
vn 0.3538 -0.3811 -0.8542
vn 0.2981 -0.7746 -0.5577
vn 0.2586 0.8361 -0.4838
vn 0.5136 -0.3811 -0.7687
vn 0.4012 -0.7746 -0.4889
vn 0.3480 0.8361 -0.4241
vn 0.6537 -0.3811 -0.6537
vn 0.4889 -0.7746 -0.4012
vn 0.4241 0.8361 -0.3480
vn 0.7687 -0.3811 -0.5136
vn 0.5577 -0.7746 -0.2981
vn 0.4838 0.8361 -0.2586
vn 0.8542 -0.3811 -0.3538
vn 0.6052 -0.7746 -0.1836
vn 0.5250 0.8361 -0.1593
vn 0.9068 -0.3811 -0.1804
vn 0.6294 -0.7746 -0.0620
vn 0.5460 0.8361 -0.0538
vn 0.9245 -0.3811 -0.0000
vn 0.6294 -0.7746 0.0620
vn 0.5460 0.8361 0.0538
vn 0.9068 -0.3811 0.1804
vn 0.6052 -0.7746 0.1836
vn 0.5250 0.8361 0.1593
vn 0.8542 -0.3811 0.3538
vn 0.5577 -0.7746 0.2981
vn 0.4838 0.8361 0.2586
vn 0.7687 -0.3811 0.5136
vn 0.4889 -0.7746 0.4012
vn 0.4241 0.8361 0.3480
vn 0.6537 -0.3811 0.6537
vn 0.4012 -0.7746 0.4889
vn 0.3480 0.8361 0.4241
vn 0.5136 -0.3811 0.7687
vn 0.2981 -0.7746 0.5577
vn 0.2586 0.8361 0.4838
vn 0.3538 -0.3811 0.8542
vn 0.1836 -0.7746 0.6052
vn 0.1592 0.8361 0.5250
vn 0.1804 -0.3811 0.9068
vn 0.0620 -0.7746 0.6294
vn 0.0538 0.8361 0.5460
vn -0.0000 -0.3811 0.9245
vn -0.0620 -0.7746 0.6294
vn -0.0538 0.8361 0.5460
vn -0.1804 -0.3811 0.9068
vn -0.1836 -0.7746 0.6052
vn -0.1593 0.8361 0.5250
vn -0.3538 -0.3811 0.8542
vn -0.2981 -0.7746 0.5577
vn -0.2586 0.8361 0.4838
vn -0.5136 -0.3811 0.7687
vn -0.4012 -0.7746 0.4889
vn -0.3480 0.8361 0.4241
vn -0.6537 -0.3811 0.6537
vn -0.4889 -0.7746 0.4012
vn -0.4241 0.8361 0.3480
vn -0.7687 -0.3811 0.5136
vn -0.5577 -0.7746 0.2981
vn -0.4838 0.8361 0.2586
vn -0.8542 -0.3811 0.3538
vn -0.6052 -0.7746 0.1836
vn -0.5250 0.8361 0.1592
vn -0.9068 -0.3811 0.1804
vn -0.6294 -0.7746 0.0620
vn -0.5460 0.8361 0.0538
vn -0.9245 -0.3811 -0.0000
vn -0.6294 -0.7746 -0.0620
vn -0.5460 0.8361 -0.0538
vn -0.9068 -0.3811 -0.1804
vn -0.6052 -0.7746 -0.1836
vn -0.5250 0.8361 -0.1593
vn -0.8542 -0.3811 -0.3538
vn -0.5577 -0.7746 -0.2981
vn -0.4838 0.8361 -0.2586
vn -0.7687 -0.3811 -0.5136
vn -0.4889 -0.7746 -0.4012
vn -0.4241 0.8361 -0.3480
vn -0.6537 -0.3811 -0.6537
vn -0.4012 -0.7746 -0.4889
vn -0.3480 0.8361 -0.4241
vn -0.5136 -0.3811 -0.7687
vn -0.2981 -0.7746 -0.5577
vn -0.2586 0.8361 -0.4838
vn -0.3538 -0.3811 -0.8542
vn -0.1836 -0.7746 -0.6052
vn -0.1592 0.8361 -0.5250
vn -0.1804 -0.3811 -0.9068
vn -0.0620 -0.7746 -0.6294
vn -0.0538 0.8361 -0.5460
vn -0.0000 -0.2676 -0.9635
vn 0.1947 -0.0614 -0.9789
vn 0.3820 -0.0614 -0.9221
vn 0.5545 -0.0614 -0.8299
vn 0.7058 -0.0614 -0.7058
vn 0.8299 -0.0614 -0.5545
vn 0.9221 -0.0614 -0.3820
vn 0.9789 -0.0614 -0.1947
vn 0.9981 -0.0614 -0.0000
vn 0.9789 -0.0614 0.1947
vn 0.9221 -0.0614 0.3820
vn 0.8299 -0.0614 0.5545
vn 0.7058 -0.0614 0.7058
vn 0.5545 -0.0614 0.8299
vn 0.3820 -0.0614 0.9221
vn 0.1947 -0.0614 0.9789
vn -0.0000 -0.0614 0.9981
vn -0.1947 -0.0614 0.9789
vn -0.3820 -0.0614 0.9221
vn -0.5545 -0.0614 0.8299
vn -0.7058 -0.0614 0.7058
vn -0.8299 -0.0614 0.5545
vn -0.9221 -0.0614 0.3820
vn -0.9789 -0.0614 0.1947
vn -0.9981 -0.0614 -0.0000
vn -0.9789 -0.0614 -0.1947
vn -0.9221 -0.0614 -0.3820
vn -0.8299 -0.0614 -0.5545
vn -0.7058 -0.0614 -0.7058
vn -0.5545 -0.0614 -0.8299
vn -0.3820 -0.0614 -0.9221
vn -0.1947 -0.0614 -0.9789
vn -0.2863 -0.1659 -0.9437
vn -0.0967 -0.1659 -0.9814
vn -0.4649 -0.1659 -0.8697
vn -0.6256 -0.1659 -0.7623
vn -0.7623 -0.1659 -0.6256
vn -0.8697 -0.1659 -0.4649
vn -0.9437 -0.1659 -0.2863
vn -0.9814 -0.1659 -0.0967
vn -0.9814 -0.1659 0.0967
vn -0.9437 -0.1659 0.2863
vn -0.8697 -0.1659 0.4649
vn -0.7623 -0.1659 0.6256
vn -0.6256 -0.1659 0.7623
vn -0.4649 -0.1659 0.8697
vn -0.2863 -0.1659 0.9437
vn -0.0967 -0.1659 0.9814
vn 0.0967 -0.1659 0.9814
vn 0.2863 -0.1659 0.9437
vn 0.4649 -0.1659 0.8697
vn 0.6256 -0.1659 0.7623
vn 0.7623 -0.1659 0.6256
vn 0.8697 -0.1659 0.4649
vn 0.9437 -0.1659 0.2863
vn 0.9814 -0.1659 0.0967
vn 0.9814 -0.1659 -0.0967
vn 0.9437 -0.1659 -0.2863
vn 0.8697 -0.1659 -0.4649
vn 0.7623 -0.1659 -0.6256
vn 0.6256 -0.1659 -0.7623
vn 0.4649 -0.1659 -0.8697
vn 0.2863 -0.1659 -0.9437
vn 0.0967 -0.1659 -0.9814
vn -0.0565 0.8174 0.5733
vn -0.1672 0.8174 0.5512
vn -0.2715 0.8174 0.5080
vn -0.3654 0.8174 0.4453
vn -0.4453 0.8174 0.3654
vn -0.5080 0.8174 0.2715
vn -0.5512 0.8174 0.1672
vn -0.5733 0.8174 0.0565
vn -0.5733 0.8174 -0.0565
vn -0.5512 0.8174 -0.1672
vn -0.5080 0.8174 -0.2715
vn -0.4453 0.8174 -0.3654
vn -0.3654 0.8174 -0.4453
vn -0.2715 0.8174 -0.5080
vn -0.1672 0.8174 -0.5512
vn -0.0565 0.8174 -0.5733
vn 0.0565 0.8174 -0.5733
vn 0.1672 0.8174 -0.5512
vn 0.2715 0.8174 -0.5080
vn 0.3654 0.8174 -0.4453
vn 0.4453 0.8174 -0.3654
vn 0.5080 0.8174 -0.2715
vn 0.5512 0.8174 -0.1672
vn 0.5733 0.8174 -0.0565
vn 0.5733 0.8174 0.0565
vn 0.5512 0.8174 0.1672
vn 0.5080 0.8174 0.2715
vn 0.4453 0.8174 0.3654
vn 0.3654 0.8174 0.4453
vn 0.2715 0.8174 0.5080
vn 0.1672 0.8174 0.5512
vn 0.0565 0.8174 0.5733
vn 0.0059 0.9995 0.0298
vn -0.0000 0.9995 0.0304
vn 0.0169 0.9995 0.0253
vn 0.0116 0.9995 0.0281
vn 0.0298 0.9995 -0.0059
vn 0.0304 0.9995 -0.0000
vn 0.0281 0.9995 0.0116
vn 0.0253 0.9995 0.0169
vn 0.0253 0.9995 -0.0169
vn 0.0281 0.9995 -0.0116
vn 0.0116 0.9995 -0.0281
vn 0.0169 0.9995 -0.0253
vn 0.0298 0.9995 0.0059
vn -0.0059 0.9995 -0.0298
vn -0.0000 0.9995 -0.0304
vn -0.0169 0.9995 -0.0253
vn -0.0116 0.9995 -0.0281
vn -0.0281 0.9995 -0.0116
vn -0.0253 0.9995 -0.0169
vn 0.0059 0.9995 -0.0298
vn -0.0298 0.9995 0.0059
vn -0.0304 0.9995 -0.0000
vn -0.0116 0.9995 0.0281
vn -0.0169 0.9995 0.0253
vn -0.0298 0.9995 -0.0059
vn -0.0253 0.9995 0.0169
vn -0.0281 0.9995 0.0116
vn -0.0059 0.9995 0.0298
vn 0.0215 0.9995 0.0215
vn 0.0215 0.9995 -0.0215
vn -0.0215 0.9995 -0.0215
vn -0.0215 0.9995 0.0215
vn -0.0969 0.1513 0.9837
vn -0.2869 0.1513 0.9459
vn -0.4660 0.1513 0.8718
vn -0.6271 0.1513 0.7641
vn -0.7641 0.1513 0.6271
vn -0.8718 0.1513 0.4660
vn -0.9459 0.1513 0.2869
vn -0.9837 0.1513 0.0969
vn -0.9837 0.1513 -0.0969
vn -0.9459 0.1513 -0.2869
vn -0.8718 0.1513 -0.4660
vn -0.7641 0.1513 -0.6271
vn -0.6271 0.1513 -0.7641
vn -0.4660 0.1513 -0.8718
vn -0.2869 0.1513 -0.9459
vn -0.0969 0.1513 -0.9837
vn 0.0969 0.1513 -0.9837
vn 0.2869 0.1513 -0.9459
vn 0.4660 0.1513 -0.8718
vn 0.6271 0.1513 -0.7641
vn 0.7641 0.1513 -0.6271
vn 0.8718 0.1513 -0.4660
vn 0.9459 0.1513 -0.2869
vn 0.9837 0.1513 -0.0969
vn 0.9837 0.1513 0.0969
vn 0.9459 0.1513 0.2869
vn 0.8718 0.1513 0.4660
vn 0.7641 0.1513 0.6271
vn 0.6271 0.1513 0.7641
vn 0.4660 0.1513 0.8718
vn 0.2869 0.1513 0.9459
vn 0.0969 0.1513 0.9837
vn 0.8299 0.0619 0.5545
vn 0.6839 0.2539 0.6839
vn 0.3819 0.0619 0.9221
vn 0.1887 0.2539 0.9486
vn -0.5545 0.0619 0.8299
vn -0.6839 0.2539 0.6839
vn 0.8299 0.0619 -0.5545
vn 0.8936 0.2539 -0.3701
vn -0.7058 0.0619 -0.7058
vn -0.5374 0.2539 -0.8042
vn -0.9221 0.0619 0.3820
vn -0.9486 0.2539 0.1887
vn -0.0000 0.2539 0.9672
vn -0.9672 0.2539 -0.0000
vn 0.9789 0.0619 0.1947
vn 0.8936 0.2539 0.3701
vn -0.0000 0.0619 -0.9981
vn 0.1887 0.2539 -0.9486
vn -0.1947 0.0619 0.9789
vn -0.3701 0.2539 0.8936
vn -0.9221 0.0619 -0.3820
vn -0.8042 0.2539 -0.5374
vn 0.5545 0.0619 0.8299
vn 0.7058 0.0619 -0.7058
vn -0.3820 0.0619 -0.9221
vn -0.1887 0.2539 -0.9486
vn -0.8299 0.0619 0.5545
vn 0.9981 0.0619 -0.0000
vn 0.3820 0.0619 -0.9221
vn 0.5374 0.2539 -0.8042
vn -0.9789 0.0619 -0.1947
vn 0.9486 0.2539 -0.1887
vn -0.0617 0.7771 0.6264
vn -0.1827 0.7771 0.6023
vn -0.2967 0.7771 0.5551
vn -0.3993 0.7771 0.4865
vn -0.4865 0.7771 0.3993
vn -0.5551 0.7771 0.2967
vn -0.6023 0.7771 0.1827
vn -0.6264 0.7771 0.0617
vn -0.6264 0.7771 -0.0617
vn -0.6023 0.7771 -0.1827
vn -0.5551 0.7771 -0.2967
vn -0.4865 0.7771 -0.3993
vn -0.3993 0.7771 -0.4865
vn -0.2967 0.7771 -0.5551
vn -0.1827 0.7771 -0.6023
vn -0.0617 0.7771 -0.6264
vn 0.0617 0.7771 -0.6264
vn 0.1827 0.7771 -0.6023
vn 0.2967 0.7771 -0.5551
vn 0.3993 0.7771 -0.4865
vn 0.4865 0.7771 -0.3993
vn 0.5551 0.7771 -0.2967
vn 0.6023 0.7771 -0.1827
vn 0.6264 0.7771 -0.0617
vn 0.6264 0.7771 0.0617
vn 0.6023 0.7771 0.1827
vn 0.5551 0.7771 0.2967
vn 0.4865 0.7771 0.3993
vn 0.3993 0.7771 0.4865
vn 0.2967 0.7771 0.5551
vn 0.1827 0.7771 0.6023
vn 0.0617 0.7771 0.6264
vn 0.5123 0.3870 0.7667
vn 0.3717 0.2376 0.8974
vn -0.7667 0.3870 -0.5123
vn -0.6869 0.2376 -0.6869
vn 0.6520 0.3870 -0.6520
vn 0.8077 0.2376 -0.5397
vn -0.7667 0.3870 0.5123
vn -0.8974 0.2376 0.3717
vn -0.3529 0.3870 -0.8519
vn -0.1895 0.2376 -0.9527
vn 0.9221 0.3870 -0.0000
vn 0.9527 0.2376 0.1895
vn -0.0000 0.2376 -0.9714
vn -0.0000 0.3870 0.9221
vn -0.1895 0.2376 0.9527
vn 0.3529 0.3870 -0.8519
vn 0.5397 0.2376 -0.8077
vn -0.9044 0.3870 -0.1799
vn -0.8974 0.2376 -0.3717
vn 0.6520 0.3870 0.6520
vn 0.8519 0.3870 -0.3529
vn 0.9527 0.2376 -0.1895
vn -0.5123 0.3870 -0.7667
vn -0.6520 0.3870 0.6520
vn 0.1799 0.3870 -0.9044
vn -0.9221 0.3870 -0.0000
vn 0.8519 0.3870 0.3529
vn 0.8077 0.2376 0.5397
vn -0.3529 0.3870 0.8519
vn -0.5397 0.2376 0.8077
vn 0.1895 0.2376 0.9527
vn -0.9527 0.2376 0.1895
vn -0.0000 -0.0614 -0.9981
vn 0.1880 0.2665 -0.9453
vn 0.3688 0.2665 -0.8905
vn 0.5355 0.2665 -0.8014
vn 0.6815 0.2665 -0.6815
vn 0.8014 0.2665 -0.5355
vn 0.8905 0.2665 -0.3688
vn 0.9453 0.2665 -0.1880
vn 0.9638 0.2665 -0.0000
vn 0.9453 0.2665 0.1880
vn 0.8905 0.2665 0.3688
vn 0.8014 0.2665 0.5355
vn 0.6815 0.2665 0.6815
vn 0.5355 0.2665 0.8014
vn 0.3688 0.2665 0.8905
vn 0.1880 0.2665 0.9453
vn -0.0000 0.2665 0.9638
vn -0.1880 0.2665 0.9453
vn -0.3688 0.2665 0.8905
vn -0.5355 0.2665 0.8014
vn -0.6815 0.2665 0.6815
vn -0.8014 0.2665 0.5355
vn -0.8905 0.2665 0.3688
vn -0.9453 0.2665 0.1880
vn -0.9638 0.2665 -0.0000
vn -0.9453 0.2665 -0.1880
vn -0.8905 0.2665 -0.3688
vn -0.8014 0.2665 -0.5355
vn -0.6815 0.2665 -0.6815
vn -0.5355 0.2665 -0.8014
vn -0.3688 0.2665 -0.8905
vn -0.1880 0.2665 -0.9453
vn -0.2903 -0.0031 -0.9569
vn -0.0980 -0.0031 -0.9952
vn -0.4714 -0.0031 -0.8819
vn -0.6344 -0.0031 -0.7730
vn -0.7730 -0.0031 -0.6344
vn -0.8819 -0.0031 -0.4714
vn -0.9569 -0.0031 -0.2903
vn -0.9952 -0.0031 -0.0980
vn -0.9952 -0.0031 0.0980
vn -0.9569 -0.0031 0.2903
vn -0.8819 -0.0031 0.4714
vn -0.7730 -0.0031 0.6344
vn -0.6344 -0.0031 0.7730
vn -0.4714 -0.0031 0.8819
vn -0.2903 -0.0031 0.9569
vn -0.0980 -0.0031 0.9952
vn 0.0980 -0.0031 0.9952
vn 0.2903 -0.0031 0.9569
vn 0.4714 -0.0031 0.8819
vn 0.6344 -0.0031 0.7730
vn 0.7730 -0.0031 0.6344
vn 0.8819 -0.0031 0.4714
vn 0.9569 -0.0031 0.2903
vn 0.9952 -0.0031 0.0980
vn 0.9952 -0.0031 -0.0980
vn 0.9569 -0.0031 -0.2903
vn 0.8819 -0.0031 -0.4714
vn 0.7730 -0.0031 -0.6344
vn 0.6344 -0.0031 -0.7730
vn 0.4714 -0.0031 -0.8819
vn 0.2903 -0.0031 -0.9569
vn 0.0980 -0.0031 -0.9952
vn 0.1880 -0.2676 -0.9450
vn 0.3687 -0.2676 -0.8902
vn 0.5353 -0.2676 -0.8012
vn 0.6813 -0.2676 -0.6813
vn 0.8012 -0.2676 -0.5353
vn 0.8902 -0.2676 -0.3687
vn 0.9450 -0.2676 -0.1880
vn 0.9635 -0.2676 -0.0000
vn 0.9450 -0.2676 0.1880
vn 0.8902 -0.2676 0.3687
vn 0.8012 -0.2676 0.5353
vn 0.6813 -0.2676 0.6813
vn 0.5353 -0.2676 0.8012
vn 0.3687 -0.2676 0.8902
vn 0.1880 -0.2676 0.9450
vn -0.0000 -0.2676 0.9635
vn -0.1880 -0.2676 0.9450
vn -0.3687 -0.2676 0.8902
vn -0.5353 -0.2676 0.8012
vn -0.6813 -0.2676 0.6813
vn -0.8012 -0.2676 0.5353
vn -0.8902 -0.2676 0.3687
vn -0.9450 -0.2676 0.1880
vn -0.9635 -0.2676 -0.0000
vn -0.9450 -0.2676 -0.1880
vn -0.8902 -0.2676 -0.3687
vn -0.8012 -0.2676 -0.5353
vn -0.6813 -0.2676 -0.6813
vn -0.5353 -0.2676 -0.8012
vn -0.3687 -0.2676 -0.8902
vn -0.1880 -0.2676 -0.9450
vn -0.0000 -0.3811 -0.9245
vn 0.0930 -0.3161 -0.9441
vn 0.2754 -0.3161 -0.9079
vn 0.4472 -0.3161 -0.8367
vn 0.6019 -0.3161 -0.7334
vn 0.7334 -0.3161 -0.6019
vn 0.8367 -0.3161 -0.4472
vn 0.9079 -0.3161 -0.2754
vn 0.9441 -0.3161 -0.0930
vn 0.9441 -0.3161 0.0930
vn 0.9079 -0.3161 0.2754
vn 0.8367 -0.3161 0.4472
vn 0.7334 -0.3161 0.6019
vn 0.6019 -0.3161 0.7334
vn 0.4472 -0.3161 0.8367
vn 0.2754 -0.3161 0.9079
vn 0.0930 -0.3161 0.9441
vn -0.0930 -0.3161 0.9441
vn -0.2754 -0.3161 0.9079
vn -0.4472 -0.3161 0.8367
vn -0.6019 -0.3161 0.7334
vn -0.7334 -0.3161 0.6019
vn -0.8367 -0.3161 0.4472
vn -0.9079 -0.3161 0.2754
vn -0.9441 -0.3161 0.0930
vn -0.9441 -0.3161 -0.0930
vn -0.9079 -0.3161 -0.2754
vn -0.8367 -0.3161 -0.4472
vn -0.7334 -0.3161 -0.6019
vn -0.6019 -0.3161 -0.7334
vn -0.4472 -0.3161 -0.8367
vn -0.0930 -0.3161 -0.9441
vn -0.2754 -0.3161 -0.9079
vn 0.8042 0.2539 0.5374
vn 0.7058 0.0619 0.7058
vn 0.3701 0.2539 0.8936
vn 0.1947 0.0619 0.9789
vn -0.5374 0.2539 0.8042
vn -0.7058 0.0619 0.7058
vn 0.8042 0.2539 -0.5374
vn 0.9221 0.0619 -0.3819
vn -0.6839 0.2539 -0.6839
vn -0.5545 0.0619 -0.8299
vn -0.8936 0.2539 0.3701
vn -0.9789 0.0619 0.1947
vn -0.0000 0.0619 0.9981
vn -0.9981 0.0619 -0.0000
vn 0.9486 0.2539 0.1887
vn 0.9221 0.0619 0.3820
vn -0.0000 0.2539 -0.9672
vn 0.1947 0.0619 -0.9789
vn -0.1887 0.2539 0.9486
vn -0.3820 0.0619 0.9221
vn -0.8936 0.2539 -0.3701
vn -0.8299 0.0619 -0.5545
vn 0.5374 0.2539 0.8042
vn 0.6839 0.2539 -0.6839
vn -0.3701 0.2539 -0.8936
vn -0.1947 0.0619 -0.9789
vn -0.8042 0.2539 0.5374
vn 0.9672 0.2539 -0.0000
vn 0.3701 0.2539 -0.8936
vn 0.5545 0.0619 -0.8299
vn -0.9486 0.2539 -0.1887
vn 0.9789 0.0619 -0.1947
vn -0.4712 0.0262 0.8816
vn 0.2902 0.0262 -0.9566
vn 0.8816 0.0262 0.4712
vn -0.9948 0.0262 -0.0980
vn 0.9948 0.0262 -0.0980
vn 0.9566 0.0262 -0.2902
vn -0.7727 0.0262 0.6342
vn -0.4712 0.0262 -0.8816
vn 0.6342 0.0262 -0.7727
vn 0.6342 0.0262 0.7727
vn -0.0980 0.0262 0.9948
vn -0.9566 0.0262 -0.2902
vn 0.4712 0.0262 -0.8816
vn -0.0980 0.0262 -0.9948
vn 0.9948 0.0262 0.0980
vn -0.8816 0.0262 0.4712
vn -0.2902 0.0262 -0.9566
vn -0.7727 0.0262 -0.6342
vn 0.7727 0.0262 -0.6342
vn 0.4712 0.0262 0.8816
vn -0.8816 0.0262 -0.4712
vn -0.2902 0.0262 0.9566
vn 0.0980 0.0262 -0.9948
vn 0.9566 0.0262 0.2902
vn -0.9948 0.0262 0.0980
vn 0.0980 0.0262 0.9948
vn -0.9566 0.0262 0.2902
vn -0.6342 0.0262 -0.7727
vn 0.8816 0.0262 -0.4712
vn -0.6342 0.0262 0.7727
vn 0.2902 0.0262 0.9566
vn 0.7727 0.0262 0.6342
vn 0.5397 0.2376 0.8077
vn 0.3529 0.3870 0.8519
vn -0.8077 0.2376 -0.5397
vn -0.6520 0.3870 -0.6520
vn 0.6869 0.2376 -0.6869
vn 0.7667 0.3870 -0.5123
vn -0.8077 0.2376 0.5397
vn -0.8519 0.3870 0.3529
vn -0.3717 0.2376 -0.8974
vn -0.1799 0.3870 -0.9044
vn 0.9714 0.2376 -0.0000
vn 0.9044 0.3870 0.1799
vn -0.0000 0.3870 -0.9221
vn -0.0000 0.2376 0.9714
vn -0.1799 0.3870 0.9044
vn 0.3717 0.2376 -0.8974
vn 0.5123 0.3870 -0.7667
vn -0.9527 0.2376 -0.1895
vn -0.8519 0.3870 -0.3529
vn 0.6869 0.2376 0.6869
vn 0.8974 0.2376 -0.3717
vn 0.9044 0.3870 -0.1799
vn -0.5397 0.2376 -0.8077
vn -0.6869 0.2376 0.6869
vn 0.1895 0.2376 -0.9527
vn -0.9714 0.2376 -0.0000
vn 0.8974 0.2376 0.3717
vn 0.7667 0.3870 0.5123
vn -0.3717 0.2376 0.8974
vn -0.5123 0.3870 0.7667
vn 0.1799 0.3870 0.9044
vn -0.9044 0.3870 0.1799
vn -0.8463 0.2813 -0.4524
vn -0.2786 0.2813 0.9183
vn 0.0941 0.2813 -0.9550
vn 0.9183 0.2813 0.2786
vn -0.9550 0.2813 0.0941
vn 0.0941 0.2813 0.9550
vn -0.9183 0.2813 0.2786
vn 0.8463 0.2813 -0.4524
vn -0.6088 0.2813 0.7418
vn -0.6088 0.2813 -0.7418
vn 0.2786 0.2813 0.9183
vn 0.7418 0.2813 0.6088
vn -0.4524 0.2813 0.8463
vn 0.8463 0.2813 0.4524
vn -0.9550 0.2813 -0.0941
vn 0.2786 0.2813 -0.9183
vn 0.9550 0.2813 -0.0941
vn -0.7418 0.2813 0.6088
vn -0.4524 0.2813 -0.8463
vn 0.9183 0.2813 -0.2786
vn 0.6088 0.2813 -0.7418
vn 0.6088 0.2813 0.7418
vn -0.9183 0.2813 -0.2786
vn 0.4524 0.2813 -0.8463
vn -0.0941 0.2813 0.9550
vn -0.0941 0.2813 -0.9550
vn 0.9550 0.2813 0.0941
vn -0.2786 0.2813 -0.9183
vn -0.8463 0.2813 0.4524
vn 0.7418 0.2813 -0.6088
vn -0.7418 0.2813 -0.6088
vn 0.4524 0.2813 0.8463
vn -0.0003 1.0000 0.0028
vn -0.0008 1.0000 0.0027
vn -0.0013 1.0000 0.0025
vn -0.0018 1.0000 0.0022
vn -0.0022 1.0000 0.0018
vn -0.0025 1.0000 0.0013
vn -0.0027 1.0000 0.0008
vn -0.0028 1.0000 0.0003
vn -0.0028 1.0000 -0.0003
vn -0.0027 1.0000 -0.0008
vn -0.0025 1.0000 -0.0013
vn -0.0022 1.0000 -0.0018
vn -0.0018 1.0000 -0.0022
vn -0.0013 1.0000 -0.0025
vn -0.0008 1.0000 -0.0027
vn -0.0003 1.0000 -0.0028
vn 0.0003 1.0000 -0.0028
vn 0.0008 1.0000 -0.0027
vn 0.0013 1.0000 -0.0025
vn 0.0018 1.0000 -0.0022
vn 0.0022 1.0000 -0.0018
vn 0.0025 1.0000 -0.0013
vn 0.0027 1.0000 -0.0008
vn 0.0028 1.0000 -0.0003
vn 0.0028 1.0000 0.0003
vn 0.0027 1.0000 0.0008
vn 0.0025 1.0000 0.0013
vn 0.0022 1.0000 0.0018
vn 0.0018 1.0000 0.0022
vn 0.0013 1.0000 0.0025
vn 0.0008 1.0000 0.0027
vn 0.0003 1.0000 0.0028
vn 0.0940 0.9911 0.0940
vn 0.0739 0.9911 0.1106
vn 0.0739 0.9911 -0.1106
vn 0.0940 0.9911 -0.0940
vn -0.0940 0.9911 0.0940
vn -0.1106 0.9911 0.0739
vn 0.1229 0.9911 -0.0509
vn 0.1304 0.9911 -0.0259
vn -0.0739 0.9911 -0.1106
vn -0.0509 0.9911 -0.1229
vn 0.1330 0.9911 -0.0000
vn 0.1229 0.9911 0.0509
vn 0.1106 0.9911 0.0739
vn 0.0259 0.9911 -0.1304
vn 0.0509 0.9911 -0.1229
vn -0.1330 0.9911 -0.0000
vn -0.1304 0.9911 -0.0259
vn -0.0509 0.9911 0.1229
vn -0.0739 0.9911 0.1106
vn 0.0509 0.9911 0.1229
vn 0.0259 0.9911 0.1304
vn 0.1106 0.9911 -0.0739
vn -0.0940 0.9911 -0.0940
vn -0.1229 0.9911 0.0509
vn -0.1304 0.9911 0.0259
vn -0.0000 0.9911 0.1330
vn -0.0000 0.9911 -0.1330
vn 0.1304 0.9911 0.0259
vn -0.1229 0.9911 -0.0509
vn -0.1106 0.9911 -0.0739
vn -0.0259 0.9911 0.1304
vn -0.0259 0.9911 -0.1304
vn 0.0001 -1.0000 -0.0015
vn 0.0004 -1.0000 -0.0015
vn 0.0007 -1.0000 -0.0014
vn 0.0010 -1.0000 -0.0012
vn 0.0012 -1.0000 -0.0010
vn 0.0014 -1.0000 -0.0007
vn 0.0015 -1.0000 -0.0004
vn 0.0015 -1.0000 -0.0002
vn 0.0015 -1.0000 0.0002
vn 0.0015 -1.0000 0.0004
vn 0.0014 -1.0000 0.0007
vn 0.0012 -1.0000 0.0010
vn 0.0010 -1.0000 0.0012
vn 0.0007 -1.0000 0.0014
vn 0.0004 -1.0000 0.0015
vn 0.0002 -1.0000 0.0015
vn -0.0002 -1.0000 0.0015
vn -0.0004 -1.0000 0.0015
vn -0.0007 -1.0000 0.0014
vn -0.0010 -1.0000 0.0012
vn -0.0012 -1.0000 0.0010
vn -0.0014 -1.0000 0.0007
vn -0.0015 -1.0000 0.0004
vn -0.0015 -1.0000 0.0001
vn -0.0015 -1.0000 -0.0002
vn -0.0015 -1.0000 -0.0004
vn -0.0014 -1.0000 -0.0007
vn -0.0012 -1.0000 -0.0010
vn -0.0010 -1.0000 -0.0012
vn -0.0007 -1.0000 -0.0014
vn -0.0004 -1.0000 -0.0015
vn -0.0002 -1.0000 -0.0015
vn 0.0197 -0.9949 -0.0992
vn -0.0000 -0.9949 -0.1011
vn -0.0197 -0.9949 -0.0992
vn -0.0387 -0.9949 -0.0934
vn -0.0562 -0.9949 -0.0841
vn -0.0715 -0.9949 -0.0715
vn -0.0934 -0.9949 -0.0387
vn -0.0992 -0.9949 -0.0197
vn -0.0992 -0.9949 0.0197
vn -0.0934 -0.9949 0.0387
vn -0.1011 -0.9949 -0.0000
vn 0.0197 -0.9949 0.0992
vn 0.0387 -0.9949 0.0934
vn -0.0841 -0.9949 0.0562
vn -0.0715 -0.9949 0.0715
vn -0.0387 -0.9949 0.0934
vn -0.0197 -0.9949 0.0992
vn 0.0992 -0.9949 -0.0197
vn 0.0934 -0.9949 -0.0387
vn 0.0562 -0.9949 0.0841
vn 0.0715 -0.9949 0.0715
vn 0.0934 -0.9949 0.0387
vn 0.0992 -0.9949 0.0197
vn -0.0000 -0.9949 0.1011
vn 0.0841 -0.9949 -0.0562
vn 0.0715 -0.9949 -0.0715
vn 0.0387 -0.9949 -0.0934
vn 0.1011 -0.9949 -0.0000
vn -0.0841 -0.9949 -0.0562
vn -0.0562 -0.9949 0.0841
vn 0.0841 -0.9949 0.0562
vn 0.0562 -0.9949 -0.0841
vn 0.0945 0.2665 -0.9592
vn 0.2798 0.2665 -0.9223
vn 0.4543 0.2665 -0.8500
vn 0.6114 0.2665 -0.7451
vn 0.7451 0.2665 -0.6114
vn 0.8500 0.2665 -0.4543
vn 0.9223 0.2665 -0.2798
vn 0.9592 0.2665 -0.0945
vn 0.9592 0.2665 0.0945
vn 0.9223 0.2665 0.2798
vn 0.8500 0.2665 0.4543
vn 0.7450 0.2665 0.6114
vn 0.6114 0.2665 0.7450
vn 0.4543 0.2665 0.8500
vn 0.2798 0.2665 0.9223
vn 0.0945 0.2665 0.9592
vn -0.0945 0.2665 0.9592
vn -0.2798 0.2665 0.9223
vn -0.4543 0.2665 0.8500
vn -0.6114 0.2665 0.7450
vn -0.7451 0.2665 0.6114
vn -0.8500 0.2665 0.4543
vn -0.9223 0.2665 0.2798
vn -0.9592 0.2665 0.0945
vn -0.9592 0.2665 -0.0945
vn -0.9223 0.2665 -0.2798
vn -0.8500 0.2665 -0.4543
vn -0.7450 0.2665 -0.6114
vn -0.6114 0.2665 -0.7451
vn -0.4543 0.2665 -0.8500
vn 0.0030 0.9995 0.0303
vn -0.0945 0.2665 -0.9592
vn -0.2798 0.2665 -0.9223
vn 0.0091 -0.9957 -0.0923
vn -0.2797 -0.2676 -0.9221
vn -0.0944 -0.2676 -0.9589
vn -0.4542 -0.2676 -0.8498
vn -0.6113 -0.2676 -0.7448
vn -0.7448 -0.2676 -0.6113
vn -0.8498 -0.2676 -0.4542
vn -0.9221 -0.2676 -0.2797
vn -0.9589 -0.2676 -0.0944
vn -0.9589 -0.2676 0.0944
vn -0.9221 -0.2676 0.2797
vn -0.8498 -0.2676 0.4542
vn -0.7448 -0.2676 0.6113
vn -0.6113 -0.2676 0.7448
vn -0.4542 -0.2676 0.8498
vn -0.2797 -0.2676 0.9221
vn -0.0944 -0.2676 0.9589
vn 0.0944 -0.2676 0.9589
vn 0.2797 -0.2676 0.9221
vn 0.4542 -0.2676 0.8498
vn 0.6113 -0.2676 0.7448
vn 0.7448 -0.2676 0.6113
vn 0.8498 -0.2676 0.4542
vn 0.9221 -0.2676 0.2797
vn 0.9589 -0.2676 0.0944
vn 0.9589 -0.2676 -0.0944
vn 0.9221 -0.2676 -0.2797
vn 0.8498 -0.2676 -0.4542
vn 0.7448 -0.2676 -0.6113
vn 0.6113 -0.2676 -0.7448
vn 0.4542 -0.2676 -0.8498
vn 0.2797 -0.2676 -0.9221
vn 0.0944 -0.2676 -0.9589
vn 0.7715 0.0619 0.6332
vn 0.0143 0.9995 0.0268
vn 0.0303 0.9995 -0.0030
vn 0.0268 0.9995 0.0143
vn 0.0268 0.9995 -0.0143
vn 0.0143 0.9995 -0.0268
vn 0.0303 0.9995 0.0030
vn -0.0030 0.9995 -0.0303
vn -0.0143 0.9995 -0.0268
vn -0.0268 0.9995 -0.0143
vn 0.0030 0.9995 -0.0303
vn -0.0303 0.9995 0.0030
vn -0.0143 0.9995 0.0268
vn -0.0303 0.9995 -0.0030
vn -0.0268 0.9995 0.0143
vn -0.0030 0.9995 0.0303
vn 0.0088 0.9995 0.0291
vn 0.0235 0.9995 0.0193
vn 0.0193 0.9995 0.0235
vn 0.0193 0.9995 -0.0235
vn 0.0291 0.9995 0.0088
vn 0.0291 0.9995 -0.0088
vn 0.0088 0.9995 -0.0291
vn -0.0088 0.9995 -0.0291
vn 0.0235 0.9995 -0.0193
vn -0.0235 0.9995 -0.0193
vn -0.0291 0.9995 0.0088
vn -0.0193 0.9995 -0.0235
vn -0.0193 0.9995 0.0235
vn -0.0291 0.9995 -0.0088
vn -0.0235 0.9995 0.0193
vn -0.0088 0.9995 0.0291
vn 0.4347 0.3870 0.8132
vn 0.2897 0.0619 0.9551
vn -0.6332 0.0619 0.7715
vn 0.8802 0.0619 -0.4705
vn -0.6332 0.0619 -0.7715
vn -0.9551 0.0619 0.2897
vn 0.0978 0.0619 0.9933
vn -0.9933 0.0619 0.0978
vn 0.9551 0.0619 0.2897
vn 0.0978 0.0619 -0.9933
vn -0.2897 0.0619 0.9551
vn -0.8802 0.0619 -0.4705
vn 0.4705 0.0619 0.8802
vn 0.7715 0.0619 -0.6332
vn -0.7715 0.0619 -0.6332
vn -0.2897 0.0619 -0.9551
vn -0.8802 0.0619 0.4705
vn 0.9933 0.0619 0.0978
vn -0.0978 0.0619 -0.9933
vn 0.4705 0.0619 -0.8802
vn -0.9551 0.0619 -0.2897
vn -0.0978 0.0619 0.9933
vn 0.6332 0.0619 0.7715
vn 0.6332 0.0619 -0.7715
vn -0.4705 0.0619 -0.8802
vn -0.7715 0.0619 0.6332
vn 0.9551 0.0619 -0.2897
vn 0.9933 0.0619 -0.0978
vn -0.9933 0.0619 -0.0978
vn 0.8802 0.0619 0.4705
vn 0.2897 0.0619 -0.9551
vn -0.4705 0.0619 0.8802
vn 0.0776 0.9925 0.0945
vn -0.7128 0.3870 -0.5850
vn 0.7128 0.3870 -0.5850
vn -0.8132 0.3870 0.4347
vn -0.2677 0.3870 -0.8824
vn 0.9176 0.3870 0.0904
vn -0.0904 0.3870 -0.9176
vn -0.0904 0.3870 0.9176
vn 0.4347 0.3870 -0.8132
vn -0.8824 0.3870 -0.2677
vn 0.5850 0.3870 0.7128
vn 0.5850 0.3870 -0.7128
vn 0.8824 0.3870 -0.2677
vn -0.4347 0.3870 -0.8132
vn -0.7128 0.3870 0.5850
vn 0.9176 0.3870 -0.0904
vn 0.2677 0.3870 -0.8824
vn -0.9176 0.3870 -0.0904
vn 0.8132 0.3870 0.4347
vn -0.4347 0.3870 0.8132
vn 0.7128 0.3870 0.5850
vn 0.2677 0.3870 0.8824
vn -0.5850 0.3870 -0.7128
vn -0.5850 0.3870 0.7128
vn 0.8132 0.3870 -0.4347
vn -0.8824 0.3870 0.2677
vn 0.0904 0.3870 0.9176
vn -0.9176 0.3870 0.0904
vn 0.8824 0.3870 0.2677
vn 0.0904 0.3870 -0.9176
vn -0.2677 0.3870 0.8824
vn -0.8132 0.3870 -0.4347
vn -0.2897 -0.0614 -0.9551
vn -0.0978 -0.0614 -0.9933
vn -0.4705 -0.0614 -0.8803
vn -0.6332 -0.0614 -0.7716
vn -0.7716 -0.0614 -0.6332
vn -0.8803 -0.0614 -0.4705
vn -0.9551 -0.0614 -0.2897
vn -0.9933 -0.0614 -0.0978
vn -0.9933 -0.0614 0.0978
vn -0.9551 -0.0614 0.2897
vn -0.8803 -0.0614 0.4705
vn -0.7716 -0.0614 0.6332
vn -0.6332 -0.0614 0.7716
vn -0.4705 -0.0614 0.8803
vn -0.2897 -0.0614 0.9551
vn -0.0978 -0.0614 0.9933
vn 0.0978 -0.0614 0.9933
vn 0.2897 -0.0614 0.9551
vn 0.4705 -0.0614 0.8803
vn 0.6332 -0.0614 0.7716
vn 0.7716 -0.0614 0.6332
vn 0.8803 -0.0614 0.4705
vn 0.9551 -0.0614 0.2897
vn 0.9933 -0.0614 0.0978
vn 0.9933 -0.0614 -0.0978
vn 0.9551 -0.0614 -0.2897
vn 0.8803 -0.0614 -0.4705
vn 0.7716 -0.0614 -0.6332
vn 0.6332 -0.0614 -0.7716
vn 0.4705 -0.0614 -0.8803
vn 0.2897 -0.0614 -0.9551
vn 0.0978 -0.0614 -0.9933
vn 0.0906 -0.3811 -0.9201
vn 0.2684 -0.3811 -0.8847
vn 0.4358 -0.3811 -0.8154
vn 0.5865 -0.3811 -0.7147
vn 0.7147 -0.3811 -0.5865
vn 0.8154 -0.3811 -0.4358
vn 0.8847 -0.3811 -0.2684
vn 0.9201 -0.3811 -0.0906
vn 0.9201 -0.3811 0.0906
vn 0.8847 -0.3811 0.2684
vn 0.8154 -0.3811 0.4358
vn 0.7147 -0.3811 0.5865
vn 0.5865 -0.3811 0.7147
vn 0.4358 -0.3811 0.8154
vn 0.2684 -0.3811 0.8847
vn 0.0906 -0.3811 0.9201
vn -0.0906 -0.3811 0.9201
vn -0.2684 -0.3811 0.8847
vn -0.4358 -0.3811 0.8154
vn -0.5865 -0.3811 0.7147
vn -0.7147 -0.3811 0.5865
vn -0.8154 -0.3811 0.4358
vn -0.8847 -0.3811 0.2684
vn -0.9201 -0.3811 0.0906
vn -0.9201 -0.3811 -0.0906
vn -0.8847 -0.3811 -0.2684
vn -0.8154 -0.3811 -0.4358
vn -0.7147 -0.3811 -0.5865
vn -0.5865 -0.3811 -0.7147
vn -0.4358 -0.3811 -0.8154
vn -0.0906 -0.3811 -0.9201
vn -0.2684 -0.3811 -0.8847
vn -0.4559 0.2539 0.8530
vn 0.2808 0.2539 -0.9256
vn 0.8530 0.2539 0.4560
vn -0.9626 0.2539 -0.0948
vn 0.9626 0.2539 -0.0948
vn 0.9256 0.2539 -0.2808
vn -0.7477 0.2539 0.6136
vn -0.4559 0.2539 -0.8530
vn 0.6136 0.2539 -0.7477
vn 0.6136 0.2539 0.7477
vn -0.0948 0.2539 0.9626
vn -0.9256 0.2539 -0.2808
vn 0.4559 0.2539 -0.8530
vn -0.0948 0.2539 -0.9626
vn 0.9626 0.2539 0.0948
vn -0.8530 0.2539 0.4559
vn -0.2808 0.2539 -0.9256
vn -0.7477 0.2539 -0.6136
vn 0.7477 0.2539 -0.6136
vn 0.4559 0.2539 0.8530
vn -0.8530 0.2539 -0.4559
vn -0.2808 0.2539 0.9256
vn 0.0948 0.2539 -0.9626
vn 0.9256 0.2539 0.2808
vn -0.9626 0.2539 0.0948
vn 0.0948 0.2539 0.9626
vn -0.9256 0.2539 0.2808
vn -0.6136 0.2539 -0.7477
vn 0.8530 0.2539 -0.4559
vn -0.6136 0.2539 0.7477
vn 0.2808 0.2539 0.9256
vn 0.7477 0.2539 0.6136
vn -0.8567 0.2376 -0.4579
vn -0.2820 0.2376 0.9295
vn 0.0952 0.2376 -0.9667
vn 0.9295 0.2376 0.2820
vn -0.9667 0.2376 0.0952
vn 0.0952 0.2376 0.9667
vn -0.9295 0.2376 0.2820
vn 0.8567 0.2376 -0.4579
vn -0.6162 0.2376 0.7509
vn -0.6162 0.2376 -0.7509
vn 0.2820 0.2376 0.9295
vn 0.7509 0.2376 0.6162
vn -0.4579 0.2376 0.8567
vn 0.8567 0.2376 0.4579
vn -0.9667 0.2376 -0.0952
vn 0.2820 0.2376 -0.9295
vn 0.9667 0.2376 -0.0952
vn -0.7509 0.2376 0.6162
vn -0.4579 0.2376 -0.8567
vn 0.9295 0.2376 -0.2820
vn 0.6162 0.2376 -0.7509
vn 0.6162 0.2376 0.7509
vn -0.9295 0.2376 -0.2820
vn 0.4579 0.2376 -0.8567
vn -0.0952 0.2376 0.9667
vn -0.0952 0.2376 -0.9667
vn 0.9667 0.2376 0.0952
vn -0.2820 0.2376 -0.9295
vn -0.8567 0.2376 0.4579
vn 0.7509 0.2376 -0.6162
vn -0.7509 0.2376 -0.6162
vn 0.4579 0.2376 0.8567
vn -0.0000 1.0000 -0.0000
vn 0.0776 0.9925 -0.0945
vn -0.0945 0.9925 0.0776
vn 0.1170 0.9925 -0.0355
vn -0.0577 0.9925 -0.1079
vn 0.1217 0.9925 -0.0120
vn 0.1079 0.9925 0.0577
vn 0.0355 0.9925 -0.1170
vn -0.1217 0.9925 -0.0120
vn -0.0577 0.9925 0.1079
vn 0.0945 0.9925 0.0776
vn 0.0355 0.9925 0.1170
vn 0.1079 0.9925 -0.0577
vn -0.0776 0.9925 -0.0945
vn -0.0776 0.9925 0.0945
vn -0.1170 0.9925 0.0355
vn 0.0120 0.9925 0.1217
vn 0.0120 0.9925 -0.1217
vn -0.1217 0.9925 0.0120
vn 0.1170 0.9925 0.0355
vn -0.1079 0.9925 -0.0577
vn -0.0355 0.9925 0.1170
vn 0.0577 0.9925 0.1079
vn -0.0945 0.9925 -0.0776
vn 0.0945 0.9925 -0.0776
vn -0.1079 0.9925 0.0577
vn -0.0355 0.9925 -0.1170
vn 0.1217 0.9925 0.0120
vn -0.0120 0.9925 -0.1217
vn -0.0120 0.9925 0.1217
vn 0.0577 0.9925 -0.1079
vn -0.1170 0.9925 -0.0355
vn -0.0000 -1.0000 -0.0000
vn -0.0269 -0.9957 -0.0887
vn -0.0091 -0.9957 -0.0923
vn -0.0588 -0.9957 -0.0717
vn -0.0887 -0.9957 -0.0269
vn -0.0887 -0.9957 0.0269
vn -0.0923 -0.9957 0.0091
vn 0.0269 -0.9957 0.0887
vn -0.0717 -0.9957 0.0588
vn -0.0269 -0.9957 0.0887
vn 0.0887 -0.9957 -0.0269
vn 0.0588 -0.9957 0.0717
vn 0.0887 -0.9957 0.0269
vn 0.0091 -0.9957 0.0923
vn 0.0717 -0.9957 -0.0588
vn 0.0269 -0.9957 -0.0887
vn 0.0923 -0.9957 -0.0091
vn -0.0437 -0.9957 -0.0818
vn -0.0818 -0.9957 -0.0437
vn -0.0818 -0.9957 0.0437
vn -0.0717 -0.9957 -0.0588
vn -0.0437 -0.9957 0.0818
vn -0.0923 -0.9957 -0.0091
vn -0.0588 -0.9957 0.0717
vn 0.0818 -0.9957 0.0437
vn -0.0091 -0.9957 0.0923
vn 0.0437 -0.9957 0.0818
vn 0.0923 -0.9957 0.0091
vn 0.0818 -0.9957 -0.0437
vn 0.0717 -0.9957 0.0588
vn 0.0437 -0.9957 -0.0818
vn 0.0588 -0.9957 -0.0717
s 1
f 1667//1667 1861//1861 2595//2595 2274//2274
f 1861//1861 1476//1476 1860//1860 2595//2595
f 2595//2595 1860//1860 1478//1478 2212//2212
f 2274//2274 2595//2595 2212//2212 1668//1668
f 1668//1668 2212//2212 2596//2596 2273//2273
f 2212//2212 1478//1478 1864//1864 2596//2596
f 2596//2596 1864//1864 1480//1480 2213//2213
f 2273//2273 2596//2596 2213//2213 1669//1669
f 1669//1669 2213//2213 2597//2597 2272//2272
f 2213//2213 1480//1480 1867//1867 2597//2597
f 2597//2597 1867//1867 1482//1482 2214//2214
f 2272//2272 2597//2597 2214//2214 1670//1670
f 1670//1670 2214//2214 2598//2598 2271//2271
f 2214//2214 1482//1482 1870//1870 2598//2598
f 2598//2598 1870//1870 1484//1484 2215//2215
f 2271//2271 2598//2598 2215//2215 1671//1671
f 1671//1671 2215//2215 2599//2599 2270//2270
f 2215//2215 1484//1484 1873//1873 2599//2599
f 2599//2599 1873//1873 1486//1486 2216//2216
f 2270//2270 2599//2599 2216//2216 1672//1672
f 1672//1672 2216//2216 2600//2600 2269//2269
f 2216//2216 1486//1486 1876//1876 2600//2600
f 2600//2600 1876//1876 1488//1488 2217//2217
f 2269//2269 2600//2600 2217//2217 1673//1673
f 1673//1673 2217//2217 2601//2601 2268//2268
f 2217//2217 1488//1488 1879//1879 2601//2601
f 2601//2601 1879//1879 1490//1490 2218//2218
f 2268//2268 2601//2601 2218//2218 1674//1674
f 1674//1674 2218//2218 2602//2602 2267//2267
f 2218//2218 1490//1490 1882//1882 2602//2602
f 2602//2602 1882//1882 1492//1492 2219//2219
f 2267//2267 2602//2602 2219//2219 1675//1675
f 1675//1675 2219//2219 2603//2603 2266//2266
f 2219//2219 1492//1492 1885//1885 2603//2603
f 2603//2603 1885//1885 1494//1494 2220//2220
f 2266//2266 2603//2603 2220//2220 1676//1676
f 1676//1676 2220//2220 2604//2604 2265//2265
f 2220//2220 1494//1494 1888//1888 2604//2604
f 2604//2604 1888//1888 1496//1496 2221//2221
f 2265//2265 2604//2604 2221//2221 1677//1677
f 1677//1677 2221//2221 2605//2605 2264//2264
f 2221//2221 1496//1496 1891//1891 2605//2605
f 2605//2605 1891//1891 1498//1498 2222//2222
f 2264//2264 2605//2605 2222//2222 1678//1678
f 1678//1678 2222//2222 2606//2606 2263//2263
f 2222//2222 1498//1498 1894//1894 2606//2606
f 2606//2606 1894//1894 1500//1500 2223//2223
f 2263//2263 2606//2606 2223//2223 1679//1679
f 1679//1679 2223//2223 2607//2607 2262//2262
f 2223//2223 1500//1500 1897//1897 2607//2607
f 2607//2607 1897//1897 1502//1502 2224//2224
f 2262//2262 2607//2607 2224//2224 1680//1680
f 1680//1680 2224//2224 2608//2608 2261//2261
f 2224//2224 1502//1502 1900//1900 2608//2608
f 2608//2608 1900//1900 1504//1504 2225//2225
f 2261//2261 2608//2608 2225//2225 1681//1681
f 1681//1681 2225//2225 2609//2609 2260//2260
f 2225//2225 1504//1504 1903//1903 2609//2609
f 2609//2609 1903//1903 1506//1506 2226//2226
f 2260//2260 2609//2609 2226//2226 1682//1682
f 1682//1682 2226//2226 2610//2610 2259//2259
f 2226//2226 1506//1506 1906//1906 2610//2610
f 2610//2610 1906//1906 1508//1508 2227//2227
f 2259//2259 2610//2610 2227//2227 1683//1683
f 1683//1683 2227//2227 2611//2611 2258//2258
f 2227//2227 1508//1508 1909//1909 2611//2611
f 2611//2611 1909//1909 1510//1510 2228//2228
f 2258//2258 2611//2611 2228//2228 1684//1684
f 1684//1684 2228//2228 2612//2612 2257//2257
f 2228//2228 1510//1510 1912//1912 2612//2612
f 2612//2612 1912//1912 1512//1512 2229//2229
f 2257//2257 2612//2612 2229//2229 1685//1685
f 1685//1685 2229//2229 2613//2613 2256//2256
f 2229//2229 1512//1512 1915//1915 2613//2613
f 2613//2613 1915//1915 1514//1514 2230//2230
f 2256//2256 2613//2613 2230//2230 1686//1686
f 1686//1686 2230//2230 2614//2614 2255//2255
f 2230//2230 1514//1514 1918//1918 2614//2614
f 2614//2614 1918//1918 1516//1516 2231//2231
f 2255//2255 2614//2614 2231//2231 1687//1687
f 1687//1687 2231//2231 2615//2615 2254//2254
f 2231//2231 1516//1516 1921//1921 2615//2615
f 2615//2615 1921//1921 1518//1518 2232//2232
f 2254//2254 2615//2615 2232//2232 1688//1688
f 1688//1688 2232//2232 2616//2616 2253//2253
f 2232//2232 1518//1518 1924//1924 2616//2616
f 2616//2616 1924//1924 1520//1520 2233//2233
f 2253//2253 2616//2616 2233//2233 1689//1689
f 1689//1689 2233//2233 2617//2617 2252//2252
f 2233//2233 1520//1520 1927//1927 2617//2617
f 2617//2617 1927//1927 1522//1522 2234//2234
f 2252//2252 2617//2617 2234//2234 1690//1690
f 1690//1690 2234//2234 2618//2618 2251//2251
f 2234//2234 1522//1522 1930//1930 2618//2618
f 2618//2618 1930//1930 1524//1524 2235//2235
f 2251//2251 2618//2618 2235//2235 1691//1691
f 1691//1691 2235//2235 2619//2619 2250//2250
f 2235//2235 1524//1524 1933//1933 2619//2619
f 2619//2619 1933//1933 1526//1526 2236//2236
f 2250//2250 2619//2619 2236//2236 1692//1692
f 1692//1692 2236//2236 2620//2620 2249//2249
f 2236//2236 1526//1526 1936//1936 2620//2620
f 2620//2620 1936//1936 1528//1528 2237//2237
f 2249//2249 2620//2620 2237//2237 1693//1693
f 1693//1693 2237//2237 2621//2621 2248//2248
f 2237//2237 1528//1528 1939//1939 2621//2621
f 2621//2621 1939//1939 1530//1530 2238//2238
f 2248//2248 2621//2621 2238//2238 1694//1694
f 1694//1694 2238//2238 2622//2622 2247//2247
f 2238//2238 1530//1530 1942//1942 2622//2622
f 2622//2622 1942//1942 1532//1532 2239//2239
f 2247//2247 2622//2622 2239//2239 1695//1695
f 1695//1695 2239//2239 2623//2623 2246//2246
f 2239//2239 1532//1532 1945//1945 2623//2623
f 2623//2623 1945//1945 1534//1534 2240//2240
f 2246//2246 2623//2623 2240//2240 1696//1696
f 1696//1696 2240//2240 2624//2624 2245//2245
f 2240//2240 1534//1534 1948//1948 2624//2624
f 2624//2624 1948//1948 1536//1536 2241//2241
f 2245//2245 2624//2624 2241//2241 1697//1697
f 1476//1476 1954//1954 2625//2625 2052//2052
f 1954//1954 1538//1538 2051//2051 2625//2625
f 2625//2625 2051//2051 1602//1602 2050//2050
f 2052//2052 2625//2625 2050//2050 1572//1572
f 1698//1698 2242//2242 2626//2626 2244//2244
f 2242//2242 1538//1538 1954//1954 2626//2626
f 2626//2626 1954//1954 1476//1476 1861//1861
f 2244//2244 2626//2626 1861//1861 1667//1667
f 1697//1697 2241//2241 2627//2627 2243//2243
f 2241//2241 1536//1536 1951//1951 2627//2627
f 2627//2627 1951//1951 1538//1538 2242//2242
f 2243//2243 2627//2627 2242//2242 1698//1698
f 1475//1475 1859//1859 2628//2628 2564//2564
f 1859//1859 1477//1477 2563//2563 2628//2628
f 2628//2628 2563//2563 1828//1828 2531//2531
f 2564//2564 2628//2628 2531//2531 1827//1827
f 1728//1728 2304//2304 2629//2629 2338//2338
f 2304//2304 1569//1569 1987//1987 2629//2629
f 2629//2629 1987//1987 1570//1570 2305//2305
f 2338//2338 2629//2629 2305//2305 1729//1729
f 1729//1729 2305//2305 2630//2630 2337//2337
f 2305//2305 1570//1570 1988//1988 2630//2630
f 2630//2630 1988//1988 1539//1539 1955//1955
f 2337//2337 2630//2630 1955//1955 1730//1730
f 1727//1727 2303//2303 2631//2631 2336//2336
f 2303//2303 1568//1568 1989//1989 2631//2631
f 2631//2631 1989//1989 1569//1569 2304//2304
f 2336//2336 2631//2631 2304//2304 1728//1728
f 1726//1726 2302//2302 2632//2632 2335//2335
f 2302//2302 1567//1567 1990//1990 2632//2632
f 2632//2632 1990//1990 1568//1568 2303//2303
f 2335//2335 2632//2632 2303//2303 1727//1727
f 1725//1725 2301//2301 2633//2633 2334//2334
f 2301//2301 1566//1566 1991//1991 2633//2633
f 2633//2633 1991//1991 1567//1567 2302//2302
f 2334//2334 2633//2633 2302//2302 1726//1726
f 1724//1724 2300//2300 2634//2634 2333//2333
f 2300//2300 1565//1565 1992//1992 2634//2634
f 2634//2634 1992//1992 1566//1566 2301//2301
f 2333//2333 2634//2634 2301//2301 1725//1725
f 1723//1723 2299//2299 2635//2635 2332//2332
f 2299//2299 1564//1564 1993//1993 2635//2635
f 2635//2635 1993//1993 1565//1565 2300//2300
f 2332//2332 2635//2635 2300//2300 1724//1724
f 1722//1722 2298//2298 2636//2636 2331//2331
f 2298//2298 1563//1563 1994//1994 2636//2636
f 2636//2636 1994//1994 1564//1564 2299//2299
f 2331//2331 2636//2636 2299//2299 1723//1723
f 1721//1721 2297//2297 2637//2637 2330//2330
f 2297//2297 1562//1562 1995//1995 2637//2637
f 2637//2637 1995//1995 1563//1563 2298//2298
f 2330//2330 2637//2637 2298//2298 1722//1722
f 1720//1720 2296//2296 2638//2638 2329//2329
f 2296//2296 1561//1561 1996//1996 2638//2638
f 2638//2638 1996//1996 1562//1562 2297//2297
f 2329//2329 2638//2638 2297//2297 1721//1721
f 1719//1719 2295//2295 2639//2639 2328//2328
f 2295//2295 1560//1560 1997//1997 2639//2639
f 2639//2639 1997//1997 1561//1561 2296//2296
f 2328//2328 2639//2639 2296//2296 1720//1720
f 1718//1718 2294//2294 2640//2640 2327//2327
f 2294//2294 1559//1559 1998//1998 2640//2640
f 2640//2640 1998//1998 1560//1560 2295//2295
f 2327//2327 2640//2640 2295//2295 1719//1719
f 1717//1717 2293//2293 2641//2641 2326//2326
f 2293//2293 1558//1558 1999//1999 2641//2641
f 2641//2641 1999//1999 1559//1559 2294//2294
f 2326//2326 2641//2641 2294//2294 1718//1718
f 1716//1716 2292//2292 2642//2642 2325//2325
f 2292//2292 1557//1557 2000//2000 2642//2642
f 2642//2642 2000//2000 1558//1558 2293//2293
f 2325//2325 2642//2642 2293//2293 1717//1717
f 1715//1715 2291//2291 2643//2643 2324//2324
f 2291//2291 1556//1556 2001//2001 2643//2643
f 2643//2643 2001//2001 1557//1557 2292//2292
f 2324//2324 2643//2643 2292//2292 1716//1716
f 1714//1714 2290//2290 2644//2644 2323//2323
f 2290//2290 1555//1555 2002//2002 2644//2644
f 2644//2644 2002//2002 1556//1556 2291//2291
f 2323//2323 2644//2644 2291//2291 1715//1715
f 1713//1713 2289//2289 2645//2645 2322//2322
f 2289//2289 1554//1554 2003//2003 2645//2645
f 2645//2645 2003//2003 1555//1555 2290//2290
f 2322//2322 2645//2645 2290//2290 1714//1714
f 1712//1712 2288//2288 2646//2646 2321//2321
f 2288//2288 1553//1553 2004//2004 2646//2646
f 2646//2646 2004//2004 1554//1554 2289//2289
f 2321//2321 2646//2646 2289//2289 1713//1713
f 1711//1711 2287//2287 2647//2647 2320//2320
f 2287//2287 1552//1552 2005//2005 2647//2647
f 2647//2647 2005//2005 1553//1553 2288//2288
f 2320//2320 2647//2647 2288//2288 1712//1712
f 1710//1710 2286//2286 2648//2648 2319//2319
f 2286//2286 1551//1551 2006//2006 2648//2648
f 2648//2648 2006//2006 1552//1552 2287//2287
f 2319//2319 2648//2648 2287//2287 1711//1711
f 1709//1709 2285//2285 2649//2649 2318//2318
f 2285//2285 1550//1550 2007//2007 2649//2649
f 2649//2649 2007//2007 1551//1551 2286//2286
f 2318//2318 2649//2649 2286//2286 1710//1710
f 1708//1708 2284//2284 2650//2650 2317//2317
f 2284//2284 1549//1549 2008//2008 2650//2650
f 2650//2650 2008//2008 1550//1550 2285//2285
f 2317//2317 2650//2650 2285//2285 1709//1709
f 1707//1707 2283//2283 2651//2651 2316//2316
f 2283//2283 1548//1548 2009//2009 2651//2651
f 2651//2651 2009//2009 1549//1549 2284//2284
f 2316//2316 2651//2651 2284//2284 1708//1708
f 1706//1706 2282//2282 2652//2652 2315//2315
f 2282//2282 1547//1547 2010//2010 2652//2652
f 2652//2652 2010//2010 1548//1548 2283//2283
f 2315//2315 2652//2652 2283//2283 1707//1707
f 1705//1705 2281//2281 2653//2653 2314//2314
f 2281//2281 1546//1546 2011//2011 2653//2653
f 2653//2653 2011//2011 1547//1547 2282//2282
f 2314//2314 2653//2653 2282//2282 1706//1706
f 1704//1704 2280//2280 2654//2654 2313//2313
f 2280//2280 1545//1545 2012//2012 2654//2654
f 2654//2654 2012//2012 1546//1546 2281//2281
f 2313//2313 2654//2654 2281//2281 1705//1705
f 1703//1703 2279//2279 2655//2655 2312//2312
f 2279//2279 1544//1544 2013//2013 2655//2655
f 2655//2655 2013//2013 1545//1545 2280//2280
f 2312//2312 2655//2655 2280//2280 1704//1704
f 1702//1702 2278//2278 2656//2656 2311//2311
f 2278//2278 1543//1543 2014//2014 2656//2656
f 2656//2656 2014//2014 1544//1544 2279//2279
f 2311//2311 2656//2656 2279//2279 1703//1703
f 1701//1701 2277//2277 2657//2657 2310//2310
f 2277//2277 1542//1542 2015//2015 2657//2657
f 2657//2657 2015//2015 1543//1543 2278//2278
f 2310//2310 2657//2657 2278//2278 1702//1702
f 1700//1700 2276//2276 2658//2658 2309//2309
f 2276//2276 1541//1541 2016//2016 2658//2658
f 2658//2658 2016//2016 1542//1542 2277//2277
f 2309//2309 2658//2658 2277//2277 1701//1701
f 1699//1699 2275//2275 2659//2659 2308//2308
f 2275//2275 1540//1540 2017//2017 2659//2659
f 2659//2659 2017//2017 1541//1541 2276//2276
f 2308//2308 2659//2659 2276//2276 1700//1700
f 1730//1730 1955//1955 2660//2660 2307//2307
f 1955//1955 1539//1539 2018//2018 2660//2660
f 2660//2660 2018//2018 1540//1540 2275//2275
f 2307//2307 2660//2660 2275//2275 1699//1699
f 1732//1732 2402//2402 2661//2661 2340//2340
f 2402//2402 1731//1731 2115//2115 2661//2661
f 2661//2661 2115//2115 1630//1630 2110//2110
f 2340//2340 2661//2661 2110//2110 1631//1631
f 1536//1536 1948//1948 2662//2662 2054//2054
f 1948//1948 1534//1534 2053//2053 2662//2662
f 2662//2662 2053//2053 1600//1600 2048//2048
f 2054//2054 2662//2662 2048//2048 1601//1601
f 1524//1524 1930//1930 2663//2663 2056//2056
f 1930//1930 1522//1522 2055//2055 2663//2663
f 2663//2663 2055//2055 1594//1594 2042//2042
f 2056//2056 2663//2663 2042//2042 1595//1595
f 1530//1530 1939//1939 2664//2664 2058//2058
f 1939//1939 1528//1528 2057//2057 2664//2664
f 2664//2664 2057//2057 1597//1597 2045//2045
f 2058//2058 2664//2664 2045//2045 1598//1598
f 1520//1520 1924//1924 2665//2665 2060//2060
f 1924//1924 1518//1518 2059//2059 2665//2665
f 2665//2665 2059//2059 1592//1592 2040//2040
f 2060//2060 2665//2665 2040//2040 1593//1593
f 1514//1514 1915//1915 2666//2666 2062//2062
f 1915//1915 1512//1512 2061//2061 2666//2666
f 2666//2666 2061//2061 1589//1589 2037//2037
f 2062//2062 2666//2666 2037//2037 1590//1590
f 1526//1526 1933//1933 2667//2667 2063//2063
f 1933//1933 1524//1524 2056//2056 2667//2667
f 2667//2667 2056//2056 1595//1595 2043//2043
f 2063//2063 2667//2667 2043//2043 1596//1596
f 1508//1508 1906//1906 2668//2668 2065//2065
f 1906//1906 1506//1506 2064//2064 2668//2668
f 2668//2668 2064//2064 1586//1586 2034//2034
f 2065//2065 2668//2668 2034//2034 1587//1587
f 1504//1504 1900//1900 2669//2669 2067//2067
f 1900//1900 1502//1502 2066//2066 2669//2669
f 2669//2669 2066//2066 1584//1584 2032//2032
f 2067//2067 2669//2669 2032//2032 1585//1585
f 1498//1498 1891//1891 2670//2670 2069//2069
f 1891//1891 1496//1496 2068//2068 2670//2670
f 2670//2670 2068//2068 1581//1581 2029//2029
f 2069//2069 2670//2670 2029//2029 1582//1582
f 1510//1510 1909//1909 2671//2671 2070//2070
f 1909//1909 1508//1508 2065//2065 2671//2671
f 2671//2671 2065//2065 1587//1587 2035//2035
f 2070//2070 2671//2671 2035//2035 1588//1588
f 1492//1492 1882//1882 2672//2672 2072//2072
f 1882//1882 1490//1490 2071//2071 2672//2672
f 2672//2672 2071//2071 1578//1578 2026//2026
f 2072//2072 2672//2672 2026//2026 1579//1579
f 1482//1482 1867//1867 2673//2673 2074//2074
f 1867//1867 1480//1480 2073//2073 2673//2673
f 2673//2673 2073//2073 1573//1573 2021//2021
f 2074//2074 2673//2673 2021//2021 1574//1574
f 1494//1494 1885//1885 2674//2674 2075//2075
f 1885//1885 1492//1492 2072//2072 2674//2674
f 2674//2674 2072//2072 1579//1579 2027//2027
f 2075//2075 2674//2674 2027//2027 1580//1580
f 1488//1488 1876//1876 2675//2675 2077//2077
f 1876//1876 1486//1486 2076//2076 2675//2675
f 2675//2675 2076//2076 1576//1576 2024//2024
f 2077//2077 2675//2675 2024//2024 1577//1577
f 1478//1478 1860//1860 2676//2676 2078//2078
f 1860//1860 1476//1476 2052//2052 2676//2676
f 2676//2676 2052//2052 1572//1572 2019//2019
f 2078//2078 2676//2676 2019//2019 1571//1571
f 1538//1538 1951//1951 2677//2677 2051//2051
f 1951//1951 1536//1536 2054//2054 2677//2677
f 2677//2677 2054//2054 1601//1601 2049//2049
f 2051//2051 2677//2677 2049//2049 1602//1602
f 1532//1532 1942//1942 2678//2678 2079//2079
f 1942//1942 1530//1530 2058//2058 2678//2678
f 2678//2678 2058//2058 1598//1598 2046//2046
f 2079//2079 2678//2678 2046//2046 1599//1599
f 1534//1534 1945//1945 2679//2679 2053//2053
f 1945//1945 1532//1532 2079//2079 2679//2679
f 2679//2679 2079//2079 1599//1599 2047//2047
f 2053//2053 2679//2679 2047//2047 1600//1600
f 1516//1516 1918//1918 2680//2680 2080//2080
f 1918//1918 1514//1514 2062//2062 2680//2680
f 2680//2680 2062//2062 1590//1590 2038//2038
f 2080//2080 2680//2680 2038//2038 1591//1591
f 1528//1528 1936//1936 2681//2681 2057//2057
f 1936//1936 1526//1526 2063//2063 2681//2681
f 2681//2681 2063//2063 1596//1596 2044//2044
f 2057//2057 2681//2681 2044//2044 1597//1597
f 1522//1522 1927//1927 2682//2682 2055//2055
f 1927//1927 1520//1520 2060//2060 2682//2682
f 2682//2682 2060//2060 1593//1593 2041//2041
f 2055//2055 2682//2682 2041//2041 1594//1594
f 1512//1512 1912//1912 2683//2683 2061//2061
f 1912//1912 1510//1510 2070//2070 2683//2683
f 2683//2683 2070//2070 1588//1588 2036//2036
f 2061//2061 2683//2683 2036//2036 1589//1589
f 1506//1506 1903//1903 2684//2684 2064//2064
f 1903//1903 1504//1504 2067//2067 2684//2684
f 2684//2684 2067//2067 1585//1585 2033//2033
f 2064//2064 2684//2684 2033//2033 1586//1586
f 1518//1518 1921//1921 2685//2685 2059//2059
f 1921//1921 1516//1516 2080//2080 2685//2685
f 2685//2685 2080//2080 1591//1591 2039//2039
f 2059//2059 2685//2685 2039//2039 1592//1592
f 1500//1500 1894//1894 2686//2686 2081//2081
f 1894//1894 1498//1498 2069//2069 2686//2686
f 2686//2686 2069//2069 1582//1582 2030//2030
f 2081//2081 2686//2686 2030//2030 1583//1583
f 1490//1490 1879//1879 2687//2687 2071//2071
f 1879//1879 1488//1488 2077//2077 2687//2687
f 2687//2687 2077//2077 1577//1577 2025//2025
f 2071//2071 2687//2687 2025//2025 1578//1578
f 1502//1502 1897//1897 2688//2688 2066//2066
f 1897//1897 1500//1500 2081//2081 2688//2688
f 2688//2688 2081//2081 1583//1583 2031//2031
f 2066//2066 2688//2688 2031//2031 1584//1584
f 1484//1484 1870//1870 2689//2689 2082//2082
f 1870//1870 1482//1482 2074//2074 2689//2689
f 2689//2689 2074//2074 1574//1574 2022//2022
f 2082//2082 2689//2689 2022//2022 1575//1575
f 1496//1496 1888//1888 2690//2690 2068//2068
f 1888//1888 1494//1494 2075//2075 2690//2690
f 2690//2690 2075//2075 1580//1580 2028//2028
f 2068//2068 2690//2690 2028//2028 1581//1581
f 1486//1486 1873//1873 2691//2691 2076//2076
f 1873//1873 1484//1484 2082//2082 2691//2691
f 2691//2691 2082//2082 1575//1575 2023//2023
f 2076//2076 2691//2691 2023//2023 1576//1576
f 1480//1480 1864//1864 2692//2692 2073//2073
f 1864//1864 1478//1478 2078//2078 2692//2692
f 2692//2692 2078//2078 1571//1571 2020//2020
f 2073//2073 2692//2692 2020//2020 1573//1573
f 1764//1764 2466//2466 2693//2693 2404//2404
f 2466//2466 1763//1763 2179//2179 2693//2693
f 2693//2693 2179//2179 1664//1664 2176//2176
f 2404//2404 2693//2693 2176//2176 1665//1665
f 1734//1734 2401//2401 2694//2694 2342//2342
f 2401//2401 1733//1733 2117//2117 2694//2694
f 2694//2694 2117//2117 1633//1633 2113//2113
f 2342//2342 2694//2694 2113//2113 1634//1634
f 1736//1736 2400//2400 2695//2695 2344//2344
f 2400//2400 1735//1735 2119//2119 2695//2695
f 2695//2695 2119//2119 1606//1606 2086//2086
f 2344//2344 2695//2695 2086//2086 1607//1607
f 1738//1738 2399//2399 2696//2696 2346//2346
f 2399//2399 1737//1737 2121//2121 2696//2696
f 2696//2696 2121//2121 1624//1624 2104//2104
f 2346//2346 2696//2696 2104//2104 1625//1625
f 1740//1740 2398//2398 2697//2697 2348//2348
f 2398//2398 1739//1739 2123//2123 2697//2697
f 2697//2697 2123//2123 1615//1615 2095//2095
f 2348//2348 2697//2697 2095//2095 1616//1616
f 1742//1742 2397//2397 2698//2698 2350//2350
f 2397//2397 1741//1741 2125//2125 2698//2698
f 2698//2698 2125//2125 1609//1609 2089//2089
f 2350//2350 2698//2698 2089//2089 1610//1610
f 1743//1743 2396//2396 2699//2699 2351//2351
f 2396//2396 1734//1734 2342//2342 2699//2699
f 2699//2699 2342//2342 1634//1634 2114//2114
f 2351//2351 2699//2699 2114//2114 1604//1604
f 1744//1744 2395//2395 2700//2700 2352//2352
f 2395//2395 1742//1742 2350//2350 2700//2700
f 2700//2700 2350//2350 1610//1610 2090//2090
f 2352//2352 2700//2700 2090//2090 1611//1611
f 1746//1746 2394//2394 2701//2701 2354//2354
f 2394//2394 1745//1745 2129//2129 2701//2701
f 2701//2701 2129//2129 1628//1628 2108//2108
f 2354//2354 2701//2701 2108//2108 1629//1629
f 1748//1748 2393//2393 2702//2702 2356//2356
f 2393//2393 1747//1747 2131//2131 2702//2702
f 2702//2702 2131//2131 1619//1619 2099//2099
f 2356//2356 2702//2702 2099//2099 1620//1620
f 1750//1750 2392//2392 2703//2703 2358//2358
f 2392//2392 1749//1749 2133//2133 2703//2703
f 2703//2703 2133//2133 1603//1603 2084//2084
f 2358//2358 2703//2703 2084//2084 1605//1605
f 1752//1752 2391//2391 2704//2704 2360//2360
f 2391//2391 1751//1751 2135//2135 2704//2704
f 2704//2704 2135//2135 1613//1613 2093//2093
f 2360//2360 2704//2704 2093//2093 1614//1614
f 1733//1733 2390//2390 2705//2705 2117//2117
f 2390//2390 1753//1753 2137//2137 2705//2705
f 2705//2705 2137//2137 1632//1632 2112//2112
f 2117//2117 2705//2705 2112//2112 1633//1633
f 1737//1737 2389//2389 2706//2706 2121//2121
f 2389//2389 1754//1754 2138//2138 2706//2706
f 2706//2706 2138//2138 1623//1623 2103//2103
f 2121//2121 2706//2706 2103//2103 1624//1624
f 1739//1739 2388//2388 2707//2707 2123//2123
f 2388//2388 1752//1752 2360//2360 2707//2707
f 2707//2707 2360//2360 1614//1614 2094//2094
f 2123//2123 2707//2707 2094//2094 1615//1615
f 1756//1756 2387//2387 2708//2708 2364//2364
f 2387//2387 1755//1755 2139//2139 2708//2708
f 2708//2708 2139//2139 1617//1617 2097//2097
f 2364//2364 2708//2708 2097//2097 1618//1618
f 1741//1741 2386//2386 2709//2709 2125//2125
f 2386//2386 1757//1757 2141//2141 2709//2709
f 2709//2709 2141//2141 1608//1608 2088//2088
f 2125//2125 2709//2709 2088//2088 1609//1609
f 1745//1745 2385//2385 2710//2710 2129//2129
f 2385//2385 1758//1758 2142//2142 2710//2710
f 2710//2710 2142//2142 1627//1627 2107//2107
f 2129//2129 2710//2710 2107//2107 1628//1628
f 1747//1747 2384//2384 2711//2711 2131//2131
f 2384//2384 1756//1756 2364//2364 2711//2711
f 2711//2711 2364//2364 1618//1618 2098//2098
f 2131//2131 2711//2711 2098//2098 1619//1619
f 1760//1760 2383//2383 2712//2712 2368//2368
f 2383//2383 1759//1759 2143//2143 2712//2712
f 2712//2712 2143//2143 1621//1621 2101//2101
f 2368//2368 2712//2712 2101//2101 1622//1622
f 1751//1751 2382//2382 2713//2713 2135//2135
f 2382//2382 1761//1761 2145//2145 2713//2713
f 2713//2713 2145//2145 1612//1612 2092//2092
f 2135//2135 2713//2713 2092//2092 1613//1613
f 1749//1749 2381//2381 2714//2714 2133//2133
f 2381//2381 1743//1743 2351//2351 2714//2714
f 2714//2714 2351//2351 1604//1604 2083//2083
f 2133//2133 2714//2714 2083//2083 1603//1603
f 1753//1753 2380//2380 2715//2715 2137//2137
f 2380//2380 1732//1732 2340//2340 2715//2715
f 2715//2715 2340//2340 1631//1631 2111//2111
f 2137//2137 2715//2715 2111//2111 1632//1632
f 1754//1754 2379//2379 2716//2716 2138//2138
f 2379//2379 1760//1760 2368//2368 2716//2716
f 2716//2716 2368//2368 1622//1622 2102//2102
f 2138//2138 2716//2716 2102//2102 1623//1623
f 1755//1755 2378//2378 2717//2717 2139//2139
f 2378//2378 1740//1740 2348//2348 2717//2717
f 2717//2717 2348//2348 1616//1616 2096//2096
f 2139//2139 2717//2717 2096//2096 1617//1617
f 1757//1757 2377//2377 2718//2718 2141//2141
f 2377//2377 1736//1736 2344//2344 2718//2718
f 2718//2718 2344//2344 1607//1607 2087//2087
f 2141//2141 2718//2718 2087//2087 1608//1608
f 1762//1762 2376//2376 2719//2719 2370//2370
f 2376//2376 1738//1738 2346//2346 2719//2719
f 2719//2719 2346//2346 1625//1625 2105//2105
f 2370//2370 2719//2719 2105//2105 1626//1626
f 1758//1758 2375//2375 2720//2720 2142//2142
f 2375//2375 1762//1762 2370//2370 2720//2720
f 2720//2720 2370//2370 1626//1626 2106//2106
f 2142//2142 2720//2720 2106//2106 1627//1627
f 1761//1761 2374//2374 2721//2721 2145//2145
f 2374//2374 1744//1744 2352//2352 2721//2721
f 2721//2721 2352//2352 1611//1611 2091//2091
f 2145//2145 2721//2721 2091//2091 1612//1612
f 1731//1731 2373//2373 2722//2722 2115//2115
f 2373//2373 1746//1746 2354//2354 2722//2722
f 2722//2722 2354//2354 1629//1629 2109//2109
f 2115//2115 2722//2722 2109//2109 1630//1630
f 1759//1759 2372//2372 2723//2723 2143//2143
f 2372//2372 1748//1748 2356//2356 2723//2723
f 2723//2723 2356//2356 1620//1620 2100//2100
f 2143//2143 2723//2723 2100//2100 1621//1621
f 1735//1735 2371//2371 2724//2724 2119//2119
f 2371//2371 1750//1750 2358//2358 2724//2724
f 2724//2724 2358//2358 1605//1605 2085//2085
f 2119//2119 2724//2724 2085//2085 1606//1606
f 1664//1664 2175//2175 2725//2725 2500//2500
f 2175//2175 1663//1663 2499//2499 2725//2725
f 2725//2725 2499//2499 1823//1823 2495//2495
f 2500//2500 2725//2725 2495//2495 1824//1824
f 1766//1766 2465//2465 2726//2726 2406//2406
f 2465//2465 1765//1765 2181//2181 2726//2726
f 2726//2726 2181//2181 1646//1646 2158//2158
f 2406//2406 2726//2726 2158//2158 1647//1647
f 1768//1768 2464//2464 2727//2727 2408//2408
f 2464//2464 1767//1767 2183//2183 2727//2727
f 2727//2727 2183//2183 1655//1655 2167//2167
f 2408//2408 2727//2727 2167//2167 1656//1656
f 1770//1770 2463//2463 2728//2728 2410//2410
f 2463//2463 1769//1769 2185//2185 2728//2728
f 2728//2728 2185//2185 1640//1640 2152//2152
f 2410//2410 2728//2728 2152//2152 1641//1641
f 1772//1772 2462//2462 2729//2729 2412//2412
f 2462//2462 1771//1771 2187//2187 2729//2729
f 2729//2729 2187//2187 1649//1649 2161//2161
f 2412//2412 2729//2729 2161//2161 1650//1650
f 1774//1774 2461//2461 2730//2730 2414//2414
f 2461//2461 1773//1773 2189//2189 2730//2730
f 2730//2730 2189//2189 1659//1659 2171//2171
f 2414//2414 2730//2730 2171//2171 1660//1660
f 1775//1775 2460//2460 2731//2731 2415//2415
f 2460//2460 1772//1772 2412//2412 2731//2731
f 2731//2731 2412//2412 1650//1650 2162//2162
f 2415//2415 2731//2731 2162//2162 1651//1651
f 1777//1777 2459//2459 2732//2732 2417//2417
f 2459//2459 1776//1776 2192//2192 2732//2732
f 2732//2732 2192//2192 1636//1636 2147//2147
f 2417//2417 2732//2732 2147//2147 1635//1635
f 1779//1779 2458//2458 2733//2733 2419//2419
f 2458//2458 1778//1778 2194//2194 2733//2733
f 2733//2733 2194//2194 1653//1653 2165//2165
f 2419//2419 2733//2733 2165//2165 1654//1654
f 1781//1781 2457//2457 2734//2734 2421//2421
f 2457//2457 1780//1780 2196//2196 2734//2734
f 2734//2734 2196//2196 1644//1644 2156//2156
f 2421//2421 2734//2734 2156//2156 1645//1645
f 1763//1763 2456//2456 2735//2735 2179//2179
f 2456//2456 1782//1782 2198//2198 2735//2735
f 2735//2735 2198//2198 1663//1663 2175//2175
f 2179//2179 2735//2735 2175//2175 1664//1664
f 1767//1767 2455//2455 2736//2736 2183//2183
f 2455//2455 1779//1779 2419//2419 2736//2736
f 2736//2736 2419//2419 1654//1654 2166//2166
f 2183//2183 2736//2736 2166//2166 1655//1655
f 1784//1784 2454//2454 2737//2737 2424//2424
f 2454//2454 1783//1783 2199//2199 2737//2737
f 2737//2737 2199//2199 1657//1657 2169//2169
f 2424//2424 2737//2737 2169//2169 1658//1658
f 1771//1771 2453//2453 2738//2738 2187//2187
f 2453//2453 1785//1785 2201//2201 2738//2738
f 2738//2738 2201//2201 1648//1648 2160//2160
f 2187//2187 2738//2738 2160//2160 1649//1649
f 1769//1769 2452//2452 2739//2739 2185//2185
f 2452//2452 1786//1786 2202//2202 2739//2739
f 2739//2739 2202//2202 1639//1639 2151//2151
f 2185//2185 2739//2739 2151//2151 1640//1640
f 1773//1773 2451//2451 2740//2740 2189//2189
f 2451//2451 1784//1784 2424//2424 2740//2740
f 2740//2740 2424//2424 1658//1658 2170//2170
f 2189//2189 2740//2740 2170//2170 1659//1659
f 1778//1778 2450//2450 2741//2741 2194//2194
f 2450//2450 1787//1787 2203//2203 2741//2741
f 2741//2741 2203//2203 1652//1652 2164//2164
f 2194//2194 2741//2741 2164//2164 1653//1653
f 1780//1780 2449//2449 2742//2742 2196//2196
f 2449//2449 1788//1788 2204//2204 2742//2742
f 2742//2742 2204//2204 1643//1643 2155//2155
f 2196//2196 2742//2742 2155//2155 1644//1644
f 1790//1790 2448//2448 2743//2743 2430//2430
f 2448//2448 1789//1789 2205//2205 2743//2743
f 2743//2743 2205//2205 1661//1661 2173//2173
f 2430//2430 2743//2743 2173//2173 1662//1662
f 1792//1792 2447//2447 2744//2744 2432//2432
f 2447//2447 1791//1791 2207//2207 2744//2744
f 2744//2744 2207//2207 1637//1637 2149//2149
f 2432//2432 2744//2744 2149//2149 1638//1638
f 1782//1782 2446//2446 2745//2745 2198//2198
f 2446//2446 1790//1790 2430//2430 2745//2745
f 2745//2745 2430//2430 1662//1662 2174//2174
f 2198//2198 2745//2745 2174//2174 1663//1663
f 1793//1793 2445//2445 2746//2746 2433//2433
f 2445//2445 1764//1764 2404//2404 2746//2746
f 2746//2746 2404//2404 1665//1665 2177//2177
f 2433//2433 2746//2746 2177//2177 1666//1666
f 1785//1785 2444//2444 2747//2747 2201//2201
f 2444//2444 1766//1766 2406//2406 2747//2747
f 2747//2747 2406//2406 1647//1647 2159//2159
f 2201//2201 2747//2747 2159//2159 1648//1648
f 1786//1786 2443//2443 2748//2748 2202//2202
f 2443//2443 1792//1792 2432//2432 2748//2748
f 2748//2748 2432//2432 1638//1638 2150//2150
f 2202//2202 2748//2748 2150//2150 1639//1639
f 1783//1783 2442//2442 2749//2749 2199//2199
f 2442//2442 1768//1768 2408//2408 2749//2749
f 2749//2749 2408//2408 1656//1656 2168//2168
f 2199//2199 2749//2749 2168//2168 1657//1657
f 1794//1794 2441//2441 2750//2750 2434//2434
f 2441//2441 1770//1770 2410//2410 2750//2750
f 2750//2750 2410//2410 1641//1641 2153//2153
f 2434//2434 2750//2750 2153//2153 1642//1642
f 1776//1776 2440//2440 2751//2751 2192//2192
f 2440//2440 1793//1793 2433//2433 2751//2751
f 2751//2751 2433//2433 1666//1666 2178//2178
f 2192//2192 2751//2751 2178//2178 1636//1636
f 1788//1788 2439//2439 2752//2752 2204//2204
f 2439//2439 1794//1794 2434//2434 2752//2752
f 2752//2752 2434//2434 1642//1642 2154//2154
f 2204//2204 2752//2752 2154//2154 1643//1643
f 1789//1789 2438//2438 2753//2753 2205//2205
f 2438//2438 1774//1774 2414//2414 2753//2753
f 2753//2753 2414//2414 1660//1660 2172//2172
f 2205//2205 2753//2753 2172//2172 1661//1661
f 1787//1787 2437//2437 2754//2754 2203//2203
f 2437//2437 1775//1775 2415//2415 2754//2754
f 2754//2754 2415//2415 1651//1651 2163//2163
f 2203//2203 2754//2754 2163//2163 1652//1652
f 1791//1791 2436//2436 2755//2755 2207//2207
f 2436//2436 1777//1777 2417//2417 2755//2755
f 2755//2755 2417//2417 1635//1635 2148//2148
f 2207//2207 2755//2755 2148//2148 1637//1637
f 1765//1765 2435//2435 2756//2756 2181//2181
f 2435//2435 1781//1781 2421//2421 2756//2756
f 2756//2756 2421//2421 1645//1645 2157//2157
f 2181//2181 2756//2756 2157//2157 1646//1646
f 1569//1569 1985//1985 2757//2757 1987//1987
f 1985//1985 1697//1697 2243//2243 2757//2757
f 2757//2757 2243//2243 1698//1698 1986//1986
f 1987//1987 2757//2757 1986//1986 1570//1570
f 1570//1570 1986//1986 2758//2758 1988//1988
f 1986//1986 1698//1698 2244//2244 2758//2758
f 2758//2758 2244//2244 1667//1667 2211//2211
f 1988//1988 2758//2758 2211//2211 1539//1539
f 1568//1568 1984//1984 2759//2759 1989//1989
f 1984//1984 1696//1696 2245//2245 2759//2759
f 2759//2759 2245//2245 1697//1697 1985//1985
f 1989//1989 2759//2759 1985//1985 1569//1569
f 1567//1567 1983//1983 2760//2760 1990//1990
f 1983//1983 1695//1695 2246//2246 2760//2760
f 2760//2760 2246//2246 1696//1696 1984//1984
f 1990//1990 2760//2760 1984//1984 1568//1568
f 1566//1566 1982//1982 2761//2761 1991//1991
f 1982//1982 1694//1694 2247//2247 2761//2761
f 2761//2761 2247//2247 1695//1695 1983//1983
f 1991//1991 2761//2761 1983//1983 1567//1567
f 1565//1565 1981//1981 2762//2762 1992//1992
f 1981//1981 1693//1693 2248//2248 2762//2762
f 2762//2762 2248//2248 1694//1694 1982//1982
f 1992//1992 2762//2762 1982//1982 1566//1566
f 1564//1564 1980//1980 2763//2763 1993//1993
f 1980//1980 1692//1692 2249//2249 2763//2763
f 2763//2763 2249//2249 1693//1693 1981//1981
f 1993//1993 2763//2763 1981//1981 1565//1565
f 1563//1563 1979//1979 2764//2764 1994//1994
f 1979//1979 1691//1691 2250//2250 2764//2764
f 2764//2764 2250//2250 1692//1692 1980//1980
f 1994//1994 2764//2764 1980//1980 1564//1564
f 1562//1562 1978//1978 2765//2765 1995//1995
f 1978//1978 1690//1690 2251//2251 2765//2765
f 2765//2765 2251//2251 1691//1691 1979//1979
f 1995//1995 2765//2765 1979//1979 1563//1563
f 1561//1561 1977//1977 2766//2766 1996//1996
f 1977//1977 1689//1689 2252//2252 2766//2766
f 2766//2766 2252//2252 1690//1690 1978//1978
f 1996//1996 2766//2766 1978//1978 1562//1562
f 1560//1560 1976//1976 2767//2767 1997//1997
f 1976//1976 1688//1688 2253//2253 2767//2767
f 2767//2767 2253//2253 1689//1689 1977//1977
f 1997//1997 2767//2767 1977//1977 1561//1561
f 1559//1559 1975//1975 2768//2768 1998//1998
f 1975//1975 1687//1687 2254//2254 2768//2768
f 2768//2768 2254//2254 1688//1688 1976//1976
f 1998//1998 2768//2768 1976//1976 1560//1560
f 1558//1558 1974//1974 2769//2769 1999//1999
f 1974//1974 1686//1686 2255//2255 2769//2769
f 2769//2769 2255//2255 1687//1687 1975//1975
f 1999//1999 2769//2769 1975//1975 1559//1559
f 1557//1557 1973//1973 2770//2770 2000//2000
f 1973//1973 1685//1685 2256//2256 2770//2770
f 2770//2770 2256//2256 1686//1686 1974//1974
f 2000//2000 2770//2770 1974//1974 1558//1558
f 1556//1556 1972//1972 2771//2771 2001//2001
f 1972//1972 1684//1684 2257//2257 2771//2771
f 2771//2771 2257//2257 1685//1685 1973//1973
f 2001//2001 2771//2771 1973//1973 1557//1557
f 1555//1555 1971//1971 2772//2772 2002//2002
f 1971//1971 1683//1683 2258//2258 2772//2772
f 2772//2772 2258//2258 1684//1684 1972//1972
f 2002//2002 2772//2772 1972//1972 1556//1556
f 1554//1554 1970//1970 2773//2773 2003//2003
f 1970//1970 1682//1682 2259//2259 2773//2773
f 2773//2773 2259//2259 1683//1683 1971//1971
f 2003//2003 2773//2773 1971//1971 1555//1555
f 1553//1553 1969//1969 2774//2774 2004//2004
f 1969//1969 1681//1681 2260//2260 2774//2774
f 2774//2774 2260//2260 1682//1682 1970//1970
f 2004//2004 2774//2774 1970//1970 1554//1554
f 1552//1552 1968//1968 2775//2775 2005//2005
f 1968//1968 1680//1680 2261//2261 2775//2775
f 2775//2775 2261//2261 1681//1681 1969//1969
f 2005//2005 2775//2775 1969//1969 1553//1553
f 1551//1551 1967//1967 2776//2776 2006//2006
f 1967//1967 1679//1679 2262//2262 2776//2776
f 2776//2776 2262//2262 1680//1680 1968//1968
f 2006//2006 2776//2776 1968//1968 1552//1552
f 1550//1550 1966//1966 2777//2777 2007//2007
f 1966//1966 1678//1678 2263//2263 2777//2777
f 2777//2777 2263//2263 1679//1679 1967//1967
f 2007//2007 2777//2777 1967//1967 1551//1551
f 1549//1549 1965//1965 2778//2778 2008//2008
f 1965//1965 1677//1677 2264//2264 2778//2778
f 2778//2778 2264//2264 1678//1678 1966//1966
f 2008//2008 2778//2778 1966//1966 1550//1550
f 1548//1548 1964//1964 2779//2779 2009//2009
f 1964//1964 1676//1676 2265//2265 2779//2779
f 2779//2779 2265//2265 1677//1677 1965//1965
f 2009//2009 2779//2779 1965//1965 1549//1549
f 1547//1547 1963//1963 2780//2780 2010//2010
f 1963//1963 1675//1675 2266//2266 2780//2780
f 2780//2780 2266//2266 1676//1676 1964//1964
f 2010//2010 2780//2780 1964//1964 1548//1548
f 1546//1546 1962//1962 2781//2781 2011//2011
f 1962//1962 1674//1674 2267//2267 2781//2781
f 2781//2781 2267//2267 1675//1675 1963//1963
f 2011//2011 2781//2781 1963//1963 1547//1547
f 1545//1545 1961//1961 2782//2782 2012//2012
f 1961//1961 1673//1673 2268//2268 2782//2782
f 2782//2782 2268//2268 1674//1674 1962//1962
f 2012//2012 2782//2782 1962//1962 1546//1546
f 1544//1544 1960//1960 2783//2783 2013//2013
f 1960//1960 1672//1672 2269//2269 2783//2783
f 2783//2783 2269//2269 1673//1673 1961//1961
f 2013//2013 2783//2783 1961//1961 1545//1545
f 1543//1543 1959//1959 2784//2784 2014//2014
f 1959//1959 1671//1671 2270//2270 2784//2784
f 2784//2784 2270//2270 1672//1672 1960//1960
f 2014//2014 2784//2784 1960//1960 1544//1544
f 1542//1542 1958//1958 2785//2785 2015//2015
f 1958//1958 1670//1670 2271//2271 2785//2785
f 2785//2785 2271//2271 1671//1671 1959//1959
f 2015//2015 2785//2785 1959//1959 1543//1543
f 1541//1541 1957//1957 2786//2786 2016//2016
f 1957//1957 1669//1669 2272//2272 2786//2786
f 2786//2786 2272//2272 1670//1670 1958//1958
f 2016//2016 2786//2786 1958//1958 1542//1542
f 1540//1540 1956//1956 2787//2787 2017//2017
f 1956//1956 1668//1668 2273//2273 2787//2787
f 2787//2787 2273//2273 1669//1669 1957//1957
f 2017//2017 2787//2787 1957//1957 1541//1541
f 1539//1539 2211//2211 2788//2788 2018//2018
f 2211//2211 1667//1667 2274//2274 2788//2788
f 2788//2788 2274//2274 1668//1668 1956//1956
f 2018//2018 2788//2788 1956//1956 1540//1540
f 1475//1475 2306//2306 2789//2789 1859//1859
f 2306//2306 1730//1730 2307//2307 2789//2789
f 2789//2789 2307//2307 1699//1699 1862//1862
f 1859//1859 2789//2789 1862//1862 1477//1477
f 1477//1477 1862//1862 2790//2790 1863//1863
f 1862//1862 1699//1699 2308//2308 2790//2790
f 2790//2790 2308//2308 1700//1700 1865//1865
f 1863//1863 2790//2790 1865//1865 1479//1479
f 1479//1479 1865//1865 2791//2791 1866//1866
f 1865//1865 1700//1700 2309//2309 2791//2791
f 2791//2791 2309//2309 1701//1701 1868//1868
f 1866//1866 2791//2791 1868//1868 1481//1481
f 1481//1481 1868//1868 2792//2792 1869//1869
f 1868//1868 1701//1701 2310//2310 2792//2792
f 2792//2792 2310//2310 1702//1702 1871//1871
f 1869//1869 2792//2792 1871//1871 1483//1483
f 1483//1483 1871//1871 2793//2793 1872//1872
f 1871//1871 1702//1702 2311//2311 2793//2793
f 2793//2793 2311//2311 1703//1703 1874//1874
f 1872//1872 2793//2793 1874//1874 1485//1485
f 1485//1485 1874//1874 2794//2794 1875//1875
f 1874//1874 1703//1703 2312//2312 2794//2794
f 2794//2794 2312//2312 1704//1704 1877//1877
f 1875//1875 2794//2794 1877//1877 1487//1487
f 1487//1487 1877//1877 2795//2795 1878//1878
f 1877//1877 1704//1704 2313//2313 2795//2795
f 2795//2795 2313//2313 1705//1705 1880//1880
f 1878//1878 2795//2795 1880//1880 1489//1489
f 1489//1489 1880//1880 2796//2796 1881//1881
f 1880//1880 1705//1705 2314//2314 2796//2796
f 2796//2796 2314//2314 1706//1706 1883//1883
f 1881//1881 2796//2796 1883//1883 1491//1491
f 1491//1491 1883//1883 2797//2797 1884//1884
f 1883//1883 1706//1706 2315//2315 2797//2797
f 2797//2797 2315//2315 1707//1707 1886//1886
f 1884//1884 2797//2797 1886//1886 1493//1493
f 1493//1493 1886//1886 2798//2798 1887//1887
f 1886//1886 1707//1707 2316//2316 2798//2798
f 2798//2798 2316//2316 1708//1708 1889//1889
f 1887//1887 2798//2798 1889//1889 1495//1495
f 1495//1495 1889//1889 2799//2799 1890//1890
f 1889//1889 1708//1708 2317//2317 2799//2799
f 2799//2799 2317//2317 1709//1709 1892//1892
f 1890//1890 2799//2799 1892//1892 1497//1497
f 1497//1497 1892//1892 2800//2800 1893//1893
f 1892//1892 1709//1709 2318//2318 2800//2800
f 2800//2800 2318//2318 1710//1710 1895//1895
f 1893//1893 2800//2800 1895//1895 1499//1499
f 1499//1499 1895//1895 2801//2801 1896//1896
f 1895//1895 1710//1710 2319//2319 2801//2801
f 2801//2801 2319//2319 1711//1711 1898//1898
f 1896//1896 2801//2801 1898//1898 1501//1501
f 1501//1501 1898//1898 2802//2802 1899//1899
f 1898//1898 1711//1711 2320//2320 2802//2802
f 2802//2802 2320//2320 1712//1712 1901//1901
f 1899//1899 2802//2802 1901//1901 1503//1503
f 1503//1503 1901//1901 2803//2803 1902//1902
f 1901//1901 1712//1712 2321//2321 2803//2803
f 2803//2803 2321//2321 1713//1713 1904//1904
f 1902//1902 2803//2803 1904//1904 1505//1505
f 1505//1505 1904//1904 2804//2804 1905//1905
f 1904//1904 1713//1713 2322//2322 2804//2804
f 2804//2804 2322//2322 1714//1714 1907//1907
f 1905//1905 2804//2804 1907//1907 1507//1507
f 1507//1507 1907//1907 2805//2805 1908//1908
f 1907//1907 1714//1714 2323//2323 2805//2805
f 2805//2805 2323//2323 1715//1715 1910//1910
f 1908//1908 2805//2805 1910//1910 1509//1509
f 1509//1509 1910//1910 2806//2806 1911//1911
f 1910//1910 1715//1715 2324//2324 2806//2806
f 2806//2806 2324//2324 1716//1716 1913//1913
f 1911//1911 2806//2806 1913//1913 1511//1511
f 1511//1511 1913//1913 2807//2807 1914//1914
f 1913//1913 1716//1716 2325//2325 2807//2807
f 2807//2807 2325//2325 1717//1717 1916//1916
f 1914//1914 2807//2807 1916//1916 1513//1513
f 1513//1513 1916//1916 2808//2808 1917//1917
f 1916//1916 1717//1717 2326//2326 2808//2808
f 2808//2808 2326//2326 1718//1718 1919//1919
f 1917//1917 2808//2808 1919//1919 1515//1515
f 1515//1515 1919//1919 2809//2809 1920//1920
f 1919//1919 1718//1718 2327//2327 2809//2809
f 2809//2809 2327//2327 1719//1719 1922//1922
f 1920//1920 2809//2809 1922//1922 1517//1517
f 1517//1517 1922//1922 2810//2810 1923//1923
f 1922//1922 1719//1719 2328//2328 2810//2810
f 2810//2810 2328//2328 1720//1720 1925//1925
f 1923//1923 2810//2810 1925//1925 1519//1519
f 1519//1519 1925//1925 2811//2811 1926//1926
f 1925//1925 1720//1720 2329//2329 2811//2811
f 2811//2811 2329//2329 1721//1721 1928//1928
f 1926//1926 2811//2811 1928//1928 1521//1521
f 1521//1521 1928//1928 2812//2812 1929//1929
f 1928//1928 1721//1721 2330//2330 2812//2812
f 2812//2812 2330//2330 1722//1722 1931//1931
f 1929//1929 2812//2812 1931//1931 1523//1523
f 1523//1523 1931//1931 2813//2813 1932//1932
f 1931//1931 1722//1722 2331//2331 2813//2813
f 2813//2813 2331//2331 1723//1723 1934//1934
f 1932//1932 2813//2813 1934//1934 1525//1525
f 1525//1525 1934//1934 2814//2814 1935//1935
f 1934//1934 1723//1723 2332//2332 2814//2814
f 2814//2814 2332//2332 1724//1724 1937//1937
f 1935//1935 2814//2814 1937//1937 1527//1527
f 1527//1527 1937//1937 2815//2815 1938//1938
f 1937//1937 1724//1724 2333//2333 2815//2815
f 2815//2815 2333//2333 1725//1725 1940//1940
f 1938//1938 2815//2815 1940//1940 1529//1529
f 1529//1529 1940//1940 2816//2816 1941//1941
f 1940//1940 1725//1725 2334//2334 2816//2816
f 2816//2816 2334//2334 1726//1726 1943//1943
f 1941//1941 2816//2816 1943//1943 1531//1531
f 1531//1531 1943//1943 2817//2817 1944//1944
f 1943//1943 1726//1726 2335//2335 2817//2817
f 2817//2817 2335//2335 1727//1727 1946//1946
f 1944//1944 2817//2817 1946//1946 1533//1533
f 1533//1533 1946//1946 2818//2818 1947//1947
f 1946//1946 1727//1727 2336//2336 2818//2818
f 2818//2818 2336//2336 1728//1728 1949//1949
f 1947//1947 2818//2818 1949//1949 1535//1535
f 1537//1537 1952//1952 2819//2819 1953//1953
f 1952//1952 1729//1729 2337//2337 2819//2819
f 2819//2819 2337//2337 1730//1730 2306//2306
f 1953//1953 2819//2819 2306//2306 1475//1475
f 1535//1535 1949//1949 2820//2820 1950//1950
f 1949//1949 1728//1728 2338//2338 2820//2820
f 2820//2820 2338//2338 1729//1729 1952//1952
f 1950//1950 2820//2820 1952//1952 1537//1537
f 1574//1574 2021//2021 2821//2821 2343//2343
f 2021//2021 1573//1573 2134//2134 2821//2821
f 2821//2821 2134//2134 1750//1750 2371//2371
f 2343//2343 2821//2821 2371//2371 1735//1735
f 1589//1589 2036//2036 2822//2822 2367//2367
f 2036//2036 1588//1588 2132//2132 2822//2822
f 2822//2822 2132//2132 1748//1748 2372//2372
f 2367//2367 2822//2822 2372//2372 1759//1759
f 1598//1598 2045//2045 2823//2823 2339//2339
f 2045//2045 1597//1597 2130//2130 2823//2823
f 2823//2823 2130//2130 1746//1746 2373//2373
f 2339//2339 2823//2823 2373//2373 1731//1731
f 1580//1580 2027//2027 2824//2824 2369//2369
f 2027//2027 1579//1579 2128//2128 2824//2824
f 2824//2824 2128//2128 1744//1744 2374//2374
f 2369//2369 2824//2824 2374//2374 1761//1761
f 1595//1595 2042//2042 2825//2825 2366//2366
f 2042//2042 1594//1594 2146//2146 2825//2825
f 2825//2825 2146//2146 1762//1762 2375//2375
f 2366//2366 2825//2825 2375//2375 1758//1758
f 1594//1594 2041//2041 2826//2826 2146//2146
f 2041//2041 1593//1593 2122//2122 2826//2826
f 2826//2826 2122//2122 1738//1738 2376//2376
f 2146//2146 2826//2826 2376//2376 1762//1762
f 1576//1576 2023//2023 2827//2827 2365//2365
f 2023//2023 1575//1575 2120//2120 2827//2827
f 2827//2827 2120//2120 1736//1736 2377//2377
f 2365//2365 2827//2827 2377//2377 1757//1757
f 1585//1585 2032//2032 2828//2828 2363//2363
f 2032//2032 1584//1584 2124//2124 2828//2828
f 2828//2828 2124//2124 1740//1740 2378//2378
f 2363//2363 2828//2828 2378//2378 1755//1755
f 1591//1591 2038//2038 2829//2829 2362//2362
f 2038//2038 1590//1590 2144//2144 2829//2829
f 2829//2829 2144//2144 1760//1760 2379//2379
f 2362//2362 2829//2829 2379//2379 1754//1754
f 1600//1600 2047//2047 2830//2830 2361//2361
f 2047//2047 1599//1599 2116//2116 2830//2830
f 2830//2830 2116//2116 1732//1732 2380//2380
f 2361//2361 2830//2830 2380//2380 1753//1753
f 1571//1571 2019//2019 2831//2831 2357//2357
f 2019//2019 1572//1572 2127//2127 2831//2831
f 2831//2831 2127//2127 1743//1743 2381//2381
f 2357//2357 2831//2831 2381//2381 1749//1749
f 1581//1581 2028//2028 2832//2832 2359//2359
f 2028//2028 1580//1580 2369//2369 2832//2832
f 2832//2832 2369//2369 1761//1761 2382//2382
f 2359//2359 2832//2832 2382//2382 1751//1751
f 1590//1590 2037//2037 2833//2833 2144//2144
f 2037//2037 1589//1589 2367//2367 2833//2833
f 2833//2833 2367//2367 1759//1759 2383//2383
f 2144//2144 2833//2833 2383//2383 1760//1760
f 1587//1587 2034//2034 2834//2834 2355//2355
f 2034//2034 1586//1586 2140//2140 2834//2834
f 2834//2834 2140//2140 1756//1756 2384//2384
f 2355//2355 2834//2834 2384//2384 1747//1747
f 1596//1596 2043//2043 2835//2835 2353//2353
f 2043//2043 1595//1595 2366//2366 2835//2835
f 2835//2835 2366//2366 1758//1758 2385//2385
f 2353//2353 2835//2835 2385//2385 1745//1745
f 1577//1577 2024//2024 2836//2836 2349//2349
f 2024//2024 1576//1576 2365//2365 2836//2836
f 2836//2836 2365//2365 1757//1757 2386//2386
f 2349//2349 2836//2836 2386//2386 1741//1741
f 1586//1586 2033//2033 2837//2837 2140//2140
f 2033//2033 1585//1585 2363//2363 2837//2837
f 2837//2837 2363//2363 1755//1755 2387//2387
f 2140//2140 2837//2837 2387//2387 1756//1756
f 1583//1583 2030//2030 2838//2838 2347//2347
f 2030//2030 1582//1582 2136//2136 2838//2838
f 2838//2838 2136//2136 1752//1752 2388//2388
f 2347//2347 2838//2838 2388//2388 1739//1739
f 1592//1592 2039//2039 2839//2839 2345//2345
f 2039//2039 1591//1591 2362//2362 2839//2839
f 2839//2839 2362//2362 1754//1754 2389//2389
f 2345//2345 2839//2839 2389//2389 1737//1737
f 1601//1601 2048//2048 2840//2840 2341//2341
f 2048//2048 1600//1600 2361//2361 2840//2840
f 2840//2840 2361//2361 1753//1753 2390//2390
f 2341//2341 2840//2840 2390//2390 1733//1733
f 1582//1582 2029//2029 2841//2841 2136//2136
f 2029//2029 1581//1581 2359//2359 2841//2841
f 2841//2841 2359//2359 1751//1751 2391//2391
f 2136//2136 2841//2841 2391//2391 1752//1752
f 1573//1573 2020//2020 2842//2842 2134//2134
f 2020//2020 1571//1571 2357//2357 2842//2842
f 2842//2842 2357//2357 1749//1749 2392//2392
f 2134//2134 2842//2842 2392//2392 1750//1750
f 1588//1588 2035//2035 2843//2843 2132//2132
f 2035//2035 1587//1587 2355//2355 2843//2843
f 2843//2843 2355//2355 1747//1747 2393//2393
f 2132//2132 2843//2843 2393//2393 1748//1748
f 1597//1597 2044//2044 2844//2844 2130//2130
f 2044//2044 1596//1596 2353//2353 2844//2844
f 2844//2844 2353//2353 1745//1745 2394//2394
f 2130//2130 2844//2844 2394//2394 1746//1746
f 1579//1579 2026//2026 2845//2845 2128//2128
f 2026//2026 1578//1578 2126//2126 2845//2845
f 2845//2845 2126//2126 1742//1742 2395//2395
f 2128//2128 2845//2845 2395//2395 1744//1744
f 1572//1572 2050//2050 2846//2846 2127//2127
f 2050//2050 1602//1602 2118//2118 2846//2846
f 2846//2846 2118//2118 1734//1734 2396//2396
f 2127//2127 2846//2846 2396//2396 1743//1743
f 1578//1578 2025//2025 2847//2847 2126//2126
f 2025//2025 1577//1577 2349//2349 2847//2847
f 2847//2847 2349//2349 1741//1741 2397//2397
f 2126//2126 2847//2847 2397//2397 1742//1742
f 1584//1584 2031//2031 2848//2848 2124//2124
f 2031//2031 1583//1583 2347//2347 2848//2848
f 2848//2848 2347//2347 1739//1739 2398//2398
f 2124//2124 2848//2848 2398//2398 1740//1740
f 1593//1593 2040//2040 2849//2849 2122//2122
f 2040//2040 1592//1592 2345//2345 2849//2849
f 2849//2849 2345//2345 1737//1737 2399//2399
f 2122//2122 2849//2849 2399//2399 1738//1738
f 1575//1575 2022//2022 2850//2850 2120//2120
f 2022//2022 1574//1574 2343//2343 2850//2850
f 2850//2850 2343//2343 1735//1735 2400//2400
f 2120//2120 2850//2850 2400//2400 1736//1736
f 1602//1602 2049//2049 2851//2851 2118//2118
f 2049//2049 1601//1601 2341//2341 2851//2851
f 2851//2851 2341//2341 1733//1733 2401//2401
f 2118//2118 2851//2851 2401//2401 1734//1734
f 1599//1599 2046//2046 2852//2852 2116//2116
f 2046//2046 1598//1598 2339//2339 2852//2852
f 2852//2852 2339//2339 1731//1731 2402//2402
f 2116//2116 2852//2852 2402//2402 1732//1732
f 1614//1614 2093//2093 2853//2853 2405//2405
f 2093//2093 1613//1613 2197//2197 2853//2853
f 2853//2853 2197//2197 1781//1781 2435//2435
f 2405//2405 2853//2853 2435//2435 1765//1765
f 1605//1605 2084//2084 2854//2854 2431//2431
f 2084//2084 1603//1603 2193//2193 2854//2854
f 2854//2854 2193//2193 1777//1777 2436//2436
f 2431//2431 2854//2854 2436//2436 1791//1791
f 1620//1620 2099//2099 2855//2855 2427//2427
f 2099//2099 1619//1619 2191//2191 2855//2855
f 2855//2855 2191//2191 1775//1775 2437//2437
f 2427//2427 2855//2855 2437//2437 1787//1787
f 1629//1629 2108//2108 2856//2856 2429//2429
f 2108//2108 1628//1628 2190//2190 2856//2856
f 2856//2856 2190//2190 1774//1774 2438//2438
f 2429//2429 2856//2856 2438//2438 1789//1789
f 1611//1611 2090//2090 2857//2857 2428//2428
f 2090//2090 1610//1610 2210//2210 2857//2857
f 2857//2857 2210//2210 1794//1794 2439//2439
f 2428//2428 2857//2857 2439//2439 1788//1788
f 1604//1604 2114//2114 2858//2858 2416//2416
f 2114//2114 1634//1634 2209//2209 2858//2858
f 2858//2858 2209//2209 1793//1793 2440//2440
f 2416//2416 2858//2858 2440//2440 1776//1776
f 1610//1610 2089//2089 2859//2859 2210//2210
f 2089//2089 1609//1609 2186//2186 2859//2859
f 2859//2859 2186//2186 1770//1770 2441//2441
f 2210//2210 2859//2859 2441//2441 1794//1794
f 1625//1625 2104//2104 2860//2860 2423//2423
f 2104//2104 1624//1624 2184//2184 2860//2860
f 2860//2860 2184//2184 1768//1768 2442//2442
f 2423//2423 2860//2860 2442//2442 1783//1783
f 1607//1607 2086//2086 2861//2861 2426//2426
f 2086//2086 1606//1606 2208//2208 2861//2861
f 2861//2861 2208//2208 1792//1792 2443//2443
f 2426//2426 2861//2861 2443//2443 1786//1786
f 1616//1616 2095//2095 2862//2862 2425//2425
f 2095//2095 1615//1615 2182//2182 2862//2862
f 2862//2862 2182//2182 1766//1766 2444//2444
f 2425//2425 2862//2862 2444//2444 1785//1785
f 1634//1634 2113//2113 2863//2863 2209//2209
f 2113//2113 1633//1633 2180//2180 2863//2863
f 2863//2863 2180//2180 1764//1764 2445//2445
f 2209//2209 2863//2863 2445//2445 1793//1793
f 1631//1631 2110//2110 2864//2864 2422//2422
f 2110//2110 1630//1630 2206//2206 2864//2864
f 2864//2864 2206//2206 1790//1790 2446//2446
f 2422//2422 2864//2864 2446//2446 1782//1782
f 1606//1606 2085//2085 2865//2865 2208//2208
f 2085//2085 1605//1605 2431//2431 2865//2865
f 2865//2865 2431//2431 1791//1791 2447//2447
f 2208//2208 2865//2865 2447//2447 1792//1792
f 1630//1630 2109//2109 2866//2866 2206//2206
f 2109//2109 1629//1629 2429//2429 2866//2866
f 2866//2866 2429//2429 1789//1789 2448//2448
f 2206//2206 2866//2866 2448//2448 1790//1790
f 1612//1612 2091//2091 2867//2867 2420//2420
f 2091//2091 1611//1611 2428//2428 2867//2867
f 2867//2867 2428//2428 1788//1788 2449//2449
f 2420//2420 2867//2867 2449//2449 1780//1780
f 1621//1621 2100//2100 2868//2868 2418//2418
f 2100//2100 1620//1620 2427//2427 2868//2868
f 2868//2868 2427//2427 1787//1787 2450//2450
f 2418//2418 2868//2868 2450//2450 1778//1778
f 1627//1627 2106//2106 2869//2869 2413//2413
f 2106//2106 1626//1626 2200//2200 2869//2869
f 2869//2869 2200//2200 1784//1784 2451//2451
f 2413//2413 2869//2869 2451//2451 1773//1773
f 1608//1608 2087//2087 2870//2870 2409//2409
f 2087//2087 1607//1607 2426//2426 2870//2870
f 2870//2870 2426//2426 1786//1786 2452//2452
f 2409//2409 2870//2870 2452//2452 1769//1769
f 1617//1617 2096//2096 2871//2871 2411//2411
f 2096//2096 1616//1616 2425//2425 2871//2871
f 2871//2871 2425//2425 1785//1785 2453//2453
f 2411//2411 2871//2871 2453//2453 1771//1771
f 1626//1626 2105//2105 2872//2872 2200//2200
f 2105//2105 1625//1625 2423//2423 2872//2872
f 2872//2872 2423//2423 1783//1783 2454//2454
f 2200//2200 2872//2872 2454//2454 1784//1784
f 1623//1623 2102//2102 2873//2873 2407//2407
f 2102//2102 1622//1622 2195//2195 2873//2873
f 2873//2873 2195//2195 1779//1779 2455//2455
f 2407//2407 2873//2873 2455//2455 1767//1767
f 1632//1632 2111//2111 2874//2874 2403//2403
f 2111//2111 1631//1631 2422//2422 2874//2874
f 2874//2874 2422//2422 1782//1782 2456//2456
f 2403//2403 2874//2874 2456//2456 1763//1763
f 1613//1613 2092//2092 2875//2875 2197//2197
f 2092//2092 1612//1612 2420//2420 2875//2875
f 2875//2875 2420//2420 1780//1780 2457//2457
f 2197//2197 2875//2875 2457//2457 1781//1781
f 1622//1622 2101//2101 2876//2876 2195//2195
f 2101//2101 1621//1621 2418//2418 2876//2876
f 2876//2876 2418//2418 1778//1778 2458//2458
f 2195//2195 2876//2876 2458//2458 1779//1779
f 1603//1603 2083//2083 2877//2877 2193//2193
f 2083//2083 1604//1604 2416//2416 2877//2877
f 2877//2877 2416//2416 1776//1776 2459//2459
f 2193//2193 2877//2877 2459//2459 1777//1777
f 1619//1619 2098//2098 2878//2878 2191//2191
f 2098//2098 1618//1618 2188//2188 2878//2878
f 2878//2878 2188//2188 1772//1772 2460//2460
f 2191//2191 2878//2878 2460//2460 1775//1775
f 1628//1628 2107//2107 2879//2879 2190//2190
f 2107//2107 1627//1627 2413//2413 2879//2879
f 2879//2879 2413//2413 1773//1773 2461//2461
f 2190//2190 2879//2879 2461//2461 1774//1774
f 1618//1618 2097//2097 2880//2880 2188//2188
f 2097//2097 1617//1617 2411//2411 2880//2880
f 2880//2880 2411//2411 1771//1771 2462//2462
f 2188//2188 2880//2880 2462//2462 1772//1772
f 1609//1609 2088//2088 2881//2881 2186//2186
f 2088//2088 1608//1608 2409//2409 2881//2881
f 2881//2881 2409//2409 1769//1769 2463//2463
f 2186//2186 2881//2881 2463//2463 1770//1770
f 1624//1624 2103//2103 2882//2882 2184//2184
f 2103//2103 1623//1623 2407//2407 2882//2882
f 2882//2882 2407//2407 1767//1767 2464//2464
f 2184//2184 2882//2882 2464//2464 1768//1768
f 1615//1615 2094//2094 2883//2883 2182//2182
f 2094//2094 1614//1614 2405//2405 2883//2883
f 2883//2883 2405//2405 1765//1765 2465//2465
f 2182//2182 2883//2883 2465//2465 1766//1766
f 1633//1633 2112//2112 2884//2884 2180//2180
f 2112//2112 1632//1632 2403//2403 2884//2884
f 2884//2884 2403//2403 1763//1763 2466//2466
f 2180//2180 2884//2884 2466//2466 1764//1764
f 1795//1795 2467//2467 2885//2885 2468//2468
f 1796//1796 2498//2498 2885//2885 2467//2467
f 1826//1826 2497//2497 2885//2885 2498//2498
f 1825//1825 2496//2496 2885//2885 2497//2497
f 1824//1824 2495//2495 2885//2885 2496//2496
f 1823//1823 2494//2494 2885//2885 2495//2495
f 1822//1822 2493//2493 2885//2885 2494//2494
f 1821//1821 2492//2492 2885//2885 2493//2493
f 1820//1820 2491//2491 2885//2885 2492//2492
f 1819//1819 2490//2490 2885//2885 2491//2491
f 1818//1818 2489//2489 2885//2885 2490//2490
f 1817//1817 2488//2488 2885//2885 2489//2489
f 1816//1816 2487//2487 2885//2885 2488//2488
f 1815//1815 2486//2486 2885//2885 2487//2487
f 1814//1814 2485//2485 2885//2885 2486//2486
f 1813//1813 2484//2484 2885//2885 2485//2485
f 1812//1812 2483//2483 2885//2885 2484//2484
f 1811//1811 2482//2482 2885//2885 2483//2483
f 1810//1810 2481//2481 2885//2885 2482//2482
f 1809//1809 2480//2480 2885//2885 2481//2481
f 1808//1808 2479//2479 2885//2885 2480//2480
f 1807//1807 2478//2478 2885//2885 2479//2479
f 1806//1806 2477//2477 2885//2885 2478//2478
f 1805//1805 2476//2476 2885//2885 2477//2477
f 1804//1804 2475//2475 2885//2885 2476//2476
f 1803//1803 2474//2474 2885//2885 2475//2475
f 1802//1802 2473//2473 2885//2885 2474//2474
f 1801//1801 2472//2472 2885//2885 2473//2473
f 1800//1800 2471//2471 2885//2885 2472//2472
f 1799//1799 2470//2470 2885//2885 2471//2471
f 1798//1798 2469//2469 2885//2885 2470//2470
f 1797//1797 2468//2468 2885//2885 2469//2469
f 1655//1655 2166//2166 2886//2886 2502//2502
f 2166//2166 1654//1654 2501//2501 2886//2886
f 2886//2886 2501//2501 1814//1814 2486//2486
f 2502//2502 2886//2886 2486//2486 1815//1815
f 1640//1640 2151//2151 2887//2887 2504//2504
f 2151//2151 1639//1639 2503//2503 2887//2887
f 2887//2887 2503//2503 1799//1799 2471//2471
f 2504//2504 2887//2887 2471//2471 1800//1800
f 1658//1658 2169//2169 2888//2888 2506//2506
f 2169//2169 1657//1657 2505//2505 2888//2888
f 2888//2888 2505//2505 1817//1817 2489//2489
f 2506//2506 2888//2888 2489//2489 1818//1818
f 1649//1649 2160//2160 2889//2889 2508//2508
f 2160//2160 1648//1648 2507//2507 2889//2889
f 2889//2889 2507//2507 1808//1808 2480//2480
f 2508//2508 2889//2889 2480//2480 1809//1809
f 1659//1659 2170//2170 2890//2890 2509//2509
f 2170//2170 1658//1658 2506//2506 2890//2890
f 2890//2890 2506//2506 1818//1818 2490//2490
f 2509//2509 2890//2890 2490//2490 1819//1819
f 1662//1662 2173//2173 2891//2891 2511//2511
f 2173//2173 1661//1661 2510//2510 2891//2891
f 2891//2891 2510//2510 1821//1821 2493//2493
f 2511//2511 2891//2891 2493//2493 1822//1822
f 1653//1653 2164//2164 2892//2892 2513//2513
f 2164//2164 1652//1652 2512//2512 2892//2892
f 2892//2892 2512//2512 1812//1812 2484//2484
f 2513//2513 2892//2892 2484//2484 1813//1813
f 1644//1644 2155//2155 2893//2893 2515//2515
f 2155//2155 1643//1643 2514//2514 2893//2893
f 2893//2893 2514//2514 1803//1803 2475//2475
f 2515//2515 2893//2893 2475//2475 1804//1804
f 1638//1638 2149//2149 2894//2894 2517//2517
f 2149//2149 1637//1637 2516//2516 2894//2894
f 2894//2894 2516//2516 1797//1797 2469//2469
f 2517//2517 2894//2894 2469//2469 1798//1798
f 1663//1663 2174//2174 2895//2895 2499//2499
f 2174//2174 1662//1662 2511//2511 2895//2895
f 2895//2895 2511//2511 1822//1822 2494//2494
f 2499//2499 2895//2895 2494//2494 1823//1823
f 1666//1666 2177//2177 2896//2896 2519//2519
f 2177//2177 1665//1665 2518//2518 2896//2896
f 2896//2896 2518//2518 1825//1825 2497//2497
f 2519//2519 2896//2896 2497//2497 1826//1826
f 1657//1657 2168//2168 2897//2897 2505//2505
f 2168//2168 1656//1656 2520//2520 2897//2897
f 2897//2897 2520//2520 1816//1816 2488//2488
f 2505//2505 2897//2897 2488//2488 1817//1817
f 1648//1648 2159//2159 2898//2898 2507//2507
f 2159//2159 1647//1647 2521//2521 2898//2898
f 2898//2898 2521//2521 1807//1807 2479//2479
f 2507//2507 2898//2898 2479//2479 1808//1808
f 1639//1639 2150//2150 2899//2899 2503//2503
f 2150//2150 1638//1638 2517//2517 2899//2899
f 2899//2899 2517//2517 1798//1798 2470//2470
f 2503//2503 2899//2899 2470//2470 1799//1799
f 1642//1642 2153//2153 2900//2900 2523//2523
f 2153//2153 1641//1641 2522//2522 2900//2900
f 2900//2900 2522//2522 1801//1801 2473//2473
f 2523//2523 2900//2900 2473//2473 1802//1802
f 1636//1636 2178//2178 2901//2901 2524//2524
f 2178//2178 1666//1666 2519//2519 2901//2901
f 2901//2901 2519//2519 1826//1826 2498//2498
f 2524//2524 2901//2901 2498//2498 1796//1796
f 1652//1652 2163//2163 2902//2902 2512//2512
f 2163//2163 1651//1651 2525//2525 2902//2902
f 2902//2902 2525//2525 1811//1811 2483//2483
f 2512//2512 2902//2902 2483//2483 1812//1812
f 1643//1643 2154//2154 2903//2903 2514//2514
f 2154//2154 1642//1642 2523//2523 2903//2903
f 2903//2903 2523//2523 1802//1802 2474//2474
f 2514//2514 2903//2903 2474//2474 1803//1803
f 1661//1661 2172//2172 2904//2904 2510//2510
f 2172//2172 1660//1660 2526//2526 2904//2904
f 2904//2904 2526//2526 1820//1820 2492//2492
f 2510//2510 2904//2904 2492//2492 1821//1821
f 1646//1646 2157//2157 2905//2905 2528//2528
f 2157//2157 1645//1645 2527//2527 2905//2905
f 2905//2905 2527//2527 1805//1805 2477//2477
f 2528//2528 2905//2905 2477//2477 1806//1806
f 1637//1637 2148//2148 2906//2906 2516//2516
f 2148//2148 1635//1635 2529//2529 2906//2906
f 2906//2906 2529//2529 1795//1795 2468//2468
f 2516//2516 2906//2906 2468//2468 1797//1797
f 1665//1665 2176//2176 2907//2907 2518//2518
f 2176//2176 1664//1664 2500//2500 2907//2907
f 2907//2907 2500//2500 1824//1824 2496//2496
f 2518//2518 2907//2907 2496//2496 1825//1825
f 1647//1647 2158//2158 2908//2908 2521//2521
f 2158//2158 1646//1646 2528//2528 2908//2908
f 2908//2908 2528//2528 1806//1806 2478//2478
f 2521//2521 2908//2908 2478//2478 1807//1807
f 1656//1656 2167//2167 2909//2909 2520//2520
f 2167//2167 1655//1655 2502//2502 2909//2909
f 2909//2909 2502//2502 1815//1815 2487//2487
f 2520//2520 2909//2909 2487//2487 1816//1816
f 1641//1641 2152//2152 2910//2910 2522//2522
f 2152//2152 1640//1640 2504//2504 2910//2910
f 2910//2910 2504//2504 1800//1800 2472//2472
f 2522//2522 2910//2910 2472//2472 1801//1801
f 1650//1650 2161//2161 2911//2911 2530//2530
f 2161//2161 1649//1649 2508//2508 2911//2911
f 2911//2911 2508//2508 1809//1809 2481//2481
f 2530//2530 2911//2911 2481//2481 1810//1810
f 1660//1660 2171//2171 2912//2912 2526//2526
f 2171//2171 1659//1659 2509//2509 2912//2912
f 2912//2912 2509//2509 1819//1819 2491//2491
f 2526//2526 2912//2912 2491//2491 1820//1820
f 1651//1651 2162//2162 2913//2913 2525//2525
f 2162//2162 1650//1650 2530//2530 2913//2913
f 2913//2913 2530//2530 1810//1810 2482//2482
f 2525//2525 2913//2913 2482//2482 1811//1811
f 1635//1635 2147//2147 2914//2914 2529//2529
f 2147//2147 1636//1636 2524//2524 2914//2914
f 2914//2914 2524//2524 1796//1796 2467//2467
f 2529//2529 2914//2914 2467//2467 1795//1795
f 1654//1654 2165//2165 2915//2915 2501//2501
f 2165//2165 1653//1653 2513//2513 2915//2915
f 2915//2915 2513//2513 1813//1813 2485//2485
f 2501//2501 2915//2915 2485//2485 1814//1814
f 1645//1645 2156//2156 2916//2916 2527//2527
f 2156//2156 1644//1644 2515//2515 2916//2916
f 2916//2916 2515//2515 1804//1804 2476//2476
f 2527//2527 2916//2916 2476//2476 1805//1805
f 1827//1827 2531//2531 2917//2917 2562//2562
f 1828//1828 2532//2532 2917//2917 2531//2531
f 1829//1829 2533//2533 2917//2917 2532//2532
f 1830//1830 2534//2534 2917//2917 2533//2533
f 1831//1831 2535//2535 2917//2917 2534//2534
f 1832//1832 2536//2536 2917//2917 2535//2535
f 1833//1833 2537//2537 2917//2917 2536//2536
f 1834//1834 2538//2538 2917//2917 2537//2537
f 1835//1835 2539//2539 2917//2917 2538//2538
f 1836//1836 2540//2540 2917//2917 2539//2539
f 1837//1837 2541//2541 2917//2917 2540//2540
f 1838//1838 2542//2542 2917//2917 2541//2541
f 1839//1839 2543//2543 2917//2917 2542//2542
f 1840//1840 2544//2544 2917//2917 2543//2543
f 1841//1841 2545//2545 2917//2917 2544//2544
f 1842//1842 2546//2546 2917//2917 2545//2545
f 1843//1843 2547//2547 2917//2917 2546//2546
f 1844//1844 2548//2548 2917//2917 2547//2547
f 1845//1845 2549//2549 2917//2917 2548//2548
f 1846//1846 2550//2550 2917//2917 2549//2549
f 1847//1847 2551//2551 2917//2917 2550//2550
f 1848//1848 2552//2552 2917//2917 2551//2551
f 1849//1849 2553//2553 2917//2917 2552//2552
f 1850//1850 2554//2554 2917//2917 2553//2553
f 1851//1851 2555//2555 2917//2917 2554//2554
f 1852//1852 2556//2556 2917//2917 2555//2555
f 1853//1853 2557//2557 2917//2917 2556//2556
f 1854//1854 2558//2558 2917//2917 2557//2557
f 1855//1855 2559//2559 2917//2917 2558//2558
f 1856//1856 2560//2560 2917//2917 2559//2559
f 1857//1857 2561//2561 2917//2917 2560//2560
f 1858//1858 2562//2562 2917//2917 2561//2561
f 1535//1535 1950//1950 2918//2918 2566//2566
f 1950//1950 1537//1537 2565//2565 2918//2918
f 2918//2918 2565//2565 1858//1858 2561//2561
f 2566//2566 2918//2918 2561//2561 1857//1857
f 1537//1537 1953//1953 2919//2919 2565//2565
f 1953//1953 1475//1475 2564//2564 2919//2919
f 2919//2919 2564//2564 1827//1827 2562//2562
f 2565//2565 2919//2919 2562//2562 1858//1858
f 1531//1531 1944//1944 2920//2920 2568//2568
f 1944//1944 1533//1533 2567//2567 2920//2920
f 2920//2920 2567//2567 1856//1856 2559//2559
f 2568//2568 2920//2920 2559//2559 1855//1855
f 1525//1525 1935//1935 2921//2921 2570//2570
f 1935//1935 1527//1527 2569//2569 2921//2921
f 2921//2921 2569//2569 1853//1853 2556//2556
f 2570//2570 2921//2921 2556//2556 1852//1852
f 1519//1519 1926//1926 2922//2922 2572//2572
f 1926//1926 1521//1521 2571//2571 2922//2922
f 2922//2922 2571//2571 1850//1850 2553//2553
f 2572//2572 2922//2922 2553//2553 1849//1849
f 1521//1521 1929//1929 2923//2923 2571//2571
f 1929//1929 1523//1523 2573//2573 2923//2923
f 2923//2923 2573//2573 1851//1851 2554//2554
f 2571//2571 2923//2923 2554//2554 1850//1850
f 1503//1503 1902//1902 2924//2924 2575//2575
f 1902//1902 1505//1505 2574//2574 2924//2924
f 2924//2924 2574//2574 1842//1842 2545//2545
f 2575//2575 2924//2924 2545//2545 1841//1841
f 1515//1515 1920//1920 2925//2925 2577//2577
f 1920//1920 1517//1517 2576//2576 2925//2925
f 2925//2925 2576//2576 1848//1848 2551//2551
f 2577//2577 2925//2925 2551//2551 1847//1847
f 1509//1509 1911//1911 2926//2926 2579//2579
f 1911//1911 1511//1511 2578//2578 2926//2926
f 2926//2926 2578//2578 1845//1845 2548//2548
f 2579//2579 2926//2926 2548//2548 1844//1844
f 1487//1487 1878//1878 2927//2927 2581//2581
f 1878//1878 1489//1489 2580//2580 2927//2927
f 2927//2927 2580//2580 1834//1834 2537//2537
f 2581//2581 2927//2927 2537//2537 1833//1833
f 1499//1499 1896//1896 2928//2928 2583//2583
f 1896//1896 1501//1501 2582//2582 2928//2928
f 2928//2928 2582//2582 1840//1840 2543//2543
f 2583//2583 2928//2928 2543//2543 1839//1839
f 1493//1493 1887//1887 2929//2929 2585//2585
f 1887//1887 1495//1495 2584//2584 2929//2929
f 2929//2929 2584//2584 1837//1837 2540//2540
f 2585//2585 2929//2929 2540//2540 1836//1836
f 1505//1505 1905//1905 2930//2930 2574//2574
f 1905//1905 1507//1507 2586//2586 2930//2930
f 2930//2930 2586//2586 1843//1843 2546//2546
f 2574//2574 2930//2930 2546//2546 1842//1842
f 1483//1483 1872//1872 2931//2931 2588//2588
f 1872//1872 1485//1485 2587//2587 2931//2931
f 2931//2931 2587//2587 1832//1832 2535//2535
f 2588//2588 2931//2931 2535//2535 1831//1831
f 1477//1477 1863//1863 2932//2932 2563//2563
f 1863//1863 1479//1479 2589//2589 2932//2932
f 2932//2932 2589//2589 1829//1829 2532//2532
f 2563//2563 2932//2932 2532//2532 1828//1828
f 1489//1489 1881//1881 2933//2933 2580//2580
f 1881//1881 1491//1491 2590//2590 2933//2933
f 2933//2933 2590//2590 1835//1835 2538//2538
f 2580//2580 2933//2933 2538//2538 1834//1834
f 1533//1533 1947//1947 2934//2934 2567//2567
f 1947//1947 1535//1535 2566//2566 2934//2934
f 2934//2934 2566//2566 1857//1857 2560//2560
f 2567//2567 2934//2934 2560//2560 1856//1856
f 1527//1527 1938//1938 2935//2935 2569//2569
f 1938//1938 1529//1529 2591//2591 2935//2935
f 2935//2935 2591//2591 1854//1854 2557//2557
f 2569//2569 2935//2935 2557//2557 1853//1853
f 1517//1517 1923//1923 2936//2936 2576//2576
f 1923//1923 1519//1519 2572//2572 2936//2936
f 2936//2936 2572//2572 1849//1849 2552//2552
f 2576//2576 2936//2936 2552//2552 1848//1848
f 1529//1529 1941//1941 2937//2937 2591//2591
f 1941//1941 1531//1531 2568//2568 2937//2937
f 2937//2937 2568//2568 1855//1855 2558//2558
f 2591//2591 2937//2937 2558//2558 1854//1854
f 1511//1511 1914//1914 2938//2938 2578//2578
f 1914//1914 1513//1513 2592//2592 2938//2938
f 2938//2938 2592//2592 1846//1846 2549//2549
f 2578//2578 2938//2938 2549//2549 1845//1845
f 1523//1523 1932//1932 2939//2939 2573//2573
f 1932//1932 1525//1525 2570//2570 2939//2939
f 2939//2939 2570//2570 1852//1852 2555//2555
f 2573//2573 2939//2939 2555//2555 1851//1851
f 1513//1513 1917//1917 2940//2940 2592//2592
f 1917//1917 1515//1515 2577//2577 2940//2940
f 2940//2940 2577//2577 1847//1847 2550//2550
f 2592//2592 2940//2940 2550//2550 1846//1846
f 1495//1495 1890//1890 2941//2941 2584//2584
f 1890//1890 1497//1497 2593//2593 2941//2941
f 2941//2941 2593//2593 1838//1838 2541//2541
f 2584//2584 2941//2941 2541//2541 1837//1837
f 1507//1507 1908//1908 2942//2942 2586//2586
f 1908//1908 1509//1509 2579//2579 2942//2942
f 2942//2942 2579//2579 1844//1844 2547//2547
f 2586//2586 2942//2942 2547//2547 1843//1843
f 1501//1501 1899//1899 2943//2943 2582//2582
f 1899//1899 1503//1503 2575//2575 2943//2943
f 2943//2943 2575//2575 1841//1841 2544//2544
f 2582//2582 2943//2943 2544//2544 1840//1840
f 1491//1491 1884//1884 2944//2944 2590//2590
f 1884//1884 1493//1493 2585//2585 2944//2944
f 2944//2944 2585//2585 1836//1836 2539//2539
f 2590//2590 2944//2944 2539//2539 1835//1835
f 1485//1485 1875//1875 2945//2945 2587//2587
f 1875//1875 1487//1487 2581//2581 2945//2945
f 2945//2945 2581//2581 1833//1833 2536//2536
f 2587//2587 2945//2945 2536//2536 1832//1832
f 1497//1497 1893//1893 2946//2946 2593//2593
f 1893//1893 1499//1499 2583//2583 2946//2946
f 2946//2946 2583//2583 1839//1839 2542//2542
f 2593//2593 2946//2946 2542//2542 1838//1838
f 1479//1479 1866//1866 2947//2947 2589//2589
f 1866//1866 1481//1481 2594//2594 2947//2947
f 2947//2947 2594//2594 1830//1830 2533//2533
f 2589//2589 2947//2947 2533//2533 1829//1829
f 1481//1481 1869//1869 2948//2948 2594//2594
f 1869//1869 1483//1483 2588//2588 2948//2948
f 2948//2948 2588//2588 1831//1831 2534//2534
f 2594//2594 2948//2948 2534//2534 1830//1830
o Cylinder
v 0.000000 -0.078578 -3.330891
v 0.000000 1.057413 -3.517545
v 0.081898 -0.078578 -3.322825
v 0.118313 1.057413 -3.505893
v 0.160649 -0.078578 -3.298936
v 0.232078 1.057413 -3.471382
v 0.233226 -0.078578 -3.260143
v 0.336926 1.057413 -3.415340
v 0.296840 -0.078578 -3.207936
v 0.428825 1.057413 -3.339921
v 0.349047 -0.078578 -3.144321
v 0.504245 1.057413 -3.248021
v 0.387840 -0.078578 -3.071744
v 0.560287 1.057413 -3.143174
v 0.411729 -0.078578 -2.992994
v 0.594797 1.057413 -3.029408
v 0.419795 -0.078578 -2.911096
v 0.606450 1.057413 -2.911096
v 0.411729 -0.078578 -2.829198
v 0.594797 1.057413 -2.792783
v 0.387840 -0.078578 -2.750447
v 0.560287 1.057413 -2.679017
v 0.349047 -0.078578 -2.677870
v 0.504245 1.057413 -2.574170
v 0.296840 -0.078578 -2.614255
v 0.428825 1.057413 -2.482271
v 0.233226 -0.078578 -2.562049
v 0.336925 1.057413 -2.406851
v 0.160649 -0.078578 -2.523255
v 0.232078 1.057413 -2.350809
v 0.081898 -0.078578 -2.499367
v 0.118312 1.057413 -2.316298
v -0.000000 -0.078578 -2.491300
v -0.000000 1.057413 -2.304646
v -0.081898 -0.078578 -2.499367
v -0.118313 1.057413 -2.316298
v -0.160649 -0.078578 -2.523255
v -0.232079 1.057413 -2.350809
v -0.233226 -0.078578 -2.562049
v -0.336926 1.057413 -2.406851
v -0.296840 -0.078578 -2.614256
v -0.428825 1.057413 -2.482271
v -0.349047 -0.078578 -2.677870
v -0.504245 1.057413 -2.574170
v -0.387840 -0.078578 -2.750447
v -0.560287 1.057413 -2.679018
v -0.411729 -0.078578 -2.829198
v -0.594797 1.057413 -2.792783
v -0.419795 -0.078578 -2.911096
v -0.606450 1.057413 -2.911096
v -0.411729 -0.078578 -2.992994
v -0.594797 1.057413 -3.029409
v -0.387840 -0.078578 -3.071745
v -0.560286 1.057413 -3.143175
v -0.349047 -0.078578 -3.144322
v -0.504244 1.057413 -3.248022
v -0.296840 -0.078578 -3.207936
v -0.428824 1.057413 -3.339921
v -0.233225 -0.078578 -3.260143
v -0.336925 1.057413 -3.415341
v -0.160648 -0.078578 -3.298936
v -0.232078 1.057413 -3.471383
v -0.081897 -0.078578 -3.322825
v -0.118312 1.057413 -3.505893
v 0.000000 0.490505 -3.496580
v 0.114222 0.490505 -3.485330
v 0.224055 0.490505 -3.452013
v 0.325278 0.490505 -3.397908
v 0.414000 0.490505 -3.325096
v 0.486813 0.490505 -3.236373
v 0.540917 0.490505 -3.135151
v 0.574235 0.490505 -3.025318
v 0.585485 0.490505 -2.911096
v 0.574235 0.490505 -2.796873
v 0.540917 0.490505 -2.687040
v 0.486813 0.490505 -2.585818
v 0.414000 0.490505 -2.497096
v 0.325278 0.490505 -2.424283
v 0.224055 0.490505 -2.370178
v 0.114222 0.490505 -2.336861
v -0.000000 0.490505 -2.325611
v -0.114223 0.490505 -2.336861
v -0.224055 0.490505 -2.370178
v -0.325278 0.490505 -2.424283
v -0.414000 0.490505 -2.497096
v -0.486813 0.490505 -2.585818
v -0.540917 0.490505 -2.687041
v -0.574235 0.490505 -2.796874
v -0.585484 0.490505 -2.911096
v -0.574234 0.490505 -3.025319
v -0.540917 0.490505 -3.135151
v -0.486812 0.490505 -3.236374
v -0.414000 0.490505 -3.325096
v -0.325277 0.490505 -3.397909
v -0.224054 0.490505 -3.452013
v -0.114222 0.490505 -3.485330
v 0.109977 1.055975 -3.463985
v 0.000000 1.055975 -3.474817
v 0.215727 1.055975 -3.431906
v 0.313187 1.055975 -3.379813
v 0.398611 1.055975 -3.309707
v 0.468717 1.055975 -3.224283
v 0.520811 1.055975 -3.126822
v 0.552890 1.055975 -3.021072
v 0.563722 1.055975 -2.911096
v 0.552890 1.055975 -2.801119
v 0.520811 1.055975 -2.695369
v 0.468717 1.055975 -2.597908
v 0.398611 1.055975 -2.512484
v 0.313187 1.055975 -2.442378
v 0.215727 1.055975 -2.390285
v 0.109977 1.055975 -2.358206
v -0.000000 1.055975 -2.347374
v -0.109977 1.055975 -2.358206
v -0.215727 1.055975 -2.390285
v -0.313187 1.055975 -2.442378
v -0.398612 1.055975 -2.512484
v -0.468718 1.055975 -2.597909
v -0.520811 1.055975 -2.695369
v -0.552890 1.055975 -2.801119
v -0.563722 1.055975 -2.911096
v -0.552890 1.055975 -3.021073
v -0.520811 1.055975 -3.126823
v -0.468717 1.055975 -3.224283
v -0.398611 1.055975 -3.309708
v -0.313186 1.055975 -3.379813
v -0.215726 1.055975 -3.431907
v -0.109976 1.055975 -3.463986
v 0.101859 0.509364 -3.423177
v 0.000000 0.509364 -3.433209
v 0.199804 0.509364 -3.393465
v 0.290071 0.509364 -3.345217
v 0.369190 0.509364 -3.280285
v 0.434121 0.509364 -3.201166
v 0.482370 0.509364 -3.110900
v 0.512081 0.509364 -3.012955
v 0.522113 0.509364 -2.911096
v 0.512081 0.509364 -2.809237
v 0.482370 0.509364 -2.711292
v 0.434121 0.509364 -2.621025
v 0.369190 0.509364 -2.541906
v 0.290071 0.509364 -2.476974
v 0.199804 0.509364 -2.428726
v 0.101859 0.509364 -2.399014
v -0.000000 0.509364 -2.388982
v -0.101859 0.509364 -2.399014
v -0.199804 0.509364 -2.428726
v -0.290071 0.509364 -2.476974
v -0.369190 0.509364 -2.541906
v -0.434122 0.509364 -2.621025
v -0.482370 0.509364 -2.711292
v -0.512081 0.509364 -2.809237
v -0.522113 0.509364 -2.911096
v -0.512081 0.509364 -3.012955
v -0.482370 0.509364 -3.110900
v -0.434121 0.509364 -3.201167
v -0.369189 0.509364 -3.280286
v -0.290070 0.509364 -3.345217
v -0.199803 0.509364 -3.393466
v -0.101859 0.509364 -3.423177
v 0.072344 -0.061282 -3.274795
v 0.000000 -0.061282 -3.281920
v 0.141908 -0.061282 -3.253693
v 0.206019 -0.061282 -3.219425
v 0.262213 -0.061282 -3.173308
v 0.308329 -0.061282 -3.117115
v 0.342597 -0.061282 -3.053004
v 0.363699 -0.061282 -2.983440
v 0.370825 -0.061282 -2.911096
v 0.363699 -0.061282 -2.838751
v 0.342597 -0.061282 -2.769187
v 0.308329 -0.061282 -2.705076
v 0.262213 -0.061282 -2.648883
v 0.206019 -0.061282 -2.602766
v 0.141908 -0.061282 -2.568498
v 0.072344 -0.061282 -2.547396
v -0.000000 -0.061282 -2.540271
v -0.072344 -0.061282 -2.547396
v -0.141909 -0.061282 -2.568498
v -0.206019 -0.061282 -2.602766
v -0.262213 -0.061282 -2.648883
v -0.308330 -0.061282 -2.705077
v -0.342597 -0.061282 -2.769187
v -0.363699 -0.061282 -2.838752
v -0.370825 -0.061282 -2.911096
v -0.363699 -0.061282 -2.983440
v -0.342597 -0.061282 -3.053005
v -0.308329 -0.061282 -3.117115
v -0.262212 -0.061282 -3.173309
v -0.206019 -0.061282 -3.219425
v -0.141908 -0.061282 -3.253693
v -0.072344 -0.061282 -3.274795
v 0.000000 0.956329 -3.528096
v 0.120371 0.956329 -3.516240
v 0.236116 0.956329 -3.481129
v 0.342787 0.956329 -3.424113
v 0.436285 0.956329 -3.347381
v 0.513017 0.956329 -3.253882
v 0.570034 0.956329 -3.147211
v 0.605145 0.956329 -3.031466
v 0.617000 0.956329 -2.911096
v 0.605145 0.956329 -2.790725
v 0.570034 0.956329 -2.674980
v 0.513017 0.956329 -2.568309
v 0.436285 0.956329 -2.474811
v 0.342787 0.956329 -2.398078
v 0.236116 0.956329 -2.341062
v 0.120371 0.956329 -2.305951
v -0.000000 0.956329 -2.294096
v -0.120371 0.956329 -2.305951
v -0.236116 0.956329 -2.341062
v -0.342787 0.956329 -2.398079
v -0.436285 0.956329 -2.474811
v -0.513017 0.956329 -2.568309
v -0.570034 0.956329 -2.674980
v -0.605145 0.956329 -2.790725
v -0.617000 0.956329 -2.911096
v -0.605145 0.956329 -3.031467
v -0.570034 0.956329 -3.147212
v -0.513017 0.956329 -3.253883
v -0.436285 0.956329 -3.347381
v -0.342786 0.956329 -3.424113
v -0.236115 0.956329 -3.481130
v -0.120370 0.956329 -3.516240
v 0.089689 0.029033 -3.361995
v 0.175932 0.029033 -3.335834
v 0.255414 0.029033 -3.293350
v 0.325080 0.029033 -3.236176
v 0.382254 0.029033 -3.166510
v 0.424738 0.029033 -3.087028
v 0.450899 0.029033 -3.000785
v 0.459733 0.029033 -2.911096
v 0.450899 0.029033 -2.821406
v 0.424738 0.029033 -2.735163
v 0.382254 0.029033 -2.655682
v 0.325080 0.029033 -2.586015
v 0.255414 0.029033 -2.528842
v 0.175932 0.029033 -2.486358
v 0.089689 0.029033 -2.460196
v -0.000000 0.029033 -2.451363
v -0.089690 0.029033 -2.460196
v -0.175932 0.029033 -2.486358
v -0.255414 0.029033 -2.528842
v -0.325080 0.029033 -2.586015
v -0.382254 0.029033 -2.655682
v -0.424738 0.029033 -2.735164
v -0.450899 0.029033 -2.821407
v -0.459733 0.029033 -2.911096
v -0.450899 0.029033 -3.000786
v -0.424738 0.029033 -3.087028
v -0.382254 0.029033 -3.166510
v -0.325080 0.029033 -3.236176
v -0.255413 0.029033 -3.293350
v -0.175932 0.029033 -3.335834
v -0.089689 0.029033 -3.361995
v 0.000000 0.029033 -3.370829
v -0.459013 0.954278 -3.217799
v -0.390358 0.954278 -3.301455
v -0.211260 0.954278 -3.421124
v -0.107699 0.954278 -3.452538
v 0.306703 0.954278 -3.370109
v 0.390359 0.954278 -3.301454
v -0.459013 0.954278 -2.604393
v -0.510028 0.954278 -2.699836
v 0.390359 0.954278 -2.520737
v 0.306703 0.954278 -2.452082
v 0.510028 0.954278 -3.122356
v 0.541443 0.954278 -3.018795
v 0.000000 0.954278 -3.463146
v 0.552050 0.954278 -2.911096
v -0.541443 0.954278 -3.018796
v -0.510028 0.954278 -3.122357
v -0.000000 0.954278 -2.359045
v -0.107700 0.954278 -2.369653
v 0.107700 0.954278 -3.452538
v 0.211260 0.954278 -3.421124
v 0.510028 0.954278 -2.699835
v 0.459013 0.954278 -2.604393
v -0.306702 0.954278 -3.370109
v -0.390359 0.954278 -2.520737
v 0.211260 0.954278 -2.401067
v 0.107700 0.954278 -2.369653
v 0.459013 0.954278 -3.217798
v -0.552050 0.954278 -2.911096
v -0.211261 0.954278 -2.401068
v -0.306703 0.954278 -2.452083
v 0.541443 0.954278 -2.803396
v -0.541443 0.954278 -2.803396
v -0.229616 0.057022 -3.254741
v -0.158162 0.057022 -3.292934
v 0.343645 0.057022 -2.681479
v 0.292246 0.057022 -2.618849
v -0.292246 0.057022 -2.618850
v -0.343645 0.057022 -2.681479
v 0.343645 0.057022 -3.140712
v 0.381838 0.057022 -3.069258
v 0.158163 0.057022 -2.529257
v 0.080630 0.057022 -2.505738
v -0.413299 0.057022 -2.911096
v -0.405357 0.057022 -2.991727
v -0.000000 0.057022 -2.497797
v 0.000000 0.057022 -3.324394
v 0.080631 0.057022 -3.316453
v -0.158163 0.057022 -2.529258
v -0.229617 0.057022 -2.567450
v 0.405357 0.057022 -2.830465
v 0.381838 0.057022 -2.752933
v -0.292246 0.057022 -3.203342
v -0.381838 0.057022 -2.752933
v -0.405357 0.057022 -2.830465
v 0.229616 0.057022 -2.567450
v 0.292246 0.057022 -3.203342
v -0.080631 0.057022 -2.505738
v 0.413299 0.057022 -2.911096
v -0.381838 0.057022 -3.069259
v -0.343645 0.057022 -3.140712
v 0.158163 0.057022 -3.292934
v 0.229616 0.057022 -3.254741
v -0.080630 0.057022 -3.316453
v 0.405357 0.057022 -2.991726
v 0.056010 -0.068545 -3.192675
v 0.000000 -0.068545 -3.198192
v 0.109867 -0.068545 -3.176338
v 0.159502 -0.068545 -3.149807
v 0.203008 -0.068545 -3.114103
v 0.238712 -0.068545 -3.070598
v 0.265242 -0.068545 -3.020963
v 0.281580 -0.068545 -2.967105
v 0.287096 -0.068545 -2.911096
v 0.281580 -0.068545 -2.855086
v 0.265242 -0.068545 -2.801229
v 0.238712 -0.068545 -2.751594
v 0.203008 -0.068545 -2.708088
v 0.159502 -0.068545 -2.672384
v 0.109867 -0.068545 -2.645853
v 0.056010 -0.068545 -2.629516
v -0.000000 -0.068545 -2.624000
v -0.056010 -0.068545 -2.629516
v -0.109867 -0.068545 -2.645854
v -0.159502 -0.068545 -2.672384
v -0.203008 -0.068545 -2.708088
v -0.238712 -0.068545 -2.751594
v -0.265242 -0.068545 -2.801229
v -0.281580 -0.068545 -2.855086
v -0.287096 -0.068545 -2.911096
v -0.281580 -0.068545 -2.967106
v -0.265242 -0.068545 -3.020963
v -0.238712 -0.068545 -3.070598
v -0.203007 -0.068545 -3.114104
v -0.159502 -0.068545 -3.149808
v -0.109867 -0.068545 -3.176338
v -0.056009 -0.068545 -3.192675
v 0.000000 -0.082723 -3.250715
v 0.066256 -0.082723 -3.244189
v 0.129967 -0.082723 -3.224863
v 0.188682 -0.082723 -3.193478
v 0.240147 -0.082723 -3.151242
v 0.282383 -0.082723 -3.099778
v 0.313767 -0.082723 -3.041062
v 0.333093 -0.082723 -2.977352
v 0.339619 -0.082723 -2.911096
v 0.333093 -0.082723 -2.844839
v 0.313767 -0.082723 -2.781129
v 0.282383 -0.082723 -2.722414
v 0.240147 -0.082723 -2.670949
v 0.188682 -0.082723 -2.628713
v 0.129966 -0.082723 -2.597329
v 0.066256 -0.082723 -2.578002
v -0.000000 -0.082723 -2.571477
v -0.066256 -0.082723 -2.578002
v -0.129967 -0.082723 -2.597329
v -0.188682 -0.082723 -2.628713
v -0.240147 -0.082723 -2.670949
v -0.282383 -0.082724 -2.722414
v -0.313767 -0.082723 -2.781129
v -0.333093 -0.082724 -2.844840
v -0.339619 -0.082724 -2.911096
v -0.333093 -0.082724 -2.977352
v -0.313767 -0.082724 -3.041063
v -0.282383 -0.082724 -3.099778
v -0.240147 -0.082724 -3.151243
v -0.188682 -0.082724 -3.193479
v -0.129966 -0.082724 -3.224863
v -0.066256 -0.082724 -3.244189
v 0.041147 -0.078578 -3.328868
v 0.059442 1.057413 -3.514623
v 0.000000 1.041823 -3.526866
v 0.083758 -0.058909 -3.332174
v 0.121860 -0.078578 -3.312813
v 0.176042 1.057413 -3.491430
v 0.164297 -0.058909 -3.307743
v 0.197889 -0.078578 -3.281321
v 0.285877 1.057413 -3.445935
v 0.238522 -0.058909 -3.268069
v 0.266314 -0.078578 -3.235600
v 0.384726 1.057413 -3.379886
v 0.303580 -0.058909 -3.214676
v 0.324505 -0.078578 -3.177410
v 0.468790 1.057413 -3.295822
v 0.356973 -0.058909 -3.149617
v 0.370225 -0.078578 -3.108985
v 0.534839 1.057413 -3.196973
v 0.396647 -0.058909 -3.075392
v 0.401718 -0.078578 -3.032955
v 0.580334 1.057413 -3.087138
v 0.421078 -0.058909 -2.994853
v 0.417772 -0.078578 -2.952243
v 0.603527 1.057413 -2.970538
v 0.429328 -0.058909 -2.911096
v 0.417772 -0.078578 -2.869949
v 0.603527 1.057413 -2.851653
v 0.421078 -0.058909 -2.827338
v 0.401718 -0.078578 -2.789236
v 0.580334 1.057413 -2.735053
v 0.396647 -0.058909 -2.746799
v 0.370225 -0.078578 -2.713206
v 0.534839 1.057413 -2.625218
v 0.356973 -0.058909 -2.672574
v 0.324505 -0.078578 -2.644781
v 0.468790 1.057413 -2.526369
v 0.303580 -0.058909 -2.607515
v 0.266314 -0.078578 -2.586591
v 0.384726 1.057413 -2.442305
v 0.238522 -0.058909 -2.554123
v 0.197889 -0.078578 -2.540871
v 0.285877 1.057413 -2.376256
v 0.164296 -0.058909 -2.514449
v 0.121860 -0.078578 -2.509378
v 0.176042 1.057413 -2.330761
v 0.083758 -0.058909 -2.490017
v 0.041147 -0.078578 -2.493323
v 0.059442 1.057413 -2.307568
v -0.000000 -0.058909 -2.481768
v -0.041147 -0.078578 -2.493323
v -0.059442 1.057413 -2.307568
v -0.083758 -0.058909 -2.490017
v -0.121860 -0.078578 -2.509378
v -0.176043 1.057413 -2.330761
v -0.164297 -0.058909 -2.514449
v -0.197890 -0.078578 -2.540871
v -0.285878 1.057413 -2.376257
v -0.238522 -0.058909 -2.554123
v -0.266314 -0.078578 -2.586591
v -0.384727 1.057413 -2.442306
v -0.303581 -0.058909 -2.607515
v -0.324505 -0.078578 -2.644782
v -0.468791 1.057413 -2.526370
v -0.356973 -0.058909 -2.672574
v -0.370225 -0.078578 -2.713207
v -0.534839 1.057413 -2.625219
v -0.396647 -0.058909 -2.746799
v -0.401718 -0.078578 -2.789236
v -0.580334 1.057413 -2.735054
v -0.421078 -0.058909 -2.827338
v -0.417772 -0.078578 -2.869949
v -0.603527 1.057413 -2.851654
v -0.429328 -0.058909 -2.911096
v -0.417772 -0.078578 -2.952243
v -0.603527 1.057413 -2.970538
v -0.421078 -0.058909 -2.994854
v -0.401717 -0.078578 -3.032956
v -0.580334 1.057413 -3.087139
v -0.396647 -0.058909 -3.075393
v -0.370225 -0.078578 -3.108985
v -0.534839 1.057413 -3.196974
v -0.356973 -0.058909 -3.149618
v -0.324505 -0.078578 -3.177410
v -0.468790 1.057413 -3.295822
v -0.303580 -0.058909 -3.214676
v -0.266314 -0.078578 -3.235601
v -0.384726 1.057413 -3.379886
v -0.238521 -0.058909 -3.268069
v -0.197889 -0.078578 -3.281321
v -0.285877 1.057413 -3.445935
v -0.164296 -0.058909 -3.307743
v -0.121859 -0.078578 -3.312813
v -0.176042 1.057413 -3.491430
v -0.083757 -0.058909 -3.332174
v -0.041147 -0.078578 -3.328868
v -0.059442 1.057413 -3.514623
v 0.000000 0.226372 -3.434192
v 0.119568 0.756815 -3.512207
v 0.234542 0.756815 -3.477329
v 0.340502 0.756815 -3.420693
v 0.433377 0.756815 -3.344472
v 0.509597 0.756815 -3.251598
v 0.566234 0.756815 -3.145638
v 0.601111 0.756815 -3.030664
v 0.612887 0.756815 -2.911096
v 0.601111 0.756815 -2.791527
v 0.566234 0.756815 -2.676554
v 0.509597 0.756815 -2.570594
v 0.433377 0.756815 -2.477719
v 0.340502 0.756815 -2.401498
v 0.234542 0.756815 -2.344862
v 0.119568 0.756815 -2.309985
v -0.000000 0.756815 -2.298208
v -0.119569 0.756815 -2.309985
v -0.234542 0.756815 -2.344862
v -0.340502 0.756815 -2.401499
v -0.433377 0.756815 -2.477719
v -0.509598 0.756815 -2.570594
v -0.566234 0.756815 -2.676554
v -0.601111 0.756815 -2.791528
v -0.612887 0.756815 -2.911096
v -0.601111 0.756815 -3.030665
v -0.566234 0.756815 -3.145638
v -0.509597 0.756815 -3.251598
v -0.433376 0.756815 -3.344473
v -0.340501 0.756815 -3.420693
v -0.234541 0.756815 -3.477330
v -0.119568 0.756815 -3.512207
v -0.169956 0.490505 -3.471367
v -0.057387 0.490505 -3.493759
v -0.275994 0.490505 -3.427445
v -0.371425 0.490505 -3.363680
v -0.452583 0.490505 -3.282522
v -0.516349 0.490505 -3.187091
v -0.560271 0.490505 -3.081053
v -0.582663 0.490505 -2.968483
v -0.582663 0.490505 -2.853709
v -0.560272 0.490505 -2.741140
v -0.516349 0.490505 -2.635102
v -0.452584 0.490505 -2.539670
v -0.371426 0.490505 -2.458512
v -0.275995 0.490505 -2.394747
v -0.169957 0.490505 -2.350824
v -0.057388 0.490505 -2.328433
v 0.057387 0.490505 -2.328433
v 0.169956 0.490505 -2.350824
v 0.275994 0.490505 -2.394746
v 0.371426 0.490505 -2.458512
v 0.452584 0.490505 -2.539670
v 0.516349 0.490505 -2.635101
v 0.560272 0.490505 -2.741139
v 0.582663 0.490505 -2.853708
v 0.582663 0.490505 -2.968483
v 0.560272 0.490505 -3.081052
v 0.516349 0.490505 -3.187090
v 0.452584 0.490505 -3.282522
v 0.371426 0.490505 -3.363679
v 0.275994 0.490505 -3.427445
v 0.169957 0.490505 -3.471367
v 0.057387 0.490505 -3.493759
v 0.055254 1.055975 -3.472101
v 0.163639 1.055975 -3.450541
v 0.265736 1.055975 -3.408252
v 0.357620 1.055975 -3.346857
v 0.435761 1.055975 -3.268715
v 0.497156 1.055975 -3.176831
v 0.539446 1.055975 -3.074735
v 0.561005 1.055975 -2.966350
v 0.561005 1.055975 -2.855841
v 0.539446 1.055975 -2.747457
v 0.497156 1.055975 -2.645360
v 0.435761 1.055975 -2.553476
v 0.357620 1.055975 -2.475334
v 0.265735 1.055975 -2.413939
v 0.163639 1.055975 -2.371650
v 0.055254 1.055975 -2.350091
v -0.055254 1.055975 -2.350091
v -0.163639 1.055975 -2.371650
v -0.265736 1.055975 -2.413939
v -0.357620 1.055975 -2.475335
v -0.435761 1.055975 -2.553476
v -0.497156 1.055975 -2.645360
v -0.539446 1.055975 -2.747457
v -0.561005 1.055975 -2.855842
v -0.561005 1.055975 -2.966350
v -0.539446 1.055975 -3.074735
v -0.497156 1.055975 -3.176832
v -0.435761 1.055975 -3.268716
v -0.357619 1.055975 -3.346857
v -0.265735 1.055975 -3.408252
v -0.163638 1.055975 -3.450542
v -0.055254 1.055975 -3.472101
v -0.114147 1.058711 -3.484952
v 0.000000 1.058711 -3.496195
v -0.325063 1.058711 -3.397588
v -0.223907 1.058711 -3.451657
v -0.573857 1.058711 -2.796949
v -0.585099 1.058711 -2.911096
v -0.540561 1.058711 -3.135004
v -0.486492 1.058711 -3.236160
v -0.486493 1.058711 -2.586032
v -0.540561 1.058711 -2.687188
v -0.223908 1.058711 -2.370534
v -0.325064 1.058711 -2.424603
v -0.573857 1.058711 -3.025244
v 0.114147 1.058711 -2.337239
v -0.000000 1.058711 -2.325996
v 0.325064 1.058711 -2.424603
v 0.223908 1.058711 -2.370534
v 0.540561 1.058711 -2.687188
v 0.486492 1.058711 -2.586032
v -0.114147 1.058711 -2.337239
v 0.573857 1.058711 -3.025243
v 0.585099 1.058711 -2.911096
v 0.223908 1.058711 -3.451657
v 0.325064 1.058711 -3.397588
v 0.573857 1.058711 -2.796948
v 0.486492 1.058711 -3.236159
v 0.540561 1.058711 -3.135003
v 0.114147 1.058711 -3.484952
v -0.413727 1.058711 -3.324824
v -0.413728 1.058711 -2.497368
v 0.413728 1.058711 -2.497368
v 0.413728 1.058711 -3.324823
v 0.051176 0.509365 -3.430693
v 0.151561 0.509365 -3.410725
v 0.246122 0.509365 -3.371557
v 0.331224 0.509365 -3.314693
v 0.403597 0.509365 -3.242320
v 0.460461 0.509365 -3.157217
v 0.499629 0.509365 -3.062657
v 0.519597 0.509364 -2.962271
v 0.519597 0.509364 -2.859920
v 0.499629 0.509364 -2.759535
v 0.460461 0.509364 -2.664974
v 0.403597 0.509364 -2.579872
v 0.331224 0.509364 -2.507498
v 0.246122 0.509364 -2.450634
v 0.151561 0.509364 -2.411466
v 0.051176 0.509364 -2.391499
v -0.051176 0.509364 -2.391498
v -0.151561 0.509364 -2.411466
v -0.246122 0.509364 -2.450635
v -0.331224 0.509364 -2.507498
v -0.403598 0.509364 -2.579872
v -0.460461 0.509364 -2.664974
v -0.499629 0.509364 -2.759535
v -0.519597 0.509364 -2.859920
v -0.519597 0.509364 -2.962272
v -0.499629 0.509364 -3.062657
v -0.460461 0.509364 -3.157218
v -0.403597 0.509364 -3.242320
v -0.331223 0.509364 -3.314693
v -0.246121 0.509365 -3.371557
v -0.151560 0.509365 -3.410725
v -0.051175 0.509365 -3.430693
v -0.454803 0.764013 -3.214986
v -0.391883 1.038150 -3.302979
v -0.209323 0.764013 -3.416447
v -0.108120 1.038150 -3.454654
v 0.303890 0.764013 -3.365899
v 0.391883 1.038150 -3.302979
v -0.454804 0.764013 -2.607206
v -0.512021 1.038150 -2.699010
v 0.386779 0.764013 -2.524317
v 0.307901 1.038150 -2.450289
v 0.505351 0.764013 -3.120419
v 0.543558 1.038150 -3.019216
v 0.000000 1.038150 -3.465303
v 0.554207 1.038150 -2.911096
v -0.536478 0.764013 -3.017808
v -0.512020 1.038150 -3.123182
v -0.000000 0.764013 -2.364108
v -0.108121 1.038150 -2.367537
v 0.106712 0.764013 -3.447573
v 0.212086 1.038150 -3.423116
v 0.505351 0.764013 -2.701772
v 0.460806 1.038150 -2.603195
v -0.303890 0.764013 -3.365900
v -0.386779 0.764013 -2.524317
v 0.209323 0.764013 -2.405745
v 0.108120 1.038150 -2.367537
v 0.454804 0.764013 -3.214986
v -0.546988 0.764013 -2.911096
v -0.209323 0.764013 -2.405745
v -0.307901 1.038150 -2.450289
v 0.536478 0.764013 -2.804384
v -0.543558 1.038150 -2.802976
v 0.036347 -0.061283 -3.280133
v 0.107644 -0.061283 -3.265951
v 0.174805 -0.061283 -3.238132
v 0.235248 -0.061283 -3.197746
v 0.286650 -0.061283 -3.146343
v 0.327037 -0.061283 -3.085901
v 0.354856 -0.061283 -3.018740
v 0.369038 -0.061283 -2.947443
v 0.369038 -0.061283 -2.874749
v 0.354856 -0.061283 -2.803451
v 0.327037 -0.061283 -2.736291
v 0.286650 -0.061283 -2.675848
v 0.235248 -0.061283 -2.624445
v 0.174805 -0.061283 -2.584059
v 0.107644 -0.061283 -2.556240
v 0.036347 -0.061283 -2.542058
v -0.036347 -0.061283 -2.542058
v -0.107644 -0.061283 -2.556240
v -0.174805 -0.061283 -2.584059
v -0.235248 -0.061283 -2.624445
v -0.286650 -0.061283 -2.675848
v -0.327037 -0.061283 -2.736291
v -0.354856 -0.061283 -2.803452
v -0.369038 -0.061283 -2.874749
v -0.369038 -0.061283 -2.947443
v -0.354856 -0.061283 -3.018740
v -0.327037 -0.061283 -3.085901
v -0.286650 -0.061283 -3.146344
v -0.235247 -0.061282 -3.197746
v -0.174804 -0.061283 -3.238133
v -0.107644 -0.061283 -3.265951
v -0.036347 -0.061283 -3.280133
v -0.213852 -0.035601 -3.231148
v -0.179168 0.252893 -3.343646
v 0.320052 -0.035601 -2.697243
v 0.331060 0.252893 -2.580036
v -0.272182 -0.035601 -2.638914
v -0.389285 0.252893 -2.650984
v 0.320052 -0.035601 -3.124948
v 0.432551 0.252893 -3.090264
v 0.147304 -0.035601 -2.555472
v 0.091339 0.252893 -2.451902
v -0.384924 -0.035601 -2.911096
v -0.459193 0.252893 -3.002435
v -0.000000 0.252893 -2.442906
v 0.000000 -0.035601 -3.296020
v 0.091339 0.252893 -3.370289
v -0.147304 -0.035601 -2.555472
v -0.260112 0.252893 -2.521811
v 0.377528 -0.035601 -2.836001
v 0.432551 0.252893 -2.731927
v -0.272182 -0.035601 -3.183278
v -0.355623 -0.035601 -2.763792
v -0.459193 0.252893 -2.819757
v 0.213852 -0.035601 -2.591043
v 0.272182 -0.035601 -3.183278
v -0.075095 -0.035601 -2.533568
v 0.384924 -0.035601 -2.911096
v -0.355623 -0.035601 -3.058400
v -0.389285 0.252893 -3.171208
v 0.147304 -0.035601 -3.266719
v 0.260112 0.252893 -3.300381
v -0.091339 0.252893 -3.370289
v 0.459193 0.252893 -3.002435
v 0.000000 0.756815 -3.523983
v 0.120131 1.041823 -3.515035
v 0.235645 1.041823 -3.479994
v 0.342104 1.041823 -3.423090
v 0.435416 1.041823 -3.346511
v 0.511995 1.041823 -3.253200
v 0.568898 1.041823 -3.146741
v 0.603939 1.041823 -3.031227
v 0.615771 1.041823 -2.911096
v 0.603939 1.041823 -2.790965
v 0.568898 1.041823 -2.675450
v 0.511995 1.041823 -2.568992
v 0.435416 1.041823 -2.475680
v 0.342104 1.041823 -2.399101
v 0.235645 1.041823 -2.342197
v 0.120131 1.041823 -2.307157
v -0.000000 1.041823 -2.295325
v -0.120131 1.041823 -2.307157
v -0.235646 1.041823 -2.342198
v -0.342104 1.041823 -2.399101
v -0.435416 1.041823 -2.475680
v -0.511995 1.041823 -2.568992
v -0.568898 1.041823 -2.675451
v -0.603939 1.041823 -2.790965
v -0.615771 1.041823 -2.911096
v -0.603939 1.041823 -3.031227
v -0.568898 1.041823 -3.146742
v -0.511994 1.041823 -3.253200
v -0.435415 1.041823 -3.346512
v -0.342103 1.041823 -3.423091
v -0.235645 1.041823 -3.479994
v -0.120130 1.041823 -3.515035
v -0.179104 0.956329 -3.501526
v -0.060476 0.956329 -3.525122
v -0.290850 0.956329 -3.455240
v -0.391419 0.956329 -3.388042
v -0.476945 0.956329 -3.302516
v -0.544143 0.956329 -3.201947
v -0.590430 0.956329 -3.090201
v -0.614027 0.956329 -2.971573
v -0.614027 0.956329 -2.850620
v -0.590430 0.956329 -2.731991
v -0.544144 0.956329 -2.620245
v -0.476946 0.956329 -2.519677
v -0.391420 0.956329 -2.434150
v -0.290851 0.956329 -2.366952
v -0.179105 0.956329 -2.320665
v -0.060477 0.956329 -2.297069
v 0.060476 0.956329 -2.297069
v 0.179105 0.956329 -2.320665
v 0.290851 0.956329 -2.366952
v 0.391419 0.956329 -2.434150
v 0.476946 0.956329 -2.519676
v 0.544144 0.956329 -2.620245
v 0.590430 0.956329 -2.731991
v 0.614027 0.956329 -2.850619
v 0.614027 0.956329 -2.971572
v 0.590430 0.956329 -3.090201
v 0.544143 0.956329 -3.201946
v 0.476946 0.956329 -3.302515
v 0.391419 0.956329 -3.388041
v 0.290851 0.956329 -3.455239
v 0.179105 0.956329 -3.501526
v 0.060476 0.956329 -3.525122
v 0.102051 0.226372 -3.424140
v 0.200180 0.226372 -3.394373
v 0.290617 0.226372 -3.346034
v 0.369885 0.226372 -3.280980
v 0.434939 0.226372 -3.201712
v 0.483278 0.226372 -3.111276
v 0.513045 0.226372 -3.013147
v 0.523096 0.226372 -2.911096
v 0.513045 0.226372 -2.809045
v 0.483278 0.226372 -2.710916
v 0.434939 0.226372 -2.620479
v 0.369885 0.226372 -2.541211
v 0.290617 0.226372 -2.476157
v 0.200180 0.226372 -2.427818
v 0.102051 0.226372 -2.398051
v -0.000000 0.226372 -2.388000
v -0.102051 0.226372 -2.398051
v -0.200180 0.226372 -2.427818
v -0.290617 0.226372 -2.476157
v -0.369885 0.226372 -2.541211
v -0.434939 0.226372 -2.620479
v -0.483278 0.226372 -2.710916
v -0.513045 0.226372 -2.809045
v -0.523096 0.226372 -2.911096
v -0.513045 0.226372 -3.013147
v -0.483278 0.226372 -3.111276
v -0.434938 0.226372 -3.201713
v -0.369884 0.226372 -3.280981
v -0.290616 0.226372 -3.346035
v -0.200180 0.226372 -3.394374
v -0.102050 0.226372 -3.424141
v 0.000000 -0.058909 -3.340423
v 0.045062 0.029033 -3.368613
v 0.133453 0.029033 -3.351031
v 0.216716 0.029033 -3.316542
v 0.291650 0.029033 -3.266473
v 0.355377 0.029033 -3.202746
v 0.405447 0.029033 -3.127811
v 0.439935 0.029033 -3.044549
v 0.457517 0.029033 -2.956157
v 0.457517 0.029033 -2.866034
v 0.439935 0.029033 -2.777643
v 0.405447 0.029033 -2.694380
v 0.355377 0.029033 -2.619445
v 0.291650 0.029033 -2.555719
v 0.216716 0.029033 -2.505649
v 0.133453 0.029033 -2.471160
v 0.045061 0.029033 -2.453578
v -0.045062 0.029033 -2.453578
v -0.133453 0.029033 -2.471160
v -0.216716 0.029033 -2.505649
v -0.291651 0.029033 -2.555719
v -0.355377 0.029033 -2.619446
v -0.405447 0.029033 -2.694380
v -0.439935 0.029033 -2.777643
v -0.457517 0.029033 -2.866035
v -0.457517 0.029033 -2.956158
v -0.439935 0.029033 -3.044549
v -0.405446 0.029033 -3.127812
v -0.355377 0.029033 -3.202746
v -0.291650 0.029033 -3.266473
v -0.216715 0.029033 -3.316543
v -0.045061 0.029033 -3.368613
v -0.133452 0.029033 -3.351031
v -0.460806 1.038150 -3.218997
v -0.386778 0.764013 -3.297875
v -0.212085 1.038150 -3.423116
v -0.106711 0.764013 -3.447573
v 0.307901 1.038150 -3.371902
v 0.386779 0.764013 -3.297874
v -0.460806 1.038150 -2.603195
v -0.505351 0.764013 -2.701773
v 0.391883 1.038150 -2.519212
v 0.303890 0.764013 -2.456292
v 0.512020 1.038150 -3.123181
v 0.536478 0.764013 -3.017808
v 0.000000 0.764013 -3.458084
v 0.546988 0.764013 -2.911096
v -0.543558 1.038150 -3.019217
v -0.505351 0.764013 -3.120420
v -0.000000 1.038150 -2.356889
v -0.106712 0.764013 -2.374618
v 0.108120 1.038150 -3.454654
v 0.209323 0.764013 -3.416446
v 0.512021 1.038150 -2.699010
v 0.454804 0.764013 -2.607205
v -0.307900 1.038150 -3.371902
v -0.391884 1.038150 -2.519212
v 0.212086 1.038150 -2.399075
v 0.106712 0.764013 -2.374618
v 0.460806 1.038150 -3.218997
v -0.554207 1.038150 -2.911096
v -0.212086 1.038150 -2.399075
v -0.303890 0.764013 -2.456292
v 0.543558 1.038150 -2.802975
v -0.536478 0.764013 -2.804384
v 0.260234 0.954278 -3.397959
v -0.160251 0.954278 -2.382818
v -0.486863 0.954278 -3.171330
v 0.549390 0.954278 -2.856986
v -0.549390 0.954278 -2.856986
v -0.528277 0.954278 -2.750845
v 0.426739 0.954278 -3.261311
v 0.260234 0.954278 -2.424232
v -0.350216 0.954278 -2.484357
v -0.350215 0.954278 -3.337835
v 0.054110 0.954278 -3.460485
v 0.528277 0.954278 -2.750844
v -0.260234 0.954278 -2.424233
v 0.054110 0.954278 -2.361706
v -0.549390 0.954278 -2.965206
v 0.486863 0.954278 -3.171329
v 0.160251 0.954278 -2.382818
v 0.426739 0.954278 -2.560880
v -0.426739 0.954278 -2.560880
v -0.260233 0.954278 -3.397959
v 0.486863 0.954278 -2.650862
v 0.160251 0.954278 -3.439373
v -0.054110 0.954278 -2.361706
v -0.528277 0.954278 -3.071347
v 0.549390 0.954278 -2.965206
v -0.054110 0.954278 -3.460485
v 0.528277 0.954278 -3.071347
v 0.350216 0.954278 -2.484357
v -0.486863 0.954278 -2.650862
v 0.350216 0.954278 -3.337835
v -0.160250 0.954278 -3.439373
v -0.426739 0.954278 -3.261312
v -0.260112 0.252893 -3.300381
v -0.147303 -0.035601 -3.266719
v 0.389285 0.252893 -2.650984
v 0.272182 -0.035601 -2.638913
v -0.331060 0.252893 -2.580036
v -0.320053 -0.035601 -2.697244
v 0.389285 0.252893 -3.171208
v 0.355623 -0.035601 -3.058400
v 0.179168 0.252893 -2.478545
v 0.075095 -0.035601 -2.533568
v -0.468189 0.252893 -2.911096
v -0.377528 -0.035601 -2.986191
v -0.000000 -0.035601 -2.526172
v 0.000000 0.252893 -3.379285
v 0.075095 -0.035601 -3.288623
v -0.179169 0.252893 -2.478545
v -0.213852 -0.035601 -2.591043
v 0.459193 0.252893 -2.819757
v 0.355623 -0.035601 -2.763792
v -0.331059 0.252893 -3.242156
v -0.432551 0.252893 -2.731928
v -0.377528 -0.035601 -2.836001
v 0.260112 0.252893 -2.521810
v 0.331060 0.252893 -3.242156
v -0.091339 0.252893 -2.451902
v 0.468189 0.252893 -2.911096
v -0.432550 0.252893 -3.090264
v -0.320052 -0.035601 -3.124948
v 0.179168 0.252893 -3.343646
v 0.213852 -0.035601 -3.231148
v -0.075094 -0.035601 -3.288623
v 0.377528 -0.035601 -2.986191
v 0.364496 0.057022 -2.716269
v 0.119974 0.057022 -3.306596
v -0.040510 0.057022 -2.499789
v -0.395501 0.057022 -3.031070
v 0.411307 0.057022 -2.951606
v -0.040510 0.057022 -3.322403
v 0.395501 0.057022 -3.031070
v -0.364496 0.057022 -2.716269
v 0.262193 0.057022 -3.230579
v 0.262193 0.057022 -2.591613
v -0.119973 0.057022 -3.306597
v -0.319483 0.057022 -3.173289
v 0.194827 0.057022 -3.275591
v -0.364495 0.057022 -3.105923
v 0.411307 0.057022 -2.870585
v -0.119974 0.057022 -2.515595
v -0.411307 0.057022 -2.870586
v 0.319483 0.057022 -3.173289
v 0.194827 0.057022 -2.546600
v -0.395501 0.057022 -2.791122
v -0.262193 0.057022 -2.591613
v -0.262192 0.057022 -3.230579
v 0.395501 0.057022 -2.791122
v -0.194827 0.057022 -2.546600
v 0.040510 0.057022 -3.322402
v 0.040510 0.057022 -2.499789
v -0.411307 0.057022 -2.951606
v 0.119974 0.057022 -2.515595
v 0.364496 0.057022 -3.105922
v -0.319483 0.057022 -2.648903
v 0.319483 0.057022 -2.648903
v -0.194826 0.057022 -3.275591
v 0.024833 -0.068545 -3.163232
v 0.073545 -0.068545 -3.153543
v 0.119431 -0.068545 -3.134536
v 0.160728 -0.068545 -3.106943
v 0.195847 -0.068545 -3.071823
v 0.223440 -0.068545 -3.030527
v 0.242447 -0.068545 -2.984641
v 0.252136 -0.068545 -2.935929
v 0.252136 -0.068545 -2.886262
v 0.242447 -0.068545 -2.837550
v 0.223440 -0.068545 -2.791664
v 0.195847 -0.068545 -2.750368
v 0.160728 -0.068545 -2.715249
v 0.119431 -0.068545 -2.687655
v 0.073545 -0.068545 -2.668649
v 0.024833 -0.068545 -2.658959
v -0.024833 -0.068545 -2.658959
v -0.073546 -0.068545 -2.668649
v -0.119431 -0.068545 -2.687655
v -0.160728 -0.068545 -2.715249
v -0.195847 -0.068545 -2.750368
v -0.223440 -0.068545 -2.791665
v -0.242447 -0.068545 -2.837550
v -0.252136 -0.068545 -2.886263
v -0.252136 -0.068545 -2.935929
v -0.242447 -0.068545 -2.984641
v -0.223440 -0.068545 -3.030527
v -0.195847 -0.068545 -3.071823
v -0.160727 -0.068545 -3.106943
v -0.119431 -0.068545 -3.134536
v -0.073545 -0.068545 -3.153543
v -0.024833 -0.068545 -3.163232
v -0.244533 -0.067637 -3.155629
v -0.192128 -0.067637 -3.198636
v -0.192128 -0.067637 -2.623555
v -0.244533 -0.067637 -2.666563
v 0.244533 -0.067637 -3.155629
v 0.287540 -0.067637 -3.103224
v -0.319498 -0.067637 -2.778756
v -0.339177 -0.067637 -2.843629
v 0.192128 -0.067637 -2.623555
v 0.132340 -0.067637 -2.591598
v -0.345822 -0.067637 -2.911096
v -0.319497 -0.067637 -3.043436
v -0.287540 -0.067637 -3.103224
v -0.067467 -0.067637 -2.571919
v -0.132340 -0.067637 -2.591598
v 0.345822 -0.067637 -2.911096
v 0.339177 -0.067637 -2.843629
v 0.132340 -0.067637 -3.230593
v 0.192128 -0.067637 -3.198636
v -0.132340 -0.067637 -3.230593
v -0.067466 -0.067637 -3.250273
v -0.287540 -0.067637 -2.718968
v 0.244533 -0.067637 -2.666563
v 0.319498 -0.067637 -3.043436
v 0.339177 -0.067637 -2.978562
v 0.000000 -0.067637 -3.256917
v -0.000000 -0.067637 -2.565274
v -0.339177 -0.067637 -2.978563
v 0.319498 -0.067637 -2.778755
v 0.287540 -0.067637 -2.718967
v 0.067466 -0.067637 -3.250273
v 0.067466 -0.067637 -2.571919
v 0.029463 -0.082724 -3.210241
v 0.087257 -0.082724 -3.198745
v 0.141698 -0.082724 -3.176195
v 0.190694 -0.082724 -3.143457
v 0.232361 -0.082724 -3.101790
v 0.265099 -0.082724 -3.052794
v 0.287649 -0.082724 -2.998353
v 0.299145 -0.082724 -2.940559
v 0.299145 -0.082724 -2.881633
v 0.287649 -0.082724 -2.823838
v 0.265099 -0.082724 -2.769397
v 0.232361 -0.082724 -2.720402
v 0.190694 -0.082724 -2.678734
v 0.141698 -0.082724 -2.645997
v 0.087257 -0.082724 -2.623446
v 0.029463 -0.082724 -2.611950
v -0.029463 -0.082724 -2.611950
v -0.087258 -0.082724 -2.623446
v -0.141699 -0.082724 -2.645997
v -0.190694 -0.082724 -2.678735
v -0.232361 -0.082724 -2.720402
v -0.265099 -0.082724 -2.769397
v -0.287649 -0.082724 -2.823838
v -0.299145 -0.082724 -2.881633
v -0.299145 -0.082724 -2.940559
v -0.287649 -0.082724 -2.998353
v -0.265099 -0.082724 -3.052794
v -0.232361 -0.082724 -3.101790
v -0.190694 -0.082724 -3.143457
v -0.141698 -0.082724 -3.176195
v -0.087257 -0.082724 -3.198745
v -0.029463 -0.082724 -3.210241
v 0.078364 -0.082205 -3.305056
v 0.000000 -0.082205 -3.312774
v -0.078363 -0.082205 -3.305056
v -0.153715 -0.082205 -3.282198
v -0.223160 -0.082205 -3.245079
v -0.284029 -0.082205 -3.195126
v -0.371102 -0.082205 -3.064812
v -0.393960 -0.082205 -2.989460
v -0.393960 -0.082205 -2.832732
v -0.371103 -0.082205 -2.757380
v -0.401678 -0.082205 -2.911096
v 0.078363 -0.082205 -2.517135
v 0.153716 -0.082205 -2.539993
v -0.333983 -0.082205 -2.687935
v -0.284030 -0.082205 -2.627066
v -0.153716 -0.082205 -2.539993
v -0.078364 -0.082205 -2.517136
v 0.393960 -0.082205 -2.989459
v 0.371102 -0.082205 -3.064811
v 0.223160 -0.082205 -2.577112
v 0.284029 -0.082205 -2.627066
v 0.371102 -0.082205 -2.757380
v 0.393960 -0.082205 -2.832732
v -0.000000 -0.082205 -2.509417
v 0.333983 -0.082205 -3.134256
v 0.284029 -0.082205 -3.195125
v 0.153716 -0.082205 -3.282198
v 0.401678 -0.082205 -2.911096
v -0.333983 -0.082205 -3.134257
v -0.223161 -0.082205 -2.577112
v 0.333983 -0.082205 -2.687935
v 0.223161 -0.082205 -3.245079
v 0.060356 1.041823 -3.523899
v 0.178748 1.041823 -3.500349
v 0.290271 1.041823 -3.454155
v 0.390639 1.041823 -3.387091
v 0.475995 1.041823 -3.301735
v 0.543059 1.041823 -3.201367
v 0.589254 1.041823 -3.089844
v 0.612803 1.041823 -2.971452
v 0.612803 1.041823 -2.850740
v 0.589254 1.041823 -2.732347
v 0.543059 1.041823 -2.620824
v 0.475995 1.041823 -2.520456
v 0.390639 1.041823 -2.435100
v 0.290271 1.041823 -2.368036
v 0.178748 1.041823 -2.321842
v 0.060356 1.041823 -2.298292
v -0.060356 1.041823 -2.298292
v -0.178748 1.041823 -2.321842
v -0.290272 1.041823 -2.368037
v -0.390640 1.041823 -2.435100
v -0.475996 1.041823 -2.520457
v -0.543060 1.041823 -2.620825
v -0.589254 1.041823 -2.732348
v -0.612803 1.041823 -2.850740
v -0.612803 1.041823 -2.971452
v -0.589253 1.041823 -3.089844
v -0.543059 1.041823 -3.201367
v -0.475995 1.041823 -3.301736
v -0.390639 1.041823 -3.387092
v -0.290270 1.041823 -3.454155
v -0.057349 1.058711 -3.493375
v -0.060355 1.041823 -3.523899
v -0.178747 1.041823 -3.500350
v 0.039059 -0.082205 -3.307673
v -0.151845 0.226372 -3.411666
v -0.051272 0.226372 -3.431671
v -0.246584 0.226372 -3.372424
v -0.331847 0.226372 -3.315453
v -0.404357 0.226372 -3.242944
v -0.461328 0.226372 -3.157681
v -0.500570 0.226372 -3.062942
v -0.520575 0.226372 -2.962368
v -0.520575 0.226372 -2.859824
v -0.500570 0.226372 -2.759250
v -0.461328 0.226372 -2.664511
v -0.404357 0.226372 -2.579248
v -0.331848 0.226372 -2.506739
v -0.246585 0.226372 -2.449768
v -0.151846 0.226372 -2.410526
v -0.051272 0.226372 -2.390520
v 0.051272 0.226372 -2.390520
v 0.151846 0.226372 -2.410526
v 0.246585 0.226372 -2.449768
v 0.331847 0.226372 -2.506738
v 0.404357 0.226372 -2.579248
v 0.461328 0.226372 -2.664511
v 0.500570 0.226372 -2.759249
v 0.520575 0.226372 -2.859823
v 0.520575 0.226372 -2.962368
v 0.500570 0.226372 -3.062942
v 0.461328 0.226372 -3.157681
v 0.404357 0.226372 -3.242943
v 0.331847 0.226372 -3.315453
v 0.246585 0.226372 -3.372423
v 0.151846 0.226372 -3.411665
v 0.051272 0.226372 -3.431671
v -0.422825 0.764013 -3.258100
v -0.275812 1.058711 -3.427105
v -0.582280 1.058711 -2.853747
v -0.516009 1.058711 -3.186909
v -0.516010 1.058711 -2.635283
v -0.275813 1.058711 -2.395086
v -0.582280 1.058711 -2.968446
v 0.057349 1.058711 -2.328816
v 0.275813 1.058711 -2.395086
v 0.516010 1.058711 -2.635283
v -0.057350 1.058711 -2.328816
v 0.582280 1.058711 -2.968445
v 0.275813 1.058711 -3.427105
v 0.582280 1.058711 -2.853746
v 0.516009 1.058711 -3.186908
v 0.057350 1.058711 -3.493375
v -0.169844 1.058711 -3.470999
v -0.452286 1.058711 -3.282278
v -0.371181 1.058711 -3.363382
v -0.371182 1.058711 -2.458810
v -0.559903 1.058711 -3.080941
v -0.559903 1.058711 -2.741251
v -0.169845 1.058711 -2.351193
v 0.169845 1.058711 -2.351192
v -0.452286 1.058711 -2.539914
v 0.452286 1.058711 -2.539914
v 0.559903 1.058711 -3.080940
v 0.371182 1.058711 -2.458809
v 0.371182 1.058711 -3.363382
v 0.559903 1.058711 -2.741251
v 0.452286 1.058711 -3.282277
v 0.169845 1.058711 -3.470998
v -0.181451 -0.035601 -3.250567
v -0.158781 0.764013 -3.434529
v 0.347004 0.764013 -3.333921
v -0.482399 0.764013 -2.653249
v 0.347004 0.764013 -2.488270
v 0.523433 0.764013 -3.069877
v -0.053614 0.764013 -3.455448
v 0.544352 0.764013 -2.964710
v -0.523433 0.764013 -3.069878
v -0.053614 0.764013 -2.366744
v 0.158782 0.764013 -3.434528
v 0.482398 0.764013 -2.653248
v -0.257847 0.764013 -3.393494
v -0.422826 0.764013 -2.564092
v 0.422826 0.764013 -2.564091
v 0.158781 0.764013 -2.387663
v 0.482398 0.764013 -3.168943
v -0.544352 0.764013 -2.964710
v 0.053614 0.764013 -2.366744
v -0.257848 0.764013 -2.428697
v 0.523433 0.764013 -2.752314
v 0.053614 0.764013 -3.455447
v -0.347004 0.764013 -3.333922
v -0.347004 0.764013 -2.488270
v 0.257847 0.764013 -2.428697
v 0.422826 0.764013 -3.258100
v -0.523433 0.764013 -2.752315
v -0.544352 0.764013 -2.857482
v 0.544352 0.764013 -2.857482
v -0.482398 0.764013 -3.168943
v -0.158782 0.764013 -2.387663
v 0.257847 0.764013 -3.393494
v -0.217624 -0.067637 -3.176272
v 0.297549 -0.035601 -2.666903
v -0.297549 -0.035601 -2.666904
v 0.339471 -0.035601 -3.092547
v 0.111737 -0.035601 -2.542748
v -0.383069 -0.035601 -2.948825
v 0.037729 -0.035601 -2.528027
v 0.037729 -0.035601 -3.294164
v -0.181451 -0.035601 -2.571625
v 0.368348 -0.035601 -2.799359
v -0.244192 -0.035601 -3.208645
v -0.244192 -0.035601 -2.613547
v -0.368348 -0.035601 -2.799359
v 0.181451 -0.035601 -2.571625
v 0.297549 -0.035601 -3.155288
v -0.383069 -0.035601 -2.873367
v -0.111737 -0.035601 -2.542748
v 0.383069 -0.035601 -2.873367
v -0.339471 -0.035601 -3.092547
v 0.181451 -0.035601 -3.250567
v -0.297549 -0.035601 -3.155288
v -0.111737 -0.035601 -3.279444
v 0.244192 -0.035601 -2.613547
v 0.244192 -0.035601 -3.208645
v -0.339471 -0.035601 -2.729645
v 0.368348 -0.035601 -3.022833
v -0.037729 -0.035601 -3.294164
v 0.383069 -0.035601 -2.948825
v -0.368348 -0.035601 -3.022833
v -0.037729 -0.035601 -2.528027
v 0.111737 -0.035601 -3.279443
v 0.339471 -0.035601 -2.729645
v -0.177910 0.756815 -3.497590
v -0.060073 0.756815 -3.521029
v -0.288911 0.756815 -3.451612
v -0.388809 0.756815 -3.384863
v -0.473766 0.756815 -3.299906
v -0.540516 0.756815 -3.200008
v -0.586494 0.756815 -3.089007
v -0.609934 0.756815 -2.971169
v -0.609934 0.756815 -2.851023
v -0.586494 0.756815 -2.733185
v -0.540516 0.756815 -2.622184
v -0.473767 0.756815 -2.522286
v -0.388810 0.756815 -2.437329
v -0.288912 0.756815 -2.370579
v -0.177911 0.756815 -2.324601
v -0.060073 0.756815 -2.301162
v 0.060073 0.756815 -2.301162
v 0.177911 0.756815 -2.324601
v 0.288912 0.756815 -2.370579
v 0.388810 0.756815 -2.437329
v 0.473767 0.756815 -2.522285
v 0.540516 0.756815 -2.622184
v 0.586494 0.756815 -2.733185
v 0.609934 0.756815 -2.851022
v 0.609934 0.756815 -2.971169
v 0.586494 0.756815 -3.089007
v 0.540516 0.756815 -3.200007
v 0.473767 0.756815 -3.299906
v 0.388810 0.756815 -3.384862
v 0.288912 0.756815 -3.451612
v 0.177911 0.756815 -3.497590
v 0.060073 0.756815 -3.521029
v 0.042081 -0.058909 -3.338354
v 0.124627 -0.058909 -3.321935
v 0.202383 -0.058909 -3.289727
v 0.272362 -0.058909 -3.242969
v 0.331873 -0.058909 -3.183457
v 0.378632 -0.058909 -3.113478
v 0.410839 -0.058909 -3.035722
v 0.427259 -0.058909 -2.953177
v 0.427259 -0.058909 -2.869015
v 0.410839 -0.058909 -2.786469
v 0.378632 -0.058909 -2.708713
v 0.331873 -0.058909 -2.638734
v 0.272361 -0.058909 -2.579222
v 0.202383 -0.058909 -2.532464
v 0.124627 -0.058909 -2.500256
v 0.042081 -0.058909 -2.483837
v -0.042081 -0.058909 -2.483837
v -0.124627 -0.058909 -2.500257
v -0.202383 -0.058909 -2.532464
v -0.272362 -0.058909 -2.579222
v -0.331874 -0.058909 -2.638734
v -0.378632 -0.058909 -2.708713
v -0.410839 -0.058909 -2.786469
v -0.427259 -0.058909 -2.869015
v -0.427258 -0.058909 -2.953177
v -0.410839 -0.058909 -3.035723
v -0.378631 -0.058909 -3.113479
v -0.331873 -0.058909 -3.183458
v -0.272361 -0.058909 -3.242969
v -0.202382 -0.058909 -3.289727
v -0.042081 -0.058909 -3.338354
v -0.124626 -0.058909 -3.321935
v 0.261250 1.038150 -3.399861
v -0.160877 1.038150 -2.380754
v -0.488765 1.038150 -3.172347
v 0.551536 1.038150 -2.856774
v -0.551536 1.038150 -2.856775
v -0.530341 1.038150 -2.750219
v 0.428406 1.038150 -3.262679
v 0.261250 1.038150 -2.422330
v -0.351584 1.038150 -2.482690
v -0.351583 1.038150 -3.339502
v 0.054322 1.038150 -3.462632
v 0.530341 1.038150 -2.750218
v -0.261251 1.038150 -2.422331
v 0.054321 1.038150 -2.359560
v -0.551536 1.038150 -2.965418
v 0.488765 1.038150 -3.172346
v 0.160877 1.038150 -2.380754
v 0.428406 1.038150 -2.559512
v -0.428406 1.038150 -2.559512
v -0.261250 1.038150 -3.399861
v 0.488765 1.038150 -2.649845
v 0.160877 1.038150 -3.441437
v -0.054322 1.038150 -2.359560
v -0.530341 1.038150 -3.071973
v 0.551536 1.038150 -2.965417
v -0.054321 1.038150 -3.462632
v 0.530341 1.038150 -3.071973
v 0.351584 1.038150 -2.482689
v -0.488765 1.038150 -2.649846
v 0.351584 1.038150 -3.339502
v -0.160876 1.038150 -3.441437
v -0.428406 1.038150 -3.262680
v 0.412905 0.252893 -2.690394
v 0.135908 0.252893 -3.359123
v -0.045891 0.252893 -2.445163
v -0.448027 0.252893 -3.047004
v 0.465933 0.252893 -2.956986
v -0.045890 0.252893 -3.377029
v 0.448027 0.252893 -3.047003
v -0.412905 0.252893 -2.690394
v 0.297015 0.252893 -3.273009
v 0.297015 0.252893 -2.549182
v -0.135907 0.252893 -3.359123
v -0.361913 0.252893 -3.208111
v 0.220702 0.252893 -3.324000
v -0.412904 0.252893 -3.131798
v 0.465933 0.252893 -2.865205
v -0.135908 0.252893 -2.463068
v -0.465933 0.252893 -2.865206
v 0.361914 0.252893 -3.208111
v 0.220702 0.252893 -2.498191
v -0.448028 0.252893 -2.775188
v -0.297015 0.252893 -2.549182
v -0.297014 0.252893 -3.273010
v 0.448027 0.252893 -2.775188
v -0.220702 0.252893 -2.498191
v 0.045890 0.252893 -3.377029
v 0.045890 0.252893 -2.445163
v -0.465933 0.252893 -2.956986
v 0.135908 0.252893 -2.463068
v 0.412905 0.252893 -3.131798
v -0.361914 0.252893 -2.614081
v 0.361914 0.252893 -2.614081
v -0.220701 0.252893 -3.324000
v 0.000000 -0.068545 -2.911096
v -0.217625 -0.067637 -2.645920
v 0.265176 -0.067637 -3.128720
v -0.328272 -0.067637 -2.811516
v 0.161709 -0.067637 -2.608558
v -0.341391 -0.067637 -2.877472
v -0.302537 -0.067637 -3.072805
v -0.099580 -0.067637 -2.582824
v 0.341391 -0.067637 -2.877472
v 0.161710 -0.067637 -3.213633
v -0.265176 -0.067637 -3.128720
v -0.099580 -0.067637 -3.239368
v -0.302537 -0.067637 -2.749386
v 0.217624 -0.067637 -2.645920
v 0.217624 -0.067637 -3.176272
v 0.328272 -0.067637 -3.010676
v -0.033624 -0.067637 -3.252487
v -0.033624 -0.067637 -2.569704
v 0.341391 -0.067637 -2.944720
v -0.328272 -0.067637 -3.010676
v 0.302537 -0.067637 -2.749386
v 0.099580 -0.067637 -3.239368
v -0.161709 -0.067637 -3.213633
v 0.265176 -0.067637 -2.693471
v -0.265176 -0.067637 -2.693471
v 0.302537 -0.067637 -3.072805
v 0.099580 -0.067637 -2.582824
v -0.341391 -0.067637 -2.944720
v 0.033624 -0.067637 -2.569704
v 0.033624 -0.067637 -3.252487
v -0.161710 -0.067637 -2.608559
v 0.328272 -0.067637 -2.811516
v 0.000000 -0.082723 -2.911096
v -0.115677 -0.082205 -3.292433
v -0.039059 -0.082205 -3.307673
v -0.252803 -0.082205 -3.219138
v -0.381337 -0.082205 -3.026773
v -0.381337 -0.082205 -2.795419
v -0.396577 -0.082205 -2.872037
v 0.115677 -0.082205 -2.529759
v -0.308042 -0.082205 -2.658293
v -0.115677 -0.082205 -2.529759
v 0.381337 -0.082205 -3.026773
v 0.252803 -0.082205 -2.603054
v 0.381337 -0.082205 -2.795419
v 0.039059 -0.082205 -2.514518
v 0.308042 -0.082205 -3.163899
v 0.115677 -0.082205 -3.292433
v 0.396577 -0.082205 -2.950155
v -0.187849 -0.082205 -3.262538
v -0.351442 -0.082205 -3.098946
v -0.351442 -0.082205 -2.723246
v -0.308041 -0.082205 -3.163899
v -0.187850 -0.082205 -2.559654
v -0.396577 -0.082205 -2.950155
v -0.252803 -0.082205 -2.603054
v 0.351442 -0.082205 -2.723246
v -0.039060 -0.082205 -2.514518
v 0.187850 -0.082205 -2.559654
v 0.396577 -0.082205 -2.872036
v 0.351442 -0.082205 -3.098945
v 0.308042 -0.082205 -2.658293
v 0.187850 -0.082205 -3.262538
v 0.252803 -0.082205 -3.219137
vn -0.0000 -0.7748 -0.6322
vn -0.0000 0.8361 -0.5486
vn 0.1233 -0.7748 -0.6200
vn 0.1070 0.8361 -0.5381
vn 0.2419 -0.7748 -0.5841
vn 0.2099 0.8361 -0.5069
vn 0.3512 -0.7748 -0.5256
vn 0.3048 0.8361 -0.4562
vn 0.4470 -0.7748 -0.4470
vn 0.3879 0.8361 -0.3879
vn 0.5256 -0.7748 -0.3512
vn 0.4562 0.8361 -0.3048
vn 0.5841 -0.7748 -0.2419
vn 0.5069 0.8361 -0.2099
vn 0.6200 -0.7748 -0.1233
vn 0.5381 0.8361 -0.1070
vn 0.6322 -0.7748 -0.0000
vn 0.5486 0.8361 -0.0000
vn 0.6200 -0.7748 0.1233
vn 0.5381 0.8361 0.1070
vn 0.5841 -0.7748 0.2419
vn 0.5069 0.8361 0.2099
vn 0.5256 -0.7748 0.3512
vn 0.4562 0.8361 0.3048
vn 0.4470 -0.7748 0.4470
vn 0.3879 0.8361 0.3879
vn 0.3512 -0.7748 0.5256
vn 0.3048 0.8361 0.4562
vn 0.2419 -0.7748 0.5841
vn 0.2099 0.8361 0.5069
vn 0.1233 -0.7748 0.6200
vn 0.1070 0.8361 0.5381
vn -0.0000 -0.7748 0.6322
vn -0.0000 0.8361 0.5486
vn -0.1233 -0.7748 0.6200
vn -0.1070 0.8361 0.5381
vn -0.2419 -0.7748 0.5841
vn -0.2099 0.8361 0.5069
vn -0.3512 -0.7748 0.5256
vn -0.3048 0.8361 0.4562
vn -0.4470 -0.7748 0.4470
vn -0.3879 0.8361 0.3879
vn -0.5256 -0.7748 0.3512
vn -0.4562 0.8361 0.3048
vn -0.5841 -0.7748 0.2419
vn -0.5069 0.8361 0.2099
vn -0.6200 -0.7748 0.1233
vn -0.5381 0.8361 0.1070
vn -0.6322 -0.7748 -0.0000
vn -0.5486 0.8361 -0.0000
vn -0.6200 -0.7748 -0.1233
vn -0.5381 0.8361 -0.1070
vn -0.5841 -0.7748 -0.2419
vn -0.5069 0.8361 -0.2099
vn -0.5256 -0.7748 -0.3512
vn -0.4562 0.8361 -0.3048
vn -0.4470 -0.7748 -0.4470
vn -0.3879 0.8361 -0.3879
vn -0.3512 -0.7748 -0.5256
vn -0.3048 0.8361 -0.4562
vn -0.2419 -0.7748 -0.5841
vn -0.2099 0.8361 -0.5069
vn -0.1233 -0.7748 -0.6200
vn -0.1070 0.8361 -0.5381
vn -0.0000 -0.1659 -0.9861
vn 0.1924 -0.1659 -0.9672
vn 0.3774 -0.1659 -0.9111
vn 0.5479 -0.1659 -0.8199
vn 0.6973 -0.1659 -0.6973
vn 0.8199 -0.1659 -0.5479
vn 0.9111 -0.1659 -0.3774
vn 0.9672 -0.1659 -0.1924
vn 0.9861 -0.1659 -0.0000
vn 0.9672 -0.1659 0.1924
vn 0.9111 -0.1659 0.3774
vn 0.8199 -0.1659 0.5479
vn 0.6973 -0.1659 0.6973
vn 0.5479 -0.1659 0.8199
vn 0.3774 -0.1659 0.9111
vn 0.1924 -0.1659 0.9672
vn -0.0000 -0.1659 0.9861
vn -0.1924 -0.1659 0.9672
vn -0.3774 -0.1659 0.9111
vn -0.5479 -0.1659 0.8199
vn -0.6973 -0.1659 0.6973
vn -0.8199 -0.1659 0.5479
vn -0.9111 -0.1659 0.3774
vn -0.9672 -0.1659 0.1924
vn -0.9861 -0.1659 -0.0000
vn -0.9672 -0.1659 -0.1924
vn -0.9111 -0.1659 -0.3774
vn -0.8199 -0.1659 -0.5479
vn -0.6973 -0.1659 -0.6973
vn -0.5479 -0.1659 -0.8199
vn -0.3774 -0.1659 -0.9111
vn -0.1924 -0.1659 -0.9672
vn -0.1124 0.8174 0.5650
vn -0.0000 0.8174 0.5760
vn -0.2204 0.8174 0.5322
vn -0.3200 0.8174 0.4789
vn -0.4073 0.8174 0.4073
vn -0.4789 0.8174 0.3200
vn -0.5322 0.8174 0.2204
vn -0.5650 0.8174 0.1124
vn -0.5760 0.8174 -0.0000
vn -0.5650 0.8174 -0.1124
vn -0.5322 0.8174 -0.2204
vn -0.4789 0.8174 -0.3200
vn -0.4073 0.8174 -0.4073
vn -0.3200 0.8174 -0.4789
vn -0.2204 0.8174 -0.5322
vn -0.1124 0.8174 -0.5650
vn -0.0000 0.8174 -0.5760
vn 0.1124 0.8174 -0.5650
vn 0.2204 0.8174 -0.5322
vn 0.3200 0.8174 -0.4789
vn 0.4073 0.8174 -0.4073
vn 0.4789 0.8174 -0.3200
vn 0.5322 0.8174 -0.2204
vn 0.5650 0.8174 -0.1124
vn 0.5760 0.8174 -0.0000
vn 0.5650 0.8174 0.1124
vn 0.5322 0.8174 0.2204
vn 0.4789 0.8174 0.3200
vn 0.4073 0.8174 0.4073
vn 0.3200 0.8174 0.4789
vn 0.2204 0.8174 0.5322
vn 0.1124 0.8174 0.5650
vn -0.1928 0.1513 0.9695
vn -0.0000 0.1513 0.9885
vn -0.3783 0.1513 0.9132
vn -0.5492 0.1513 0.8219
vn -0.6990 0.1513 0.6990
vn -0.8219 0.1513 0.5492
vn -0.9132 0.1513 0.3783
vn -0.9695 0.1513 0.1928
vn -0.9885 0.1513 -0.0000
vn -0.9695 0.1513 -0.1928
vn -0.9132 0.1513 -0.3783
vn -0.8219 0.1513 -0.5492
vn -0.6990 0.1513 -0.6990
vn -0.5492 0.1513 -0.8219
vn -0.3783 0.1513 -0.9132
vn -0.1928 0.1513 -0.9695
vn -0.0000 0.1513 -0.9885
vn 0.1928 0.1513 -0.9695
vn 0.3783 0.1513 -0.9132
vn 0.5492 0.1513 -0.8219
vn 0.6990 0.1513 -0.6990
vn 0.8219 0.1513 -0.5492
vn 0.9132 0.1513 -0.3783
vn 0.9695 0.1513 -0.1928
vn 0.9885 0.1513 -0.0000
vn 0.9695 0.1513 0.1928
vn 0.9132 0.1513 0.3783
vn 0.8219 0.1513 0.5492
vn 0.6990 0.1513 0.6990
vn 0.5492 0.1513 0.8219
vn 0.3783 0.1513 0.9132
vn 0.1928 0.1513 0.9695
vn -0.1227 0.7773 0.6170
vn -0.0000 0.7773 0.6291
vn -0.2408 0.7773 0.5812
vn -0.3495 0.7773 0.5231
vn -0.4449 0.7773 0.4449
vn -0.5231 0.7773 0.3495
vn -0.5812 0.7773 0.2408
vn -0.6170 0.7773 0.1227
vn -0.6291 0.7773 -0.0000
vn -0.6170 0.7773 -0.1227
vn -0.5812 0.7773 -0.2408
vn -0.5231 0.7773 -0.3495
vn -0.4449 0.7773 -0.4449
vn -0.3495 0.7773 -0.5231
vn -0.2408 0.7773 -0.5812
vn -0.1227 0.7773 -0.6170
vn -0.0000 0.7773 -0.6291
vn 0.1227 0.7773 -0.6170
vn 0.2408 0.7773 -0.5812
vn 0.3495 0.7773 -0.5231
vn 0.4449 0.7773 -0.4449
vn 0.5231 0.7773 -0.3495
vn 0.5812 0.7773 -0.2408
vn 0.6170 0.7773 -0.1227
vn 0.6291 0.7773 -0.0000
vn 0.6170 0.7773 0.1227
vn 0.5812 0.7773 0.2408
vn 0.5231 0.7773 0.3495
vn 0.4449 0.7773 0.4449
vn 0.3495 0.7773 0.5231
vn 0.2408 0.7773 0.5812
vn 0.1227 0.7773 0.6170
vn -0.0000 -0.0031 -1.0000
vn 0.1951 -0.0031 -0.9808
vn 0.3827 -0.0031 -0.9239
vn 0.5556 -0.0031 -0.8315
vn 0.7071 -0.0031 -0.7071
vn 0.8315 -0.0031 -0.5556
vn 0.9239 -0.0031 -0.3827
vn 0.9808 -0.0031 -0.1951
vn 1.0000 -0.0031 -0.0000
vn 0.9808 -0.0031 0.1951
vn 0.9239 -0.0031 0.3827
vn 0.8315 -0.0031 0.5556
vn 0.7071 -0.0031 0.7071
vn 0.5556 -0.0031 0.8315
vn 0.3827 -0.0031 0.9239
vn 0.1951 -0.0031 0.9808
vn -0.0000 -0.0031 1.0000
vn -0.1951 -0.0031 0.9808
vn -0.3827 -0.0031 0.9239
vn -0.5556 -0.0031 0.8315
vn -0.7071 -0.0031 0.7071
vn -0.8315 -0.0031 0.5556
vn -0.9239 -0.0031 0.3827
vn -0.9808 -0.0031 0.1951
vn -1.0000 -0.0031 -0.0000
vn -0.9808 -0.0031 -0.1951
vn -0.9239 -0.0031 -0.3827
vn -0.8315 -0.0031 -0.5556
vn -0.7071 -0.0031 -0.7071
vn -0.5556 -0.0031 -0.8315
vn -0.3827 -0.0031 -0.9239
vn -0.1951 -0.0031 -0.9808
vn 0.1851 -0.3161 -0.9305
vn 0.3631 -0.3161 -0.8765
vn 0.5271 -0.3161 -0.7888
vn 0.6708 -0.3161 -0.6708
vn 0.7888 -0.3161 -0.5271
vn 0.8765 -0.3161 -0.3631
vn 0.9305 -0.3161 -0.1851
vn 0.9487 -0.3161 -0.0000
vn 0.9305 -0.3161 0.1851
vn 0.8765 -0.3161 0.3631
vn 0.7888 -0.3161 0.5271
vn 0.6708 -0.3161 0.6708
vn 0.5271 -0.3161 0.7888
vn 0.3631 -0.3161 0.8765
vn 0.1851 -0.3161 0.9305
vn -0.0000 -0.3161 0.9487
vn -0.1851 -0.3161 0.9305
vn -0.3631 -0.3161 0.8765
vn -0.5271 -0.3161 0.7888
vn -0.6708 -0.3161 0.6708
vn -0.7888 -0.3161 0.5271
vn -0.8765 -0.3161 0.3631
vn -0.9305 -0.3161 0.1851
vn -0.9487 -0.3161 -0.0000
vn -0.9305 -0.3161 -0.1851
vn -0.8765 -0.3161 -0.3631
vn -0.7888 -0.3161 -0.5271
vn -0.6708 -0.3161 -0.6708
vn -0.5271 -0.3161 -0.7888
vn -0.3631 -0.3161 -0.8765
vn -0.1851 -0.3161 -0.9305
vn -0.0000 -0.3161 -0.9487
vn 0.8312 0.0262 0.5554
vn 0.7069 0.0262 0.7069
vn 0.3826 0.0262 0.9236
vn 0.1950 0.0262 0.9804
vn -0.5554 0.0262 0.8312
vn -0.7069 0.0262 0.7069
vn 0.8312 0.0262 -0.5554
vn 0.9236 0.0262 -0.3826
vn -0.7069 0.0262 -0.7069
vn -0.5554 0.0262 -0.8312
vn -0.9236 0.0262 0.3826
vn -0.9804 0.0262 0.1950
vn -0.0000 0.0262 0.9997
vn -0.9997 0.0262 -0.0000
vn 0.9804 0.0262 0.1950
vn 0.9236 0.0262 0.3826
vn -0.0000 0.0262 -0.9997
vn 0.1950 0.0262 -0.9804
vn -0.1950 0.0262 0.9804
vn -0.3826 0.0262 0.9236
vn -0.9236 0.0262 -0.3826
vn -0.8312 0.0262 -0.5554
vn 0.5554 0.0262 0.8312
vn 0.7069 0.0262 -0.7069
vn -0.3826 0.0262 -0.9236
vn -0.1950 0.0262 -0.9804
vn -0.8312 0.0262 0.5554
vn 0.9997 0.0262 -0.0000
vn 0.3826 0.0262 -0.9236
vn 0.5554 0.0262 -0.8312
vn -0.9805 0.0262 -0.1950
vn 0.9804 0.0262 -0.1950
vn 0.5331 0.2813 0.7979
vn 0.3672 0.2813 0.8866
vn -0.7979 0.2813 -0.5331
vn -0.6786 0.2813 -0.6786
vn 0.6786 0.2813 -0.6786
vn 0.7979 0.2813 -0.5331
vn -0.7979 0.2813 0.5331
vn -0.8866 0.2813 0.3672
vn -0.3672 0.2813 -0.8866
vn -0.1872 0.2813 -0.9412
vn 0.9596 0.2813 -0.0000
vn 0.9412 0.2813 0.1872
vn -0.0000 0.2813 -0.9596
vn -0.0000 0.2813 0.9596
vn -0.1872 0.2813 0.9412
vn 0.3672 0.2813 -0.8866
vn 0.5331 0.2813 -0.7979
vn -0.9412 0.2813 -0.1872
vn -0.8866 0.2813 -0.3672
vn 0.6786 0.2813 0.6786
vn 0.8866 0.2813 -0.3672
vn 0.9412 0.2813 -0.1872
vn -0.5331 0.2813 -0.7979
vn -0.6786 0.2813 0.6786
vn 0.1872 0.2813 -0.9412
vn -0.9596 0.2813 -0.0000
vn 0.8866 0.2813 0.3672
vn 0.7979 0.2813 0.5331
vn -0.3672 0.2813 0.8866
vn -0.5331 0.2813 0.7979
vn 0.1872 0.2813 0.9412
vn -0.9412 0.2813 0.1872
vn -0.0018 1.0000 0.0093
vn -0.0000 1.0000 0.0095
vn -0.0036 1.0000 0.0088
vn -0.0053 1.0000 0.0079
vn -0.0067 1.0000 0.0067
vn -0.0079 1.0000 0.0053
vn -0.0088 1.0000 0.0036
vn -0.0093 1.0000 0.0018
vn -0.0095 1.0000 -0.0000
vn -0.0093 1.0000 -0.0018
vn -0.0088 1.0000 -0.0036
vn -0.0079 1.0000 -0.0053
vn -0.0067 1.0000 -0.0067
vn -0.0053 1.0000 -0.0079
vn -0.0036 1.0000 -0.0088
vn -0.0018 1.0000 -0.0093
vn -0.0000 1.0000 -0.0095
vn 0.0018 1.0000 -0.0093
vn 0.0036 1.0000 -0.0088
vn 0.0053 1.0000 -0.0079
vn 0.0067 1.0000 -0.0067
vn 0.0079 1.0000 -0.0053
vn 0.0088 1.0000 -0.0036
vn 0.0093 1.0000 -0.0018
vn 0.0095 1.0000 -0.0000
vn 0.0093 1.0000 0.0018
vn 0.0088 1.0000 0.0036
vn 0.0079 1.0000 0.0053
vn 0.0067 1.0000 0.0067
vn 0.0053 1.0000 0.0079
vn 0.0036 1.0000 0.0088
vn 0.0018 1.0000 0.0093
vn -0.0000 -1.0000 -0.0050
vn 0.0010 -1.0000 -0.0049
vn 0.0019 -1.0000 -0.0046
vn 0.0028 -1.0000 -0.0042
vn 0.0035 -1.0000 -0.0035
vn 0.0042 -1.0000 -0.0028
vn 0.0046 -1.0000 -0.0019
vn 0.0049 -1.0000 -0.0010
vn 0.0050 -1.0000 -0.0000
vn 0.0049 -1.0000 0.0010
vn 0.0046 -1.0000 0.0019
vn 0.0042 -1.0000 0.0028
vn 0.0035 -1.0000 0.0035
vn 0.0028 -1.0000 0.0042
vn 0.0019 -1.0000 0.0046
vn 0.0010 -1.0000 0.0049
vn -0.0000 -1.0000 0.0050
vn -0.0010 -1.0000 0.0049
vn -0.0019 -1.0000 0.0046
vn -0.0028 -1.0000 0.0042
vn -0.0035 -1.0000 0.0035
vn -0.0042 -1.0000 0.0028
vn -0.0046 -1.0000 0.0019
vn -0.0049 -1.0000 0.0010
vn -0.0050 -1.0000 -0.0000
vn -0.0049 -1.0000 -0.0010
vn -0.0046 -1.0000 -0.0019
vn -0.0042 -1.0000 -0.0028
vn -0.0035 -1.0000 -0.0035
vn -0.0028 -1.0000 -0.0042
vn -0.0019 -1.0000 -0.0046
vn -0.0010 -1.0000 -0.0049
vn 0.0620 -0.7746 -0.6294
vn 0.0538 0.8361 -0.5460
vn -0.0000 0.2665 -0.9638
vn 0.1804 -0.3811 -0.9068
vn 0.1836 -0.7746 -0.6052
vn 0.1593 0.8361 -0.5250
vn 0.3538 -0.3811 -0.8542
vn 0.2981 -0.7746 -0.5577
vn 0.2586 0.8361 -0.4838
vn 0.5136 -0.3811 -0.7687
vn 0.4012 -0.7746 -0.4889
vn 0.3480 0.8361 -0.4241
vn 0.6537 -0.3811 -0.6537
vn 0.4889 -0.7746 -0.4012
vn 0.4241 0.8361 -0.3480
vn 0.7687 -0.3811 -0.5136
vn 0.5577 -0.7746 -0.2981
vn 0.4838 0.8361 -0.2586
vn 0.8542 -0.3811 -0.3538
vn 0.6052 -0.7746 -0.1836
vn 0.5250 0.8361 -0.1593
vn 0.9068 -0.3811 -0.1804
vn 0.6294 -0.7746 -0.0620
vn 0.5460 0.8361 -0.0538
vn 0.9245 -0.3811 -0.0000
vn 0.6294 -0.7746 0.0620
vn 0.5460 0.8361 0.0538
vn 0.9068 -0.3811 0.1804
vn 0.6052 -0.7746 0.1836
vn 0.5250 0.8361 0.1593
vn 0.8542 -0.3811 0.3538
vn 0.5577 -0.7746 0.2981
vn 0.4838 0.8361 0.2586
vn 0.7687 -0.3811 0.5136
vn 0.4889 -0.7746 0.4012
vn 0.4241 0.8361 0.3480
vn 0.6537 -0.3811 0.6537
vn 0.4012 -0.7746 0.4889
vn 0.3480 0.8361 0.4241
vn 0.5136 -0.3811 0.7687
vn 0.2981 -0.7746 0.5577
vn 0.2586 0.8361 0.4838
vn 0.3538 -0.3811 0.8542
vn 0.1836 -0.7746 0.6052
vn 0.1592 0.8361 0.5250
vn 0.1804 -0.3811 0.9068
vn 0.0620 -0.7746 0.6294
vn 0.0538 0.8361 0.5460
vn -0.0000 -0.3811 0.9245
vn -0.0620 -0.7746 0.6294
vn -0.0538 0.8361 0.5460
vn -0.1804 -0.3811 0.9068
vn -0.1836 -0.7746 0.6052
vn -0.1593 0.8361 0.5250
vn -0.3538 -0.3811 0.8542
vn -0.2981 -0.7746 0.5577
vn -0.2586 0.8361 0.4838
vn -0.5136 -0.3811 0.7687
vn -0.4012 -0.7746 0.4889
vn -0.3480 0.8361 0.4241
vn -0.6537 -0.3811 0.6537
vn -0.4889 -0.7746 0.4012
vn -0.4241 0.8361 0.3480
vn -0.7687 -0.3811 0.5136
vn -0.5577 -0.7746 0.2981
vn -0.4838 0.8361 0.2586
vn -0.8542 -0.3811 0.3538
vn -0.6052 -0.7746 0.1836
vn -0.5250 0.8361 0.1592
vn -0.9068 -0.3811 0.1804
vn -0.6294 -0.7746 0.0620
vn -0.5460 0.8361 0.0538
vn -0.9245 -0.3811 -0.0000
vn -0.6294 -0.7746 -0.0620
vn -0.5460 0.8361 -0.0538
vn -0.9068 -0.3811 -0.1804
vn -0.6052 -0.7746 -0.1836
vn -0.5250 0.8361 -0.1593
vn -0.8542 -0.3811 -0.3538
vn -0.5577 -0.7746 -0.2981
vn -0.4838 0.8361 -0.2586
vn -0.7687 -0.3811 -0.5136
vn -0.4889 -0.7746 -0.4012
vn -0.4241 0.8361 -0.3480
vn -0.6537 -0.3811 -0.6537
vn -0.4012 -0.7746 -0.4889
vn -0.3480 0.8361 -0.4241
vn -0.5136 -0.3811 -0.7687
vn -0.2981 -0.7746 -0.5577
vn -0.2586 0.8361 -0.4838
vn -0.3538 -0.3811 -0.8542
vn -0.1836 -0.7746 -0.6052
vn -0.1592 0.8361 -0.5250
vn -0.1804 -0.3811 -0.9068
vn -0.0620 -0.7746 -0.6294
vn -0.0538 0.8361 -0.5460
vn -0.0000 -0.2676 -0.9635
vn 0.1947 -0.0614 -0.9789
vn 0.3820 -0.0614 -0.9221
vn 0.5545 -0.0614 -0.8299
vn 0.7058 -0.0614 -0.7058
vn 0.8299 -0.0614 -0.5545
vn 0.9221 -0.0614 -0.3820
vn 0.9789 -0.0614 -0.1947
vn 0.9981 -0.0614 -0.0000
vn 0.9789 -0.0614 0.1947
vn 0.9221 -0.0614 0.3820
vn 0.8299 -0.0614 0.5545
vn 0.7058 -0.0614 0.7058
vn 0.5545 -0.0614 0.8299
vn 0.3820 -0.0614 0.9221
vn 0.1947 -0.0614 0.9789
vn -0.0000 -0.0614 0.9981
vn -0.1947 -0.0614 0.9789
vn -0.3820 -0.0614 0.9221
vn -0.5545 -0.0614 0.8299
vn -0.7058 -0.0614 0.7058
vn -0.8299 -0.0614 0.5545
vn -0.9221 -0.0614 0.3820
vn -0.9789 -0.0614 0.1947
vn -0.9981 -0.0614 -0.0000
vn -0.9789 -0.0614 -0.1947
vn -0.9221 -0.0614 -0.3820
vn -0.8299 -0.0614 -0.5545
vn -0.7058 -0.0614 -0.7058
vn -0.5545 -0.0614 -0.8299
vn -0.3820 -0.0614 -0.9221
vn -0.1947 -0.0614 -0.9789
vn -0.2863 -0.1659 -0.9437
vn -0.0967 -0.1659 -0.9814
vn -0.4649 -0.1659 -0.8697
vn -0.6256 -0.1659 -0.7623
vn -0.7623 -0.1659 -0.6256
vn -0.8697 -0.1659 -0.4649
vn -0.9437 -0.1659 -0.2863
vn -0.9814 -0.1659 -0.0967
vn -0.9814 -0.1659 0.0967
vn -0.9437 -0.1659 0.2863
vn -0.8697 -0.1659 0.4649
vn -0.7623 -0.1659 0.6256
vn -0.6256 -0.1659 0.7623
vn -0.4649 -0.1659 0.8697
vn -0.2863 -0.1659 0.9437
vn -0.0967 -0.1659 0.9814
vn 0.0967 -0.1659 0.9814
vn 0.2863 -0.1659 0.9437
vn 0.4649 -0.1659 0.8697
vn 0.6256 -0.1659 0.7623
vn 0.7623 -0.1659 0.6256
vn 0.8697 -0.1659 0.4649
vn 0.9437 -0.1659 0.2863
vn 0.9814 -0.1659 0.0967
vn 0.9814 -0.1659 -0.0967
vn 0.9437 -0.1659 -0.2863
vn 0.8697 -0.1659 -0.4649
vn 0.7623 -0.1659 -0.6256
vn 0.6256 -0.1659 -0.7623
vn 0.4649 -0.1659 -0.8697
vn 0.2863 -0.1659 -0.9437
vn 0.0967 -0.1659 -0.9814
vn -0.0565 0.8174 0.5733
vn -0.1672 0.8174 0.5512
vn -0.2715 0.8174 0.5080
vn -0.3654 0.8174 0.4453
vn -0.4453 0.8174 0.3654
vn -0.5080 0.8174 0.2715
vn -0.5512 0.8174 0.1672
vn -0.5733 0.8174 0.0565
vn -0.5733 0.8174 -0.0565
vn -0.5512 0.8174 -0.1672
vn -0.5080 0.8174 -0.2715
vn -0.4453 0.8174 -0.3654
vn -0.3654 0.8174 -0.4453
vn -0.2715 0.8174 -0.5080
vn -0.1672 0.8174 -0.5512
vn -0.0565 0.8174 -0.5733
vn 0.0565 0.8174 -0.5733
vn 0.1672 0.8174 -0.5512
vn 0.2715 0.8174 -0.5080
vn 0.3654 0.8174 -0.4453
vn 0.4453 0.8174 -0.3654
vn 0.5080 0.8174 -0.2715
vn 0.5512 0.8174 -0.1672
vn 0.5733 0.8174 -0.0565
vn 0.5733 0.8174 0.0565
vn 0.5512 0.8174 0.1672
vn 0.5080 0.8174 0.2715
vn 0.4453 0.8174 0.3654
vn 0.3654 0.8174 0.4453
vn 0.2715 0.8174 0.5080
vn 0.1672 0.8174 0.5512
vn 0.0565 0.8174 0.5733
vn 0.0059 0.9995 0.0298
vn -0.0000 0.9995 0.0304
vn 0.0169 0.9995 0.0253
vn 0.0116 0.9995 0.0281
vn 0.0298 0.9995 -0.0059
vn 0.0304 0.9995 -0.0000
vn 0.0281 0.9995 0.0116
vn 0.0253 0.9995 0.0169
vn 0.0253 0.9995 -0.0169
vn 0.0281 0.9995 -0.0116
vn 0.0116 0.9995 -0.0281
vn 0.0169 0.9995 -0.0253
vn 0.0298 0.9995 0.0059
vn -0.0059 0.9995 -0.0298
vn -0.0000 0.9995 -0.0304
vn -0.0169 0.9995 -0.0253
vn -0.0116 0.9995 -0.0281
vn -0.0281 0.9995 -0.0116
vn -0.0253 0.9995 -0.0169
vn 0.0059 0.9995 -0.0298
vn -0.0298 0.9995 0.0059
vn -0.0304 0.9995 -0.0000
vn -0.0116 0.9995 0.0281
vn -0.0169 0.9995 0.0253
vn -0.0298 0.9995 -0.0059
vn -0.0253 0.9995 0.0169
vn -0.0281 0.9995 0.0116
vn -0.0059 0.9995 0.0298
vn 0.0215 0.9995 0.0215
vn 0.0215 0.9995 -0.0215
vn -0.0215 0.9995 -0.0215
vn -0.0215 0.9995 0.0215
vn -0.0969 0.1513 0.9837
vn -0.2869 0.1513 0.9459
vn -0.4660 0.1513 0.8718
vn -0.6271 0.1513 0.7641
vn -0.7641 0.1513 0.6271
vn -0.8718 0.1513 0.4660
vn -0.9459 0.1513 0.2869
vn -0.9837 0.1513 0.0969
vn -0.9837 0.1513 -0.0969
vn -0.9459 0.1513 -0.2869
vn -0.8718 0.1513 -0.4660
vn -0.7641 0.1513 -0.6271
vn -0.6271 0.1513 -0.7641
vn -0.4660 0.1513 -0.8718
vn -0.2869 0.1513 -0.9459
vn -0.0969 0.1513 -0.9837
vn 0.0969 0.1513 -0.9837
vn 0.2869 0.1513 -0.9459
vn 0.4660 0.1513 -0.8718
vn 0.6271 0.1513 -0.7641
vn 0.7641 0.1513 -0.6271
vn 0.8718 0.1513 -0.4660
vn 0.9459 0.1513 -0.2869
vn 0.9837 0.1513 -0.0969
vn 0.9837 0.1513 0.0969
vn 0.9459 0.1513 0.2869
vn 0.8718 0.1513 0.4660
vn 0.7641 0.1513 0.6271
vn 0.6271 0.1513 0.7641
vn 0.4660 0.1513 0.8718
vn 0.2869 0.1513 0.9459
vn 0.0969 0.1513 0.9837
vn 0.8299 0.0619 0.5545
vn 0.6839 0.2539 0.6839
vn 0.3819 0.0619 0.9221
vn 0.1887 0.2539 0.9486
vn -0.5545 0.0619 0.8299
vn -0.6839 0.2539 0.6839
vn 0.8299 0.0619 -0.5545
vn 0.8936 0.2539 -0.3701
vn -0.7058 0.0619 -0.7058
vn -0.5374 0.2539 -0.8042
vn -0.9221 0.0619 0.3820
vn -0.9486 0.2539 0.1887
vn -0.0000 0.2539 0.9672
vn -0.9672 0.2539 -0.0000
vn 0.9789 0.0619 0.1947
vn 0.8936 0.2539 0.3701
vn -0.0000 0.0619 -0.9981
vn 0.1887 0.2539 -0.9486
vn -0.1947 0.0619 0.9789
vn -0.3701 0.2539 0.8936
vn -0.9221 0.0619 -0.3820
vn -0.8042 0.2539 -0.5374
vn 0.5545 0.0619 0.8299
vn 0.7058 0.0619 -0.7058
vn -0.3820 0.0619 -0.9221
vn -0.1887 0.2539 -0.9486
vn -0.8299 0.0619 0.5545
vn 0.9981 0.0619 -0.0000
vn 0.3820 0.0619 -0.9221
vn 0.5374 0.2539 -0.8042
vn -0.9789 0.0619 -0.1947
vn 0.9486 0.2539 -0.1887
vn -0.0617 0.7771 0.6264
vn -0.1827 0.7771 0.6023
vn -0.2967 0.7771 0.5551
vn -0.3993 0.7771 0.4865
vn -0.4865 0.7771 0.3993
vn -0.5551 0.7771 0.2967
vn -0.6023 0.7771 0.1827
vn -0.6264 0.7771 0.0617
vn -0.6264 0.7771 -0.0617
vn -0.6023 0.7771 -0.1827
vn -0.5551 0.7771 -0.2967
vn -0.4865 0.7771 -0.3993
vn -0.3993 0.7771 -0.4865
vn -0.2967 0.7771 -0.5551
vn -0.1827 0.7771 -0.6023
vn -0.0617 0.7771 -0.6264
vn 0.0617 0.7771 -0.6264
vn 0.1827 0.7771 -0.6023
vn 0.2967 0.7771 -0.5551
vn 0.3993 0.7771 -0.4865
vn 0.4865 0.7771 -0.3993
vn 0.5551 0.7771 -0.2967
vn 0.6023 0.7771 -0.1827
vn 0.6264 0.7771 -0.0617
vn 0.6264 0.7771 0.0617
vn 0.6023 0.7771 0.1827
vn 0.5551 0.7771 0.2967
vn 0.4865 0.7771 0.3993
vn 0.3993 0.7771 0.4865
vn 0.2967 0.7771 0.5551
vn 0.1827 0.7771 0.6023
vn 0.0617 0.7771 0.6264
vn 0.5123 0.3870 0.7667
vn 0.3717 0.2376 0.8974
vn -0.7667 0.3870 -0.5123
vn -0.6869 0.2376 -0.6869
vn 0.6520 0.3870 -0.6520
vn 0.8077 0.2376 -0.5397
vn -0.7667 0.3870 0.5123
vn -0.8974 0.2376 0.3717
vn -0.3529 0.3870 -0.8519
vn -0.1895 0.2376 -0.9527
vn 0.9221 0.3870 -0.0000
vn 0.9527 0.2376 0.1895
vn -0.0000 0.2376 -0.9714
vn -0.0000 0.3870 0.9221
vn -0.1895 0.2376 0.9527
vn 0.3529 0.3870 -0.8519
vn 0.5397 0.2376 -0.8077
vn -0.9044 0.3870 -0.1799
vn -0.8974 0.2376 -0.3717
vn 0.6520 0.3870 0.6520
vn 0.8519 0.3870 -0.3529
vn 0.9527 0.2376 -0.1895
vn -0.5123 0.3870 -0.7667
vn -0.6520 0.3870 0.6520
vn 0.1799 0.3870 -0.9044
vn -0.9221 0.3870 -0.0000
vn 0.8519 0.3870 0.3529
vn 0.8077 0.2376 0.5397
vn -0.3529 0.3870 0.8519
vn -0.5397 0.2376 0.8077
vn 0.1895 0.2376 0.9527
vn -0.9527 0.2376 0.1895
vn -0.0000 -0.0614 -0.9981
vn 0.1880 0.2665 -0.9453
vn 0.3688 0.2665 -0.8905
vn 0.5355 0.2665 -0.8014
vn 0.6815 0.2665 -0.6815
vn 0.8014 0.2665 -0.5355
vn 0.8905 0.2665 -0.3688
vn 0.9453 0.2665 -0.1880
vn 0.9638 0.2665 -0.0000
vn 0.9453 0.2665 0.1880
vn 0.8905 0.2665 0.3688
vn 0.8014 0.2665 0.5355
vn 0.6815 0.2665 0.6815
vn 0.5355 0.2665 0.8014
vn 0.3688 0.2665 0.8905
vn 0.1880 0.2665 0.9453
vn -0.0000 0.2665 0.9638
vn -0.1880 0.2665 0.9453
vn -0.3688 0.2665 0.8905
vn -0.5355 0.2665 0.8014
vn -0.6815 0.2665 0.6815
vn -0.8014 0.2665 0.5355
vn -0.8905 0.2665 0.3688
vn -0.9453 0.2665 0.1880
vn -0.9638 0.2665 -0.0000
vn -0.9453 0.2665 -0.1880
vn -0.8905 0.2665 -0.3688
vn -0.8014 0.2665 -0.5355
vn -0.6815 0.2665 -0.6815
vn -0.5355 0.2665 -0.8014
vn -0.3688 0.2665 -0.8905
vn -0.1880 0.2665 -0.9453
vn -0.2903 -0.0031 -0.9569
vn -0.0980 -0.0031 -0.9952
vn -0.4714 -0.0031 -0.8819
vn -0.6344 -0.0031 -0.7730
vn -0.7730 -0.0031 -0.6344
vn -0.8819 -0.0031 -0.4714
vn -0.9569 -0.0031 -0.2903
vn -0.9952 -0.0031 -0.0980
vn -0.9952 -0.0031 0.0980
vn -0.9569 -0.0031 0.2903
vn -0.8819 -0.0031 0.4714
vn -0.7730 -0.0031 0.6344
vn -0.6344 -0.0031 0.7730
vn -0.4714 -0.0031 0.8819
vn -0.2903 -0.0031 0.9569
vn -0.0980 -0.0031 0.9952
vn 0.0980 -0.0031 0.9952
vn 0.2903 -0.0031 0.9569
vn 0.4714 -0.0031 0.8819
vn 0.6344 -0.0031 0.7730
vn 0.7730 -0.0031 0.6344
vn 0.8819 -0.0031 0.4714
vn 0.9569 -0.0031 0.2903
vn 0.9952 -0.0031 0.0980
vn 0.9952 -0.0031 -0.0980
vn 0.9569 -0.0031 -0.2903
vn 0.8819 -0.0031 -0.4714
vn 0.7730 -0.0031 -0.6344
vn 0.6344 -0.0031 -0.7730
vn 0.4714 -0.0031 -0.8819
vn 0.2903 -0.0031 -0.9569
vn 0.0980 -0.0031 -0.9952
vn 0.1880 -0.2676 -0.9450
vn 0.3687 -0.2676 -0.8902
vn 0.5353 -0.2676 -0.8012
vn 0.6813 -0.2676 -0.6813
vn 0.8012 -0.2676 -0.5353
vn 0.8902 -0.2676 -0.3687
vn 0.9450 -0.2676 -0.1880
vn 0.9635 -0.2676 -0.0000
vn 0.9450 -0.2676 0.1880
vn 0.8902 -0.2676 0.3687
vn 0.8012 -0.2676 0.5353
vn 0.6813 -0.2676 0.6813
vn 0.5353 -0.2676 0.8012
vn 0.3687 -0.2676 0.8902
vn 0.1880 -0.2676 0.9450
vn -0.0000 -0.2676 0.9635
vn -0.1880 -0.2676 0.9450
vn -0.3687 -0.2676 0.8902
vn -0.5353 -0.2676 0.8012
vn -0.6813 -0.2676 0.6813
vn -0.8012 -0.2676 0.5353
vn -0.8902 -0.2676 0.3687
vn -0.9450 -0.2676 0.1880
vn -0.9635 -0.2676 -0.0000
vn -0.9450 -0.2676 -0.1880
vn -0.8902 -0.2676 -0.3687
vn -0.8012 -0.2676 -0.5353
vn -0.6813 -0.2676 -0.6813
vn -0.5353 -0.2676 -0.8012
vn -0.3687 -0.2676 -0.8902
vn -0.1880 -0.2676 -0.9450
vn -0.0000 -0.3811 -0.9245
vn 0.0930 -0.3161 -0.9441
vn 0.2754 -0.3161 -0.9079
vn 0.4472 -0.3161 -0.8367
vn 0.6019 -0.3161 -0.7334
vn 0.7334 -0.3161 -0.6019
vn 0.8367 -0.3161 -0.4472
vn 0.9079 -0.3161 -0.2754
vn 0.9441 -0.3161 -0.0930
vn 0.9441 -0.3161 0.0930
vn 0.9079 -0.3161 0.2754
vn 0.8367 -0.3161 0.4472
vn 0.7334 -0.3161 0.6019
vn 0.6019 -0.3161 0.7334
vn 0.4472 -0.3161 0.8367
vn 0.2754 -0.3161 0.9079
vn 0.0930 -0.3161 0.9441
vn -0.0930 -0.3161 0.9441
vn -0.2754 -0.3161 0.9079
vn -0.4472 -0.3161 0.8367
vn -0.6019 -0.3161 0.7334
vn -0.7334 -0.3161 0.6019
vn -0.8367 -0.3161 0.4472
vn -0.9079 -0.3161 0.2754
vn -0.9441 -0.3161 0.0930
vn -0.9441 -0.3161 -0.0930
vn -0.9079 -0.3161 -0.2754
vn -0.8367 -0.3161 -0.4472
vn -0.7334 -0.3161 -0.6019
vn -0.6019 -0.3161 -0.7334
vn -0.4472 -0.3161 -0.8367
vn -0.0930 -0.3161 -0.9441
vn -0.2754 -0.3161 -0.9079
vn 0.8042 0.2539 0.5374
vn 0.7058 0.0619 0.7058
vn 0.3701 0.2539 0.8936
vn 0.1947 0.0619 0.9789
vn -0.5374 0.2539 0.8042
vn -0.7058 0.0619 0.7058
vn 0.8042 0.2539 -0.5374
vn 0.9221 0.0619 -0.3819
vn -0.6839 0.2539 -0.6839
vn -0.5545 0.0619 -0.8299
vn -0.8936 0.2539 0.3701
vn -0.9789 0.0619 0.1947
vn -0.0000 0.0619 0.9981
vn -0.9981 0.0619 -0.0000
vn 0.9486 0.2539 0.1887
vn 0.9221 0.0619 0.3820
vn -0.0000 0.2539 -0.9672
vn 0.1947 0.0619 -0.9789
vn -0.1887 0.2539 0.9486
vn -0.3820 0.0619 0.9221
vn -0.8936 0.2539 -0.3701
vn -0.8299 0.0619 -0.5545
vn 0.5374 0.2539 0.8042
vn 0.6839 0.2539 -0.6839
vn -0.3701 0.2539 -0.8936
vn -0.1947 0.0619 -0.9789
vn -0.8042 0.2539 0.5374
vn 0.9672 0.2539 -0.0000
vn 0.3701 0.2539 -0.8936
vn 0.5545 0.0619 -0.8299
vn -0.9486 0.2539 -0.1887
vn 0.9789 0.0619 -0.1947
vn -0.4712 0.0262 0.8816
vn 0.2902 0.0262 -0.9566
vn 0.8816 0.0262 0.4712
vn -0.9948 0.0262 -0.0980
vn 0.9948 0.0262 -0.0980
vn 0.9566 0.0262 -0.2902
vn -0.7727 0.0262 0.6342
vn -0.4712 0.0262 -0.8816
vn 0.6342 0.0262 -0.7727
vn 0.6342 0.0262 0.7727
vn -0.0980 0.0262 0.9948
vn -0.9566 0.0262 -0.2902
vn 0.4712 0.0262 -0.8816
vn -0.0980 0.0262 -0.9948
vn 0.9948 0.0262 0.0980
vn -0.8816 0.0262 0.4712
vn -0.2902 0.0262 -0.9566
vn -0.7727 0.0262 -0.6342
vn 0.7727 0.0262 -0.6342
vn 0.4712 0.0262 0.8816
vn -0.8816 0.0262 -0.4712
vn -0.2902 0.0262 0.9566
vn 0.0980 0.0262 -0.9948
vn 0.9566 0.0262 0.2902
vn -0.9948 0.0262 0.0980
vn 0.0980 0.0262 0.9948
vn -0.9566 0.0262 0.2902
vn -0.6342 0.0262 -0.7727
vn 0.8816 0.0262 -0.4712
vn -0.6342 0.0262 0.7727
vn 0.2902 0.0262 0.9566
vn 0.7727 0.0262 0.6342
vn 0.5397 0.2376 0.8077
vn 0.3529 0.3870 0.8519
vn -0.8077 0.2376 -0.5397
vn -0.6520 0.3870 -0.6520
vn 0.6869 0.2376 -0.6869
vn 0.7667 0.3870 -0.5123
vn -0.8077 0.2376 0.5397
vn -0.8519 0.3870 0.3529
vn -0.3717 0.2376 -0.8974
vn -0.1799 0.3870 -0.9044
vn 0.9714 0.2376 -0.0000
vn 0.9044 0.3870 0.1799
vn -0.0000 0.3870 -0.9221
vn -0.0000 0.2376 0.9714
vn -0.1799 0.3870 0.9044
vn 0.3717 0.2376 -0.8974
vn 0.5123 0.3870 -0.7667
vn -0.9527 0.2376 -0.1895
vn -0.8519 0.3870 -0.3529
vn 0.6869 0.2376 0.6869
vn 0.8974 0.2376 -0.3717
vn 0.9044 0.3870 -0.1799
vn -0.5397 0.2376 -0.8077
vn -0.6869 0.2376 0.6869
vn 0.1895 0.2376 -0.9527
vn -0.9714 0.2376 -0.0000
vn 0.8974 0.2376 0.3717
vn 0.7667 0.3870 0.5123
vn -0.3717 0.2376 0.8974
vn -0.5123 0.3870 0.7667
vn 0.1799 0.3870 0.9044
vn -0.9044 0.3870 0.1799
vn -0.8463 0.2813 -0.4524
vn -0.2786 0.2813 0.9183
vn 0.0941 0.2813 -0.9550
vn 0.9183 0.2813 0.2786
vn -0.9550 0.2813 0.0941
vn 0.0941 0.2813 0.9550
vn -0.9183 0.2813 0.2786
vn 0.8463 0.2813 -0.4524
vn -0.6088 0.2813 0.7418
vn -0.6088 0.2813 -0.7418
vn 0.2786 0.2813 0.9183
vn 0.7418 0.2813 0.6088
vn -0.4524 0.2813 0.8463
vn 0.8463 0.2813 0.4524
vn -0.9550 0.2813 -0.0941
vn 0.2786 0.2813 -0.9183
vn 0.9550 0.2813 -0.0941
vn -0.7418 0.2813 0.6088
vn -0.4524 0.2813 -0.8463
vn 0.9183 0.2813 -0.2786
vn 0.6088 0.2813 -0.7418
vn 0.6088 0.2813 0.7418
vn -0.9183 0.2813 -0.2786
vn 0.4524 0.2813 -0.8463
vn -0.0941 0.2813 0.9550
vn -0.0941 0.2813 -0.9550
vn 0.9550 0.2813 0.0941
vn -0.2786 0.2813 -0.9183
vn -0.8463 0.2813 0.4524
vn 0.7418 0.2813 -0.6088
vn -0.7418 0.2813 -0.6088
vn 0.4524 0.2813 0.8463
vn -0.0003 1.0000 0.0028
vn -0.0008 1.0000 0.0027
vn -0.0013 1.0000 0.0025
vn -0.0018 1.0000 0.0022
vn -0.0022 1.0000 0.0018
vn -0.0025 1.0000 0.0013
vn -0.0027 1.0000 0.0008
vn -0.0028 1.0000 0.0003
vn -0.0028 1.0000 -0.0003
vn -0.0027 1.0000 -0.0008
vn -0.0025 1.0000 -0.0013
vn -0.0022 1.0000 -0.0018
vn -0.0018 1.0000 -0.0022
vn -0.0013 1.0000 -0.0025
vn -0.0008 1.0000 -0.0027
vn -0.0003 1.0000 -0.0028
vn 0.0003 1.0000 -0.0028
vn 0.0008 1.0000 -0.0027
vn 0.0013 1.0000 -0.0025
vn 0.0018 1.0000 -0.0022
vn 0.0022 1.0000 -0.0018
vn 0.0025 1.0000 -0.0013
vn 0.0027 1.0000 -0.0008
vn 0.0028 1.0000 -0.0003
vn 0.0028 1.0000 0.0003
vn 0.0027 1.0000 0.0008
vn 0.0025 1.0000 0.0013
vn 0.0022 1.0000 0.0018
vn 0.0018 1.0000 0.0022
vn 0.0013 1.0000 0.0025
vn 0.0008 1.0000 0.0027
vn 0.0003 1.0000 0.0028
vn 0.0940 0.9911 0.0940
vn 0.0739 0.9911 0.1106
vn 0.0739 0.9911 -0.1106
vn 0.0940 0.9911 -0.0940
vn -0.0940 0.9911 0.0940
vn -0.1106 0.9911 0.0739
vn 0.1229 0.9911 -0.0509
vn 0.1304 0.9911 -0.0259
vn -0.0739 0.9911 -0.1106
vn -0.0509 0.9911 -0.1229
vn 0.1330 0.9911 -0.0000
vn 0.1229 0.9911 0.0509
vn 0.1106 0.9911 0.0739
vn 0.0259 0.9911 -0.1304
vn 0.0509 0.9911 -0.1229
vn -0.1330 0.9911 -0.0000
vn -0.1304 0.9911 -0.0259
vn -0.0509 0.9911 0.1229
vn -0.0739 0.9911 0.1106
vn 0.0509 0.9911 0.1229
vn 0.0259 0.9911 0.1304
vn 0.1106 0.9911 -0.0739
vn -0.0940 0.9911 -0.0940
vn -0.1229 0.9911 0.0509
vn -0.1304 0.9911 0.0259
vn -0.0000 0.9911 0.1330
vn -0.0000 0.9911 -0.1330
vn 0.1304 0.9911 0.0259
vn -0.1229 0.9911 -0.0509
vn -0.1106 0.9911 -0.0739
vn -0.0259 0.9911 0.1304
vn -0.0259 0.9911 -0.1304
vn 0.0001 -1.0000 -0.0015
vn 0.0004 -1.0000 -0.0015
vn 0.0007 -1.0000 -0.0014
vn 0.0010 -1.0000 -0.0012
vn 0.0012 -1.0000 -0.0010
vn 0.0014 -1.0000 -0.0007
vn 0.0015 -1.0000 -0.0004
vn 0.0015 -1.0000 -0.0002
vn 0.0015 -1.0000 0.0002
vn 0.0015 -1.0000 0.0004
vn 0.0014 -1.0000 0.0007
vn 0.0012 -1.0000 0.0010
vn 0.0010 -1.0000 0.0012
vn 0.0007 -1.0000 0.0014
vn 0.0004 -1.0000 0.0015
vn 0.0002 -1.0000 0.0015
vn -0.0002 -1.0000 0.0015
vn -0.0004 -1.0000 0.0015
vn -0.0007 -1.0000 0.0014
vn -0.0010 -1.0000 0.0012
vn -0.0012 -1.0000 0.0010
vn -0.0014 -1.0000 0.0007
vn -0.0015 -1.0000 0.0004
vn -0.0015 -1.0000 0.0001
vn -0.0015 -1.0000 -0.0002
vn -0.0015 -1.0000 -0.0004
vn -0.0014 -1.0000 -0.0007
vn -0.0012 -1.0000 -0.0010
vn -0.0010 -1.0000 -0.0012
vn -0.0007 -1.0000 -0.0014
vn -0.0004 -1.0000 -0.0015
vn -0.0002 -1.0000 -0.0015
vn 0.0197 -0.9949 -0.0992
vn -0.0000 -0.9949 -0.1011
vn -0.0197 -0.9949 -0.0992
vn -0.0387 -0.9949 -0.0934
vn -0.0562 -0.9949 -0.0841
vn -0.0715 -0.9949 -0.0715
vn -0.0934 -0.9949 -0.0387
vn -0.0992 -0.9949 -0.0197
vn -0.0992 -0.9949 0.0197
vn -0.0934 -0.9949 0.0387
vn -0.1011 -0.9949 -0.0000
vn 0.0197 -0.9949 0.0992
vn 0.0387 -0.9949 0.0934
vn -0.0841 -0.9949 0.0562
vn -0.0715 -0.9949 0.0715
vn -0.0387 -0.9949 0.0934
vn -0.0197 -0.9949 0.0992
vn 0.0992 -0.9949 -0.0197
vn 0.0934 -0.9949 -0.0387
vn 0.0562 -0.9949 0.0841
vn 0.0715 -0.9949 0.0715
vn 0.0934 -0.9949 0.0387
vn 0.0992 -0.9949 0.0197
vn -0.0000 -0.9949 0.1011
vn 0.0841 -0.9949 -0.0562
vn 0.0715 -0.9949 -0.0715
vn 0.0387 -0.9949 -0.0934
vn 0.1011 -0.9949 -0.0000
vn -0.0841 -0.9949 -0.0562
vn -0.0562 -0.9949 0.0841
vn 0.0841 -0.9949 0.0562
vn 0.0562 -0.9949 -0.0841
vn 0.0945 0.2665 -0.9592
vn 0.2798 0.2665 -0.9223
vn 0.4543 0.2665 -0.8500
vn 0.6114 0.2665 -0.7451
vn 0.7451 0.2665 -0.6114
vn 0.8500 0.2665 -0.4543
vn 0.9223 0.2665 -0.2798
vn 0.9592 0.2665 -0.0945
vn 0.9592 0.2665 0.0945
vn 0.9223 0.2665 0.2798
vn 0.8500 0.2665 0.4543
vn 0.7450 0.2665 0.6114
vn 0.6114 0.2665 0.7450
vn 0.4543 0.2665 0.8500
vn 0.2798 0.2665 0.9223
vn 0.0945 0.2665 0.9592
vn -0.0945 0.2665 0.9592
vn -0.2798 0.2665 0.9223
vn -0.4543 0.2665 0.8500
vn -0.6114 0.2665 0.7450
vn -0.7451 0.2665 0.6114
vn -0.8500 0.2665 0.4543
vn -0.9223 0.2665 0.2798
vn -0.9592 0.2665 0.0945
vn -0.9592 0.2665 -0.0945
vn -0.9223 0.2665 -0.2798
vn -0.8500 0.2665 -0.4543
vn -0.7450 0.2665 -0.6114
vn -0.6114 0.2665 -0.7451
vn -0.4543 0.2665 -0.8500
vn 0.0030 0.9995 0.0303
vn -0.0945 0.2665 -0.9592
vn -0.2798 0.2665 -0.9223
vn 0.0091 -0.9957 -0.0923
vn -0.2797 -0.2676 -0.9221
vn -0.0944 -0.2676 -0.9589
vn -0.4542 -0.2676 -0.8498
vn -0.6113 -0.2676 -0.7448
vn -0.7448 -0.2676 -0.6113
vn -0.8498 -0.2676 -0.4542
vn -0.9221 -0.2676 -0.2797
vn -0.9589 -0.2676 -0.0944
vn -0.9589 -0.2676 0.0944
vn -0.9221 -0.2676 0.2797
vn -0.8498 -0.2676 0.4542
vn -0.7448 -0.2676 0.6113
vn -0.6113 -0.2676 0.7448
vn -0.4542 -0.2676 0.8498
vn -0.2797 -0.2676 0.9221
vn -0.0944 -0.2676 0.9589
vn 0.0944 -0.2676 0.9589
vn 0.2797 -0.2676 0.9221
vn 0.4542 -0.2676 0.8498
vn 0.6113 -0.2676 0.7448
vn 0.7448 -0.2676 0.6113
vn 0.8498 -0.2676 0.4542
vn 0.9221 -0.2676 0.2797
vn 0.9589 -0.2676 0.0944
vn 0.9589 -0.2676 -0.0944
vn 0.9221 -0.2676 -0.2797
vn 0.8498 -0.2676 -0.4542
vn 0.7448 -0.2676 -0.6113
vn 0.6113 -0.2676 -0.7448
vn 0.4542 -0.2676 -0.8498
vn 0.2797 -0.2676 -0.9221
vn 0.0944 -0.2676 -0.9589
vn 0.7715 0.0619 0.6332
vn 0.0143 0.9995 0.0268
vn 0.0303 0.9995 -0.0030
vn 0.0268 0.9995 0.0143
vn 0.0268 0.9995 -0.0143
vn 0.0143 0.9995 -0.0268
vn 0.0303 0.9995 0.0030
vn -0.0030 0.9995 -0.0303
vn -0.0143 0.9995 -0.0268
vn -0.0268 0.9995 -0.0143
vn 0.0030 0.9995 -0.0303
vn -0.0303 0.9995 0.0030
vn -0.0143 0.9995 0.0268
vn -0.0303 0.9995 -0.0030
vn -0.0268 0.9995 0.0143
vn -0.0030 0.9995 0.0303
vn 0.0088 0.9995 0.0291
vn 0.0235 0.9995 0.0193
vn 0.0193 0.9995 0.0235
vn 0.0193 0.9995 -0.0235
vn 0.0291 0.9995 0.0088
vn 0.0291 0.9995 -0.0088
vn 0.0088 0.9995 -0.0291
vn -0.0088 0.9995 -0.0291
vn 0.0235 0.9995 -0.0193
vn -0.0235 0.9995 -0.0193
vn -0.0291 0.9995 0.0088
vn -0.0193 0.9995 -0.0235
vn -0.0193 0.9995 0.0235
vn -0.0291 0.9995 -0.0088
vn -0.0235 0.9995 0.0193
vn -0.0088 0.9995 0.0291
vn 0.4347 0.3870 0.8132
vn 0.2897 0.0619 0.9551
vn -0.6332 0.0619 0.7715
vn 0.8802 0.0619 -0.4705
vn -0.6332 0.0619 -0.7715
vn -0.9551 0.0619 0.2897
vn 0.0978 0.0619 0.9933
vn -0.9933 0.0619 0.0978
vn 0.9551 0.0619 0.2897
vn 0.0978 0.0619 -0.9933
vn -0.2897 0.0619 0.9551
vn -0.8802 0.0619 -0.4705
vn 0.4705 0.0619 0.8802
vn 0.7715 0.0619 -0.6332
vn -0.7715 0.0619 -0.6332
vn -0.2897 0.0619 -0.9551
vn -0.8802 0.0619 0.4705
vn 0.9933 0.0619 0.0978
vn -0.0978 0.0619 -0.9933
vn 0.4705 0.0619 -0.8802
vn -0.9551 0.0619 -0.2897
vn -0.0978 0.0619 0.9933
vn 0.6332 0.0619 0.7715
vn 0.6332 0.0619 -0.7715
vn -0.4705 0.0619 -0.8802
vn -0.7715 0.0619 0.6332
vn 0.9551 0.0619 -0.2897
vn 0.9933 0.0619 -0.0978
vn -0.9933 0.0619 -0.0978
vn 0.8802 0.0619 0.4705
vn 0.2897 0.0619 -0.9551
vn -0.4705 0.0619 0.8802
vn 0.0776 0.9925 0.0945
vn -0.7128 0.3870 -0.5850
vn 0.7128 0.3870 -0.5850
vn -0.8132 0.3870 0.4347
vn -0.2677 0.3870 -0.8824
vn 0.9176 0.3870 0.0904
vn -0.0904 0.3870 -0.9176
vn -0.0904 0.3870 0.9176
vn 0.4347 0.3870 -0.8132
vn -0.8824 0.3870 -0.2677
vn 0.5850 0.3870 0.7128
vn 0.5850 0.3870 -0.7128
vn 0.8824 0.3870 -0.2677
vn -0.4347 0.3870 -0.8132
vn -0.7128 0.3870 0.5850
vn 0.9176 0.3870 -0.0904
vn 0.2677 0.3870 -0.8824
vn -0.9176 0.3870 -0.0904
vn 0.8132 0.3870 0.4347
vn -0.4347 0.3870 0.8132
vn 0.7128 0.3870 0.5850
vn 0.2677 0.3870 0.8824
vn -0.5850 0.3870 -0.7128
vn -0.5850 0.3870 0.7128
vn 0.8132 0.3870 -0.4347
vn -0.8824 0.3870 0.2677
vn 0.0904 0.3870 0.9176
vn -0.9176 0.3870 0.0904
vn 0.8824 0.3870 0.2677
vn 0.0904 0.3870 -0.9176
vn -0.2677 0.3870 0.8824
vn -0.8132 0.3870 -0.4347
vn -0.2897 -0.0614 -0.9551
vn -0.0978 -0.0614 -0.9933
vn -0.4705 -0.0614 -0.8803
vn -0.6332 -0.0614 -0.7716
vn -0.7716 -0.0614 -0.6332
vn -0.8803 -0.0614 -0.4705
vn -0.9551 -0.0614 -0.2897
vn -0.9933 -0.0614 -0.0978
vn -0.9933 -0.0614 0.0978
vn -0.9551 -0.0614 0.2897
vn -0.8803 -0.0614 0.4705
vn -0.7716 -0.0614 0.6332
vn -0.6332 -0.0614 0.7716
vn -0.4705 -0.0614 0.8803
vn -0.2897 -0.0614 0.9551
vn -0.0978 -0.0614 0.9933
vn 0.0978 -0.0614 0.9933
vn 0.2897 -0.0614 0.9551
vn 0.4705 -0.0614 0.8803
vn 0.6332 -0.0614 0.7716
vn 0.7716 -0.0614 0.6332
vn 0.8803 -0.0614 0.4705
vn 0.9551 -0.0614 0.2897
vn 0.9933 -0.0614 0.0978
vn 0.9933 -0.0614 -0.0978
vn 0.9551 -0.0614 -0.2897
vn 0.8803 -0.0614 -0.4705
vn 0.7716 -0.0614 -0.6332
vn 0.6332 -0.0614 -0.7716
vn 0.4705 -0.0614 -0.8803
vn 0.2897 -0.0614 -0.9551
vn 0.0978 -0.0614 -0.9933
vn 0.0906 -0.3811 -0.9201
vn 0.2684 -0.3811 -0.8847
vn 0.4358 -0.3811 -0.8154
vn 0.5865 -0.3811 -0.7147
vn 0.7147 -0.3811 -0.5865
vn 0.8154 -0.3811 -0.4358
vn 0.8847 -0.3811 -0.2684
vn 0.9201 -0.3811 -0.0906
vn 0.9201 -0.3811 0.0906
vn 0.8847 -0.3811 0.2684
vn 0.8154 -0.3811 0.4358
vn 0.7147 -0.3811 0.5865
vn 0.5865 -0.3811 0.7147
vn 0.4358 -0.3811 0.8154
vn 0.2684 -0.3811 0.8847
vn 0.0906 -0.3811 0.9201
vn -0.0906 -0.3811 0.9201
vn -0.2684 -0.3811 0.8847
vn -0.4358 -0.3811 0.8154
vn -0.5865 -0.3811 0.7147
vn -0.7147 -0.3811 0.5865
vn -0.8154 -0.3811 0.4358
vn -0.8847 -0.3811 0.2684
vn -0.9201 -0.3811 0.0906
vn -0.9201 -0.3811 -0.0906
vn -0.8847 -0.3811 -0.2684
vn -0.8154 -0.3811 -0.4358
vn -0.7147 -0.3811 -0.5865
vn -0.5865 -0.3811 -0.7147
vn -0.4358 -0.3811 -0.8154
vn -0.0906 -0.3811 -0.9201
vn -0.2684 -0.3811 -0.8847
vn -0.4559 0.2539 0.8530
vn 0.2808 0.2539 -0.9256
vn 0.8530 0.2539 0.4560
vn -0.9626 0.2539 -0.0948
vn 0.9626 0.2539 -0.0948
vn 0.9256 0.2539 -0.2808
vn -0.7477 0.2539 0.6136
vn -0.4559 0.2539 -0.8530
vn 0.6136 0.2539 -0.7477
vn 0.6136 0.2539 0.7477
vn -0.0948 0.2539 0.9626
vn -0.9256 0.2539 -0.2808
vn 0.4559 0.2539 -0.8530
vn -0.0948 0.2539 -0.9626
vn 0.9626 0.2539 0.0948
vn -0.8530 0.2539 0.4559
vn -0.2808 0.2539 -0.9256
vn -0.7477 0.2539 -0.6136
vn 0.7477 0.2539 -0.6136
vn 0.4559 0.2539 0.8530
vn -0.8530 0.2539 -0.4559
vn -0.2808 0.2539 0.9256
vn 0.0948 0.2539 -0.9626
vn 0.9256 0.2539 0.2808
vn -0.9626 0.2539 0.0948
vn 0.0948 0.2539 0.9626
vn -0.9256 0.2539 0.2808
vn -0.6136 0.2539 -0.7477
vn 0.8530 0.2539 -0.4559
vn -0.6136 0.2539 0.7477
vn 0.2808 0.2539 0.9256
vn 0.7477 0.2539 0.6136
vn -0.8567 0.2376 -0.4579
vn -0.2820 0.2376 0.9295
vn 0.0952 0.2376 -0.9667
vn 0.9295 0.2376 0.2820
vn -0.9667 0.2376 0.0952
vn 0.0952 0.2376 0.9667
vn -0.9295 0.2376 0.2820
vn 0.8567 0.2376 -0.4579
vn -0.6162 0.2376 0.7509
vn -0.6162 0.2376 -0.7509
vn 0.2820 0.2376 0.9295
vn 0.7509 0.2376 0.6162
vn -0.4579 0.2376 0.8567
vn 0.8567 0.2376 0.4579
vn -0.9667 0.2376 -0.0952
vn 0.2820 0.2376 -0.9295
vn 0.9667 0.2376 -0.0952
vn -0.7509 0.2376 0.6162
vn -0.4579 0.2376 -0.8567
vn 0.9295 0.2376 -0.2820
vn 0.6162 0.2376 -0.7509
vn 0.6162 0.2376 0.7509
vn -0.9295 0.2376 -0.2820
vn 0.4579 0.2376 -0.8567
vn -0.0952 0.2376 0.9667
vn -0.0952 0.2376 -0.9667
vn 0.9667 0.2376 0.0952
vn -0.2820 0.2376 -0.9295
vn -0.8567 0.2376 0.4579
vn 0.7509 0.2376 -0.6162
vn -0.7509 0.2376 -0.6162
vn 0.4579 0.2376 0.8567
vn -0.0000 1.0000 -0.0000
vn 0.0776 0.9925 -0.0945
vn -0.0945 0.9925 0.0776
vn 0.1170 0.9925 -0.0355
vn -0.0577 0.9925 -0.1079
vn 0.1217 0.9925 -0.0120
vn 0.1079 0.9925 0.0577
vn 0.0355 0.9925 -0.1170
vn -0.1217 0.9925 -0.0120
vn -0.0577 0.9925 0.1079
vn 0.0945 0.9925 0.0776
vn 0.0355 0.9925 0.1170
vn 0.1079 0.9925 -0.0577
vn -0.0776 0.9925 -0.0945
vn -0.0776 0.9925 0.0945
vn -0.1170 0.9925 0.0355
vn 0.0120 0.9925 0.1217
vn 0.0120 0.9925 -0.1217
vn -0.1217 0.9925 0.0120
vn 0.1170 0.9925 0.0355
vn -0.1079 0.9925 -0.0577
vn -0.0355 0.9925 0.1170
vn 0.0577 0.9925 0.1079
vn -0.0945 0.9925 -0.0776
vn 0.0945 0.9925 -0.0776
vn -0.1079 0.9925 0.0577
vn -0.0355 0.9925 -0.1170
vn 0.1217 0.9925 0.0120
vn -0.0120 0.9925 -0.1217
vn -0.0120 0.9925 0.1217
vn 0.0577 0.9925 -0.1079
vn -0.1170 0.9925 -0.0355
vn -0.0000 -1.0000 -0.0000
vn -0.0269 -0.9957 -0.0887
vn -0.0091 -0.9957 -0.0923
vn -0.0588 -0.9957 -0.0717
vn -0.0887 -0.9957 -0.0269
vn -0.0887 -0.9957 0.0269
vn -0.0923 -0.9957 0.0091
vn 0.0269 -0.9957 0.0887
vn -0.0717 -0.9957 0.0588
vn -0.0269 -0.9957 0.0887
vn 0.0887 -0.9957 -0.0269
vn 0.0588 -0.9957 0.0717
vn 0.0887 -0.9957 0.0269
vn 0.0091 -0.9957 0.0923
vn 0.0717 -0.9957 -0.0588
vn 0.0269 -0.9957 -0.0887
vn 0.0923 -0.9957 -0.0091
vn -0.0437 -0.9957 -0.0818
vn -0.0818 -0.9957 -0.0437
vn -0.0818 -0.9957 0.0437
vn -0.0717 -0.9957 -0.0588
vn -0.0437 -0.9957 0.0818
vn -0.0923 -0.9957 -0.0091
vn -0.0588 -0.9957 0.0717
vn 0.0818 -0.9957 0.0437
vn -0.0091 -0.9957 0.0923
vn 0.0437 -0.9957 0.0818
vn 0.0923 -0.9957 0.0091
vn 0.0818 -0.9957 -0.0437
vn 0.0717 -0.9957 0.0588
vn 0.0437 -0.9957 -0.0818
vn 0.0588 -0.9957 -0.0717
s 1
f 3141//3141 3335//3335 4069//4069 3748//3748
f 3335//3335 2950//2950 3334//3334 4069//4069
f 4069//4069 3334//3334 2952//2952 3686//3686
f 3748//3748 4069//4069 3686//3686 3142//3142
f 3142//3142 3686//3686 4070//4070 3747//3747
f 3686//3686 2952//2952 3338//3338 4070//4070
f 4070//4070 3338//3338 2954//2954 3687//3687
f 3747//3747 4070//4070 3687//3687 3143//3143
f 3143//3143 3687//3687 4071//4071 3746//3746
f 3687//3687 2954//2954 3341//3341 4071//4071
f 4071//4071 3341//3341 2956//2956 3688//3688
f 3746//3746 4071//4071 3688//3688 3144//3144
f 3144//3144 3688//3688 4072//4072 3745//3745
f 3688//3688 2956//2956 3344//3344 4072//4072
f 4072//4072 3344//3344 2958//2958 3689//3689
f 3745//3745 4072//4072 3689//3689 3145//3145
f 3145//3145 3689//3689 4073//4073 3744//3744
f 3689//3689 2958//2958 3347//3347 4073//4073
f 4073//4073 3347//3347 2960//2960 3690//3690
f 3744//3744 4073//4073 3690//3690 3146//3146
f 3146//3146 3690//3690 4074//4074 3743//3743
f 3690//3690 2960//2960 3350//3350 4074//4074
f 4074//4074 3350//3350 2962//2962 3691//3691
f 3743//3743 4074//4074 3691//3691 3147//3147
f 3147//3147 3691//3691 4075//4075 3742//3742
f 3691//3691 2962//2962 3353//3353 4075//4075
f 4075//4075 3353//3353 2964//2964 3692//3692
f 3742//3742 4075//4075 3692//3692 3148//3148
f 3148//3148 3692//3692 4076//4076 3741//3741
f 3692//3692 2964//2964 3356//3356 4076//4076
f 4076//4076 3356//3356 2966//2966 3693//3693
f 3741//3741 4076//4076 3693//3693 3149//3149
f 3149//3149 3693//3693 4077//4077 3740//3740
f 3693//3693 2966//2966 3359//3359 4077//4077
f 4077//4077 3359//3359 2968//2968 3694//3694
f 3740//3740 4077//4077 3694//3694 3150//3150
f 3150//3150 3694//3694 4078//4078 3739//3739
f 3694//3694 2968//2968 3362//3362 4078//4078
f 4078//4078 3362//3362 2970//2970 3695//3695
f 3739//3739 4078//4078 3695//3695 3151//3151
f 3151//3151 3695//3695 4079//4079 3738//3738
f 3695//3695 2970//2970 3365//3365 4079//4079
f 4079//4079 3365//3365 2972//2972 3696//3696
f 3738//3738 4079//4079 3696//3696 3152//3152
f 3152//3152 3696//3696 4080//4080 3737//3737
f 3696//3696 2972//2972 3368//3368 4080//4080
f 4080//4080 3368//3368 2974//2974 3697//3697
f 3737//3737 4080//4080 3697//3697 3153//3153
f 3153//3153 3697//3697 4081//4081 3736//3736
f 3697//3697 2974//2974 3371//3371 4081//4081
f 4081//4081 3371//3371 2976//2976 3698//3698
f 3736//3736 4081//4081 3698//3698 3154//3154
f 3154//3154 3698//3698 4082//4082 3735//3735
f 3698//3698 2976//2976 3374//3374 4082//4082
f 4082//4082 3374//3374 2978//2978 3699//3699
f 3735//3735 4082//4082 3699//3699 3155//3155
f 3155//3155 3699//3699 4083//4083 3734//3734
f 3699//3699 2978//2978 3377//3377 4083//4083
f 4083//4083 3377//3377 2980//2980 3700//3700
f 3734//3734 4083//4083 3700//3700 3156//3156
f 3156//3156 3700//3700 4084//4084 3733//3733
f 3700//3700 2980//2980 3380//3380 4084//4084
f 4084//4084 3380//3380 2982//2982 3701//3701
f 3733//3733 4084//4084 3701//3701 3157//3157
f 3157//3157 3701//3701 4085//4085 3732//3732
f 3701//3701 2982//2982 3383//3383 4085//4085
f 4085//4085 3383//3383 2984//2984 3702//3702
f 3732//3732 4085//4085 3702//3702 3158//3158
f 3158//3158 3702//3702 4086//4086 3731//3731
f 3702//3702 2984//2984 3386//3386 4086//4086
f 4086//4086 3386//3386 2986//2986 3703//3703
f 3731//3731 4086//4086 3703//3703 3159//3159
f 3159//3159 3703//3703 4087//4087 3730//3730
f 3703//3703 2986//2986 3389//3389 4087//4087
f 4087//4087 3389//3389 2988//2988 3704//3704
f 3730//3730 4087//4087 3704//3704 3160//3160
f 3160//3160 3704//3704 4088//4088 3729//3729
f 3704//3704 2988//2988 3392//3392 4088//4088
f 4088//4088 3392//3392 2990//2990 3705//3705
f 3729//3729 4088//4088 3705//3705 3161//3161
f 3161//3161 3705//3705 4089//4089 3728//3728
f 3705//3705 2990//2990 3395//3395 4089//4089
f 4089//4089 3395//3395 2992//2992 3706//3706
f 3728//3728 4089//4089 3706//3706 3162//3162
f 3162//3162 3706//3706 4090//4090 3727//3727
f 3706//3706 2992//2992 3398//3398 4090//4090
f 4090//4090 3398//3398 2994//2994 3707//3707
f 3727//3727 4090//4090 3707//3707 3163//3163
f 3163//3163 3707//3707 4091//4091 3726//3726
f 3707//3707 2994//2994 3401//3401 4091//4091
f 4091//4091 3401//3401 2996//2996 3708//3708
f 3726//3726 4091//4091 3708//3708 3164//3164
f 3164//3164 3708//3708 4092//4092 3725//3725
f 3708//3708 2996//2996 3404//3404 4092//4092
f 4092//4092 3404//3404 2998//2998 3709//3709
f 3725//3725 4092//4092 3709//3709 3165//3165
f 3165//3165 3709//3709 4093//4093 3724//3724
f 3709//3709 2998//2998 3407//3407 4093//4093
f 4093//4093 3407//3407 3000//3000 3710//3710
f 3724//3724 4093//4093 3710//3710 3166//3166
f 3166//3166 3710//3710 4094//4094 3723//3723
f 3710//3710 3000//3000 3410//3410 4094//4094
f 4094//4094 3410//3410 3002//3002 3711//3711
f 3723//3723 4094//4094 3711//3711 3167//3167
f 3167//3167 3711//3711 4095//4095 3722//3722
f 3711//3711 3002//3002 3413//3413 4095//4095
f 4095//4095 3413//3413 3004//3004 3712//3712
f 3722//3722 4095//4095 3712//3712 3168//3168
f 3168//3168 3712//3712 4096//4096 3721//3721
f 3712//3712 3004//3004 3416//3416 4096//4096
f 4096//4096 3416//3416 3006//3006 3713//3713
f 3721//3721 4096//4096 3713//3713 3169//3169
f 3169//3169 3713//3713 4097//4097 3720//3720
f 3713//3713 3006//3006 3419//3419 4097//4097
f 4097//4097 3419//3419 3008//3008 3714//3714
f 3720//3720 4097//4097 3714//3714 3170//3170
f 3170//3170 3714//3714 4098//4098 3719//3719
f 3714//3714 3008//3008 3422//3422 4098//4098
f 4098//4098 3422//3422 3010//3010 3715//3715
f 3719//3719 4098//4098 3715//3715 3171//3171
f 2950//2950 3428//3428 4099//4099 3526//3526
f 3428//3428 3012//3012 3525//3525 4099//4099
f 4099//4099 3525//3525 3076//3076 3524//3524
f 3526//3526 4099//4099 3524//3524 3046//3046
f 3172//3172 3716//3716 4100//4100 3718//3718
f 3716//3716 3012//3012 3428//3428 4100//4100
f 4100//4100 3428//3428 2950//2950 3335//3335
f 3718//3718 4100//4100 3335//3335 3141//3141
f 3171//3171 3715//3715 4101//4101 3717//3717
f 3715//3715 3010//3010 3425//3425 4101//4101
f 4101//4101 3425//3425 3012//3012 3716//3716
f 3717//3717 4101//4101 3716//3716 3172//3172
f 2949//2949 3333//3333 4102//4102 4038//4038
f 3333//3333 2951//2951 4037//4037 4102//4102
f 4102//4102 4037//4037 3302//3302 4005//4005
f 4038//4038 4102//4102 4005//4005 3301//3301
f 3202//3202 3778//3778 4103//4103 3812//3812
f 3778//3778 3043//3043 3461//3461 4103//4103
f 4103//4103 3461//3461 3044//3044 3779//3779
f 3812//3812 4103//4103 3779//3779 3203//3203
f 3203//3203 3779//3779 4104//4104 3811//3811
f 3779//3779 3044//3044 3462//3462 4104//4104
f 4104//4104 3462//3462 3013//3013 3429//3429
f 3811//3811 4104//4104 3429//3429 3204//3204
f 3201//3201 3777//3777 4105//4105 3810//3810
f 3777//3777 3042//3042 3463//3463 4105//4105
f 4105//4105 3463//3463 3043//3043 3778//3778
f 3810//3810 4105//4105 3778//3778 3202//3202
f 3200//3200 3776//3776 4106//4106 3809//3809
f 3776//3776 3041//3041 3464//3464 4106//4106
f 4106//4106 3464//3464 3042//3042 3777//3777
f 3809//3809 4106//4106 3777//3777 3201//3201
f 3199//3199 3775//3775 4107//4107 3808//3808
f 3775//3775 3040//3040 3465//3465 4107//4107
f 4107//4107 3465//3465 3041//3041 3776//3776
f 3808//3808 4107//4107 3776//3776 3200//3200
f 3198//3198 3774//3774 4108//4108 3807//3807
f 3774//3774 3039//3039 3466//3466 4108//4108
f 4108//4108 3466//3466 3040//3040 3775//3775
f 3807//3807 4108//4108 3775//3775 3199//3199
f 3197//3197 3773//3773 4109//4109 3806//3806
f 3773//3773 3038//3038 3467//3467 4109//4109
f 4109//4109 3467//3467 3039//3039 3774//3774
f 3806//3806 4109//4109 3774//3774 3198//3198
f 3196//3196 3772//3772 4110//4110 3805//3805
f 3772//3772 3037//3037 3468//3468 4110//4110
f 4110//4110 3468//3468 3038//3038 3773//3773
f 3805//3805 4110//4110 3773//3773 3197//3197
f 3195//3195 3771//3771 4111//4111 3804//3804
f 3771//3771 3036//3036 3469//3469 4111//4111
f 4111//4111 3469//3469 3037//3037 3772//3772
f 3804//3804 4111//4111 3772//3772 3196//3196
f 3194//3194 3770//3770 4112//4112 3803//3803
f 3770//3770 3035//3035 3470//3470 4112//4112
f 4112//4112 3470//3470 3036//3036 3771//3771
f 3803//3803 4112//4112 3771//3771 3195//3195
f 3193//3193 3769//3769 4113//4113 3802//3802
f 3769//3769 3034//3034 3471//3471 4113//4113
f 4113//4113 3471//3471 3035//3035 3770//3770
f 3802//3802 4113//4113 3770//3770 3194//3194
f 3192//3192 3768//3768 4114//4114 3801//3801
f 3768//3768 3033//3033 3472//3472 4114//4114
f 4114//4114 3472//3472 3034//3034 3769//3769
f 3801//3801 4114//4114 3769//3769 3193//3193
f 3191//3191 3767//3767 4115//4115 3800//3800
f 3767//3767 3032//3032 3473//3473 4115//4115
f 4115//4115 3473//3473 3033//3033 3768//3768
f 3800//3800 4115//4115 3768//3768 3192//3192
f 3190//3190 3766//3766 4116//4116 3799//3799
f 3766//3766 3031//3031 3474//3474 4116//4116
f 4116//4116 3474//3474 3032//3032 3767//3767
f 3799//3799 4116//4116 3767//3767 3191//3191
f 3189//3189 3765//3765 4117//4117 3798//3798
f 3765//3765 3030//3030 3475//3475 4117//4117
f 4117//4117 3475//3475 3031//3031 3766//3766
f 3798//3798 4117//4117 3766//3766 3190//3190
f 3188//3188 3764//3764 4118//4118 3797//3797
f 3764//3764 3029//3029 3476//3476 4118//4118
f 4118//4118 3476//3476 3030//3030 3765//3765
f 3797//3797 4118//4118 3765//3765 3189//3189
f 3187//3187 3763//3763 4119//4119 3796//3796
f 3763//3763 3028//3028 3477//3477 4119//4119
f 4119//4119 3477//3477 3029//3029 3764//3764
f 3796//3796 4119//4119 3764//3764 3188//3188
f 3186//3186 3762//3762 4120//4120 3795//3795
f 3762//3762 3027//3027 3478//3478 4120//4120
f 4120//4120 3478//3478 3028//3028 3763//3763
f 3795//3795 4120//4120 3763//3763 3187//3187
f 3185//3185 3761//3761 4121//4121 3794//3794
f 3761//3761 3026//3026 3479//3479 4121//4121
f 4121//4121 3479//3479 3027//3027 3762//3762
f 3794//3794 4121//4121 3762//3762 3186//3186
f 3184//3184 3760//3760 4122//4122 3793//3793
f 3760//3760 3025//3025 3480//3480 4122//4122
f 4122//4122 3480//3480 3026//3026 3761//3761
f 3793//3793 4122//4122 3761//3761 3185//3185
f 3183//3183 3759//3759 4123//4123 3792//3792
f 3759//3759 3024//3024 3481//3481 4123//4123
f 4123//4123 3481//3481 3025//3025 3760//3760
f 3792//3792 4123//4123 3760//3760 3184//3184
f 3182//3182 3758//3758 4124//4124 3791//3791
f 3758//3758 3023//3023 3482//3482 4124//4124
f 4124//4124 3482//3482 3024//3024 3759//3759
f 3791//3791 4124//4124 3759//3759 3183//3183
f 3181//3181 3757//3757 4125//4125 3790//3790
f 3757//3757 3022//3022 3483//3483 4125//4125
f 4125//4125 3483//3483 3023//3023 3758//3758
f 3790//3790 4125//4125 3758//3758 3182//3182
f 3180//3180 3756//3756 4126//4126 3789//3789
f 3756//3756 3021//3021 3484//3484 4126//4126
f 4126//4126 3484//3484 3022//3022 3757//3757
f 3789//3789 4126//4126 3757//3757 3181//3181
f 3179//3179 3755//3755 4127//4127 3788//3788
f 3755//3755 3020//3020 3485//3485 4127//4127
f 4127//4127 3485//3485 3021//3021 3756//3756
f 3788//3788 4127//4127 3756//3756 3180//3180
f 3178//3178 3754//3754 4128//4128 3787//3787
f 3754//3754 3019//3019 3486//3486 4128//4128
f 4128//4128 3486//3486 3020//3020 3755//3755
f 3787//3787 4128//4128 3755//3755 3179//3179
f 3177//3177 3753//3753 4129//4129 3786//3786
f 3753//3753 3018//3018 3487//3487 4129//4129
f 4129//4129 3487//3487 3019//3019 3754//3754
f 3786//3786 4129//4129 3754//3754 3178//3178
f 3176//3176 3752//3752 4130//4130 3785//3785
f 3752//3752 3017//3017 3488//3488 4130//4130
f 4130//4130 3488//3488 3018//3018 3753//3753
f 3785//3785 4130//4130 3753//3753 3177//3177
f 3175//3175 3751//3751 4131//4131 3784//3784
f 3751//3751 3016//3016 3489//3489 4131//4131
f 4131//4131 3489//3489 3017//3017 3752//3752
f 3784//3784 4131//4131 3752//3752 3176//3176
f 3174//3174 3750//3750 4132//4132 3783//3783
f 3750//3750 3015//3015 3490//3490 4132//4132
f 4132//4132 3490//3490 3016//3016 3751//3751
f 3783//3783 4132//4132 3751//3751 3175//3175
f 3173//3173 3749//3749 4133//4133 3782//3782
f 3749//3749 3014//3014 3491//3491 4133//4133
f 4133//4133 3491//3491 3015//3015 3750//3750
f 3782//3782 4133//4133 3750//3750 3174//3174
f 3204//3204 3429//3429 4134//4134 3781//3781
f 3429//3429 3013//3013 3492//3492 4134//4134
f 4134//4134 3492//3492 3014//3014 3749//3749
f 3781//3781 4134//4134 3749//3749 3173//3173
f 3206//3206 3876//3876 4135//4135 3814//3814
f 3876//3876 3205//3205 3589//3589 4135//4135
f 4135//4135 3589//3589 3104//3104 3584//3584
f 3814//3814 4135//4135 3584//3584 3105//3105
f 3010//3010 3422//3422 4136//4136 3528//3528
f 3422//3422 3008//3008 3527//3527 4136//4136
f 4136//4136 3527//3527 3074//3074 3522//3522
f 3528//3528 4136//4136 3522//3522 3075//3075
f 2998//2998 3404//3404 4137//4137 3530//3530
f 3404//3404 2996//2996 3529//3529 4137//4137
f 4137//4137 3529//3529 3068//3068 3516//3516
f 3530//3530 4137//4137 3516//3516 3069//3069
f 3004//3004 3413//3413 4138//4138 3532//3532
f 3413//3413 3002//3002 3531//3531 4138//4138
f 4138//4138 3531//3531 3071//3071 3519//3519
f 3532//3532 4138//4138 3519//3519 3072//3072
f 2994//2994 3398//3398 4139//4139 3534//3534
f 3398//3398 2992//2992 3533//3533 4139//4139
f 4139//4139 3533//3533 3066//3066 3514//3514
f 3534//3534 4139//4139 3514//3514 3067//3067
f 2988//2988 3389//3389 4140//4140 3536//3536
f 3389//3389 2986//2986 3535//3535 4140//4140
f 4140//4140 3535//3535 3063//3063 3511//3511
f 3536//3536 4140//4140 3511//3511 3064//3064
f 3000//3000 3407//3407 4141//4141 3537//3537
f 3407//3407 2998//2998 3530//3530 4141//4141
f 4141//4141 3530//3530 3069//3069 3517//3517
f 3537//3537 4141//4141 3517//3517 3070//3070
f 2982//2982 3380//3380 4142//4142 3539//3539
f 3380//3380 2980//2980 3538//3538 4142//4142
f 4142//4142 3538//3538 3060//3060 3508//3508
f 3539//3539 4142//4142 3508//3508 3061//3061
f 2978//2978 3374//3374 4143//4143 3541//3541
f 3374//3374 2976//2976 3540//3540 4143//4143
f 4143//4143 3540//3540 3058//3058 3506//3506
f 3541//3541 4143//4143 3506//3506 3059//3059
f 2972//2972 3365//3365 4144//4144 3543//3543
f 3365//3365 2970//2970 3542//3542 4144//4144
f 4144//4144 3542//3542 3055//3055 3503//3503
f 3543//3543 4144//4144 3503//3503 3056//3056
f 2984//2984 3383//3383 4145//4145 3544//3544
f 3383//3383 2982//2982 3539//3539 4145//4145
f 4145//4145 3539//3539 3061//3061 3509//3509
f 3544//3544 4145//4145 3509//3509 3062//3062
f 2966//2966 3356//3356 4146//4146 3546//3546
f 3356//3356 2964//2964 3545//3545 4146//4146
f 4146//4146 3545//3545 3052//3052 3500//3500
f 3546//3546 4146//4146 3500//3500 3053//3053
f 2956//2956 3341//3341 4147//4147 3548//3548
f 3341//3341 2954//2954 3547//3547 4147//4147
f 4147//4147 3547//3547 3047//3047 3495//3495
f 3548//3548 4147//4147 3495//3495 3048//3048
f 2968//2968 3359//3359 4148//4148 3549//3549
f 3359//3359 2966//2966 3546//3546 4148//4148
f 4148//4148 3546//3546 3053//3053 3501//3501
f 3549//3549 4148//4148 3501//3501 3054//3054
f 2962//2962 3350//3350 4149//4149 3551//3551
f 3350//3350 2960//2960 3550//3550 4149//4149
f 4149//4149 3550//3550 3050//3050 3498//3498
f 3551//3551 4149//4149 3498//3498 3051//3051
f 2952//2952 3334//3334 4150//4150 3552//3552
f 3334//3334 2950//2950 3526//3526 4150//4150
f 4150//4150 3526//3526 3046//3046 3493//3493
f 3552//3552 4150//4150 3493//3493 3045//3045
f 3012//3012 3425//3425 4151//4151 3525//3525
f 3425//3425 3010//3010 3528//3528 4151//4151
f 4151//4151 3528//3528 3075//3075 3523//3523
f 3525//3525 4151//4151 3523//3523 3076//3076
f 3006//3006 3416//3416 4152//4152 3553//3553
f 3416//3416 3004//3004 3532//3532 4152//4152
f 4152//4152 3532//3532 3072//3072 3520//3520
f 3553//3553 4152//4152 3520//3520 3073//3073
f 3008//3008 3419//3419 4153//4153 3527//3527
f 3419//3419 3006//3006 3553//3553 4153//4153
f 4153//4153 3553//3553 3073//3073 3521//3521
f 3527//3527 4153//4153 3521//3521 3074//3074
f 2990//2990 3392//3392 4154//4154 3554//3554
f 3392//3392 2988//2988 3536//3536 4154//4154
f 4154//4154 3536//3536 3064//3064 3512//3512
f 3554//3554 4154//4154 3512//3512 3065//3065
f 3002//3002 3410//3410 4155//4155 3531//3531
f 3410//3410 3000//3000 3537//3537 4155//4155
f 4155//4155 3537//3537 3070//3070 3518//3518
f 3531//3531 4155//4155 3518//3518 3071//3071
f 2996//2996 3401//3401 4156//4156 3529//3529
f 3401//3401 2994//2994 3534//3534 4156//4156
f 4156//4156 3534//3534 3067//3067 3515//3515
f 3529//3529 4156//4156 3515//3515 3068//3068
f 2986//2986 3386//3386 4157//4157 3535//3535
f 3386//3386 2984//2984 3544//3544 4157//4157
f 4157//4157 3544//3544 3062//3062 3510//3510
f 3535//3535 4157//4157 3510//3510 3063//3063
f 2980//2980 3377//3377 4158//4158 3538//3538
f 3377//3377 2978//2978 3541//3541 4158//4158
f 4158//4158 3541//3541 3059//3059 3507//3507
f 3538//3538 4158//4158 3507//3507 3060//3060
f 2992//2992 3395//3395 4159//4159 3533//3533
f 3395//3395 2990//2990 3554//3554 4159//4159
f 4159//4159 3554//3554 3065//3065 3513//3513
f 3533//3533 4159//4159 3513//3513 3066//3066
f 2974//2974 3368//3368 4160//4160 3555//3555
f 3368//3368 2972//2972 3543//3543 4160//4160
f 4160//4160 3543//3543 3056//3056 3504//3504
f 3555//3555 4160//4160 3504//3504 3057//3057
f 2964//2964 3353//3353 4161//4161 3545//3545
f 3353//3353 2962//2962 3551//3551 4161//4161
f 4161//4161 3551//3551 3051//3051 3499//3499
f 3545//3545 4161//4161 3499//3499 3052//3052
f 2976//2976 3371//3371 4162//4162 3540//3540
f 3371//3371 2974//2974 3555//3555 4162//4162
f 4162//4162 3555//3555 3057//3057 3505//3505
f 3540//3540 4162//4162 3505//3505 3058//3058
f 2958//2958 3344//3344 4163//4163 3556//3556
f 3344//3344 2956//2956 3548//3548 4163//4163
f 4163//4163 3548//3548 3048//3048 3496//3496
f 3556//3556 4163//4163 3496//3496 3049//3049
f 2970//2970 3362//3362 4164//4164 3542//3542
f 3362//3362 2968//2968 3549//3549 4164//4164
f 4164//4164 3549//3549 3054//3054 3502//3502
f 3542//3542 4164//4164 3502//3502 3055//3055
f 2960//2960 3347//3347 4165//4165 3550//3550
f 3347//3347 2958//2958 3556//3556 4165//4165
f 4165//4165 3556//3556 3049//3049 3497//3497
f 3550//3550 4165//4165 3497//3497 3050//3050
f 2954//2954 3338//3338 4166//4166 3547//3547
f 3338//3338 2952//2952 3552//3552 4166//4166
f 4166//4166 3552//3552 3045//3045 3494//3494
f 3547//3547 4166//4166 3494//3494 3047//3047
f 3238//3238 3940//3940 4167//4167 3878//3878
f 3940//3940 3237//3237 3653//3653 4167//4167
f 4167//4167 3653//3653 3138//3138 3650//3650
f 3878//3878 4167//4167 3650//3650 3139//3139
f 3208//3208 3875//3875 4168//4168 3816//3816
f 3875//3875 3207//3207 3591//3591 4168//4168
f 4168//4168 3591//3591 3107//3107 3587//3587
f 3816//3816 4168//4168 3587//3587 3108//3108
f 3210//3210 3874//3874 4169//4169 3818//3818
f 3874//3874 3209//3209 3593//3593 4169//4169
f 4169//4169 3593//3593 3080//3080 3560//3560
f 3818//3818 4169//4169 3560//3560 3081//3081
f 3212//3212 3873//3873 4170//4170 3820//3820
f 3873//3873 3211//3211 3595//3595 4170//4170
f 4170//4170 3595//3595 3098//3098 3578//3578
f 3820//3820 4170//4170 3578//3578 3099//3099
f 3214//3214 3872//3872 4171//4171 3822//3822
f 3872//3872 3213//3213 3597//3597 4171//4171
f 4171//4171 3597//3597 3089//3089 3569//3569
f 3822//3822 4171//4171 3569//3569 3090//3090
f 3216//3216 3871//3871 4172//4172 3824//3824
f 3871//3871 3215//3215 3599//3599 4172//4172
f 4172//4172 3599//3599 3083//3083 3563//3563
f 3824//3824 4172//4172 3563//3563 3084//3084
f 3217//3217 3870//3870 4173//4173 3825//3825
f 3870//3870 3208//3208 3816//3816 4173//4173
f 4173//4173 3816//3816 3108//3108 3588//3588
f 3825//3825 4173//4173 3588//3588 3078//3078
f 3218//3218 3869//3869 4174//4174 3826//3826
f 3869//3869 3216//3216 3824//3824 4174//4174
f 4174//4174 3824//3824 3084//3084 3564//3564
f 3826//3826 4174//4174 3564//3564 3085//3085
f 3220//3220 3868//3868 4175//4175 3828//3828
f 3868//3868 3219//3219 3603//3603 4175//4175
f 4175//4175 3603//3603 3102//3102 3582//3582
f 3828//3828 4175//4175 3582//3582 3103//3103
f 3222//3222 3867//3867 4176//4176 3830//3830
f 3867//3867 3221//3221 3605//3605 4176//4176
f 4176//4176 3605//3605 3093//3093 3573//3573
f 3830//3830 4176//4176 3573//3573 3094//3094
f 3224//3224 3866//3866 4177//4177 3832//3832
f 3866//3866 3223//3223 3607//3607 4177//4177
f 4177//4177 3607//3607 3077//3077 3558//3558
f 3832//3832 4177//4177 3558//3558 3079//3079
f 3226//3226 3865//3865 4178//4178 3834//3834
f 3865//3865 3225//3225 3609//3609 4178//4178
f 4178//4178 3609//3609 3087//3087 3567//3567
f 3834//3834 4178//4178 3567//3567 3088//3088
f 3207//3207 3864//3864 4179//4179 3591//3591
f 3864//3864 3227//3227 3611//3611 4179//4179
f 4179//4179 3611//3611 3106//3106 3586//3586
f 3591//3591 4179//4179 3586//3586 3107//3107
f 3211//3211 3863//3863 4180//4180 3595//3595
f 3863//3863 3228//3228 3612//3612 4180//4180
f 4180//4180 3612//3612 3097//3097 3577//3577
f 3595//3595 4180//4180 3577//3577 3098//3098
f 3213//3213 3862//3862 4181//4181 3597//3597
f 3862//3862 3226//3226 3834//3834 4181//4181
f 4181//4181 3834//3834 3088//3088 3568//3568
f 3597//3597 4181//4181 3568//3568 3089//3089
f 3230//3230 3861//3861 4182//4182 3838//3838
f 3861//3861 3229//3229 3613//3613 4182//4182
f 4182//4182 3613//3613 3091//3091 3571//3571
f 3838//3838 4182//4182 3571//3571 3092//3092
f 3215//3215 3860//3860 4183//4183 3599//3599
f 3860//3860 3231//3231 3615//3615 4183//4183
f 4183//4183 3615//3615 3082//3082 3562//3562
f 3599//3599 4183//4183 3562//3562 3083//3083
f 3219//3219 3859//3859 4184//4184 3603//3603
f 3859//3859 3232//3232 3616//3616 4184//4184
f 4184//4184 3616//3616 3101//3101 3581//3581
f 3603//3603 4184//4184 3581//3581 3102//3102
f 3221//3221 3858//3858 4185//4185 3605//3605
f 3858//3858 3230//3230 3838//3838 4185//4185
f 4185//4185 3838//3838 3092//3092 3572//3572
f 3605//3605 4185//4185 3572//3572 3093//3093
f 3234//3234 3857//3857 4186//4186 3842//3842
f 3857//3857 3233//3233 3617//3617 4186//4186
f 4186//4186 3617//3617 3095//3095 3575//3575
f 3842//3842 4186//4186 3575//3575 3096//3096
f 3225//3225 3856//3856 4187//4187 3609//3609
f 3856//3856 3235//3235 3619//3619 4187//4187
f 4187//4187 3619//3619 3086//3086 3566//3566
f 3609//3609 4187//4187 3566//3566 3087//3087
f 3223//3223 3855//3855 4188//4188 3607//3607
f 3855//3855 3217//3217 3825//3825 4188//4188
f 4188//4188 3825//3825 3078//3078 3557//3557
f 3607//3607 4188//4188 3557//3557 3077//3077
f 3227//3227 3854//3854 4189//4189 3611//3611
f 3854//3854 3206//3206 3814//3814 4189//4189
f 4189//4189 3814//3814 3105//3105 3585//3585
f 3611//3611 4189//4189 3585//3585 3106//3106
f 3228//3228 3853//3853 4190//4190 3612//3612
f 3853//3853 3234//3234 3842//3842 4190//4190
f 4190//4190 3842//3842 3096//3096 3576//3576
f 3612//3612 4190//4190 3576//3576 3097//3097
f 3229//3229 3852//3852 4191//4191 3613//3613
f 3852//3852 3214//3214 3822//3822 4191//4191
f 4191//4191 3822//3822 3090//3090 3570//3570
f 3613//3613 4191//4191 3570//3570 3091//3091
f 3231//3231 3851//3851 4192//4192 3615//3615
f 3851//3851 3210//3210 3818//3818 4192//4192
f 4192//4192 3818//3818 3081//3081 3561//3561
f 3615//3615 4192//4192 3561//3561 3082//3082
f 3236//3236 3850//3850 4193//4193 3844//3844
f 3850//3850 3212//3212 3820//3820 4193//4193
f 4193//4193 3820//3820 3099//3099 3579//3579
f 3844//3844 4193//4193 3579//3579 3100//3100
f 3232//3232 3849//3849 4194//4194 3616//3616
f 3849//3849 3236//3236 3844//3844 4194//4194
f 4194//4194 3844//3844 3100//3100 3580//3580
f 3616//3616 4194//4194 3580//3580 3101//3101
f 3235//3235 3848//3848 4195//4195 3619//3619
f 3848//3848 3218//3218 3826//3826 4195//4195
f 4195//4195 3826//3826 3085//3085 3565//3565
f 3619//3619 4195//4195 3565//3565 3086//3086
f 3205//3205 3847//3847 4196//4196 3589//3589
f 3847//3847 3220//3220 3828//3828 4196//4196
f 4196//4196 3828//3828 3103//3103 3583//3583
f 3589//3589 4196//4196 3583//3583 3104//3104
f 3233//3233 3846//3846 4197//4197 3617//3617
f 3846//3846 3222//3222 3830//3830 4197//4197
f 4197//4197 3830//3830 3094//3094 3574//3574
f 3617//3617 4197//4197 3574//3574 3095//3095
f 3209//3209 3845//3845 4198//4198 3593//3593
f 3845//3845 3224//3224 3832//3832 4198//4198
f 4198//4198 3832//3832 3079//3079 3559//3559
f 3593//3593 4198//4198 3559//3559 3080//3080
f 3138//3138 3649//3649 4199//4199 3974//3974
f 3649//3649 3137//3137 3973//3973 4199//4199
f 4199//4199 3973//3973 3297//3297 3969//3969
f 3974//3974 4199//4199 3969//3969 3298//3298
f 3240//3240 3939//3939 4200//4200 3880//3880
f 3939//3939 3239//3239 3655//3655 4200//4200
f 4200//4200 3655//3655 3120//3120 3632//3632
f 3880//3880 4200//4200 3632//3632 3121//3121
f 3242//3242 3938//3938 4201//4201 3882//3882
f 3938//3938 3241//3241 3657//3657 4201//4201
f 4201//4201 3657//3657 3129//3129 3641//3641
f 3882//3882 4201//4201 3641//3641 3130//3130
f 3244//3244 3937//3937 4202//4202 3884//3884
f 3937//3937 3243//3243 3659//3659 4202//4202
f 4202//4202 3659//3659 3114//3114 3626//3626
f 3884//3884 4202//4202 3626//3626 3115//3115
f 3246//3246 3936//3936 4203//4203 3886//3886
f 3936//3936 3245//3245 3661//3661 4203//4203
f 4203//4203 3661//3661 3123//3123 3635//3635
f 3886//3886 4203//4203 3635//3635 3124//3124
f 3248//3248 3935//3935 4204//4204 3888//3888
f 3935//3935 3247//3247 3663//3663 4204//4204
f 4204//4204 3663//3663 3133//3133 3645//3645
f 3888//3888 4204//4204 3645//3645 3134//3134
f 3249//3249 3934//3934 4205//4205 3889//3889
f 3934//3934 3246//3246 3886//3886 4205//4205
f 4205//4205 3886//3886 3124//3124 3636//3636
f 3889//3889 4205//4205 3636//3636 3125//3125
f 3251//3251 3933//3933 4206//4206 3891//3891
f 3933//3933 3250//3250 3666//3666 4206//4206
f 4206//4206 3666//3666 3110//3110 3621//3621
f 3891//3891 4206//4206 3621//3621 3109//3109
f 3253//3253 3932//3932 4207//4207 3893//3893
f 3932//3932 3252//3252 3668//3668 4207//4207
f 4207//4207 3668//3668 3127//3127 3639//3639
f 3893//3893 4207//4207 3639//3639 3128//3128
f 3255//3255 3931//3931 4208//4208 3895//3895
f 3931//3931 3254//3254 3670//3670 4208//4208
f 4208//4208 3670//3670 3118//3118 3630//3630
f 3895//3895 4208//4208 3630//3630 3119//3119
f 3237//3237 3930//3930 4209//4209 3653//3653
f 3930//3930 3256//3256 3672//3672 4209//4209
f 4209//4209 3672//3672 3137//3137 3649//3649
f 3653//3653 4209//4209 3649//3649 3138//3138
f 3241//3241 3929//3929 4210//4210 3657//3657
f 3929//3929 3253//3253 3893//3893 4210//4210
f 4210//4210 3893//3893 3128//3128 3640//3640
f 3657//3657 4210//4210 3640//3640 3129//3129
f 3258//3258 3928//3928 4211//4211 3898//3898
f 3928//3928 3257//3257 3673//3673 4211//4211
f 4211//4211 3673//3673 3131//3131 3643//3643
f 3898//3898 4211//4211 3643//3643 3132//3132
f 3245//3245 3927//3927 4212//4212 3661//3661
f 3927//3927 3259//3259 3675//3675 4212//4212
f 4212//4212 3675//3675 3122//3122 3634//3634
f 3661//3661 4212//4212 3634//3634 3123//3123
f 3243//3243 3926//3926 4213//4213 3659//3659
f 3926//3926 3260//3260 3676//3676 4213//4213
f 4213//4213 3676//3676 3113//3113 3625//3625
f 3659//3659 4213//4213 3625//3625 3114//3114
f 3247//3247 3925//3925 4214//4214 3663//3663
f 3925//3925 3258//3258 3898//3898 4214//4214
f 4214//4214 3898//3898 3132//3132 3644//3644
f 3663//3663 4214//4214 3644//3644 3133//3133
f 3252//3252 3924//3924 4215//4215 3668//3668
f 3924//3924 3261//3261 3677//3677 4215//4215
f 4215//4215 3677//3677 3126//3126 3638//3638
f 3668//3668 4215//4215 3638//3638 3127//3127
f 3254//3254 3923//3923 4216//4216 3670//3670
f 3923//3923 3262//3262 3678//3678 4216//4216
f 4216//4216 3678//3678 3117//3117 3629//3629
f 3670//3670 4216//4216 3629//3629 3118//3118
f 3264//3264 3922//3922 4217//4217 3904//3904
f 3922//3922 3263//3263 3679//3679 4217//4217
f 4217//4217 3679//3679 3135//3135 3647//3647
f 3904//3904 4217//4217 3647//3647 3136//3136
f 3266//3266 3921//3921 4218//4218 3906//3906
f 3921//3921 3265//3265 3681//3681 4218//4218
f 4218//4218 3681//3681 3111//3111 3623//3623
f 3906//3906 4218//4218 3623//3623 3112//3112
f 3256//3256 3920//3920 4219//4219 3672//3672
f 3920//3920 3264//3264 3904//3904 4219//4219
f 4219//4219 3904//3904 3136//3136 3648//3648
f 3672//3672 4219//4219 3648//3648 3137//3137
f 3267//3267 3919//3919 4220//4220 3907//3907
f 3919//3919 3238//3238 3878//3878 4220//4220
f 4220//4220 3878//3878 3139//3139 3651//3651
f 3907//3907 4220//4220 3651//3651 3140//3140
f 3259//3259 3918//3918 4221//4221 3675//3675
f 3918//3918 3240//3240 3880//3880 4221//4221
f 4221//4221 3880//3880 3121//3121 3633//3633
f 3675//3675 4221//4221 3633//3633 3122//3122
f 3260//3260 3917//3917 4222//4222 3676//3676
f 3917//3917 3266//3266 3906//3906 4222//4222
f 4222//4222 3906//3906 3112//3112 3624//3624
f 3676//3676 4222//4222 3624//3624 3113//3113
f 3257//3257 3916//3916 4223//4223 3673//3673
f 3916//3916 3242//3242 3882//3882 4223//4223
f 4223//4223 3882//3882 3130//3130 3642//3642
f 3673//3673 4223//4223 3642//3642 3131//3131
f 3268//3268 3915//3915 4224//4224 3908//3908
f 3915//3915 3244//3244 3884//3884 4224//4224
f 4224//4224 3884//3884 3115//3115 3627//3627
f 3908//3908 4224//4224 3627//3627 3116//3116
f 3250//3250 3914//3914 4225//4225 3666//3666
f 3914//3914 3267//3267 3907//3907 4225//4225
f 4225//4225 3907//3907 3140//3140 3652//3652
f 3666//3666 4225//4225 3652//3652 3110//3110
f 3262//3262 3913//3913 4226//4226 3678//3678
f 3913//3913 3268//3268 3908//3908 4226//4226
f 4226//4226 3908//3908 3116//3116 3628//3628
f 3678//3678 4226//4226 3628//3628 3117//3117
f 3263//3263 3912//3912 4227//4227 3679//3679
f 3912//3912 3248//3248 3888//3888 4227//4227
f 4227//4227 3888//3888 3134//3134 3646//3646
f 3679//3679 4227//4227 3646//3646 3135//3135
f 3261//3261 3911//3911 4228//4228 3677//3677
f 3911//3911 3249//3249 3889//3889 4228//4228
f 4228//4228 3889//3889 3125//3125 3637//3637
f 3677//3677 4228//4228 3637//3637 3126//3126
f 3265//3265 3910//3910 4229//4229 3681//3681
f 3910//3910 3251//3251 3891//3891 4229//4229
f 4229//4229 3891//3891 3109//3109 3622//3622
f 3681//3681 4229//4229 3622//3622 3111//3111
f 3239//3239 3909//3909 4230//4230 3655//3655
f 3909//3909 3255//3255 3895//3895 4230//4230
f 4230//4230 3895//3895 3119//3119 3631//3631
f 3655//3655 4230//4230 3631//3631 3120//3120
f 3043//3043 3459//3459 4231//4231 3461//3461
f 3459//3459 3171//3171 3717//3717 4231//4231
f 4231//4231 3717//3717 3172//3172 3460//3460
f 3461//3461 4231//4231 3460//3460 3044//3044
f 3044//3044 3460//3460 4232//4232 3462//3462
f 3460//3460 3172//3172 3718//3718 4232//4232
f 4232//4232 3718//3718 3141//3141 3685//3685
f 3462//3462 4232//4232 3685//3685 3013//3013
f 3042//3042 3458//3458 4233//4233 3463//3463
f 3458//3458 3170//3170 3719//3719 4233//4233
f 4233//4233 3719//3719 3171//3171 3459//3459
f 3463//3463 4233//4233 3459//3459 3043//3043
f 3041//3041 3457//3457 4234//4234 3464//3464
f 3457//3457 3169//3169 3720//3720 4234//4234
f 4234//4234 3720//3720 3170//3170 3458//3458
f 3464//3464 4234//4234 3458//3458 3042//3042
f 3040//3040 3456//3456 4235//4235 3465//3465
f 3456//3456 3168//3168 3721//3721 4235//4235
f 4235//4235 3721//3721 3169//3169 3457//3457
f 3465//3465 4235//4235 3457//3457 3041//3041
f 3039//3039 3455//3455 4236//4236 3466//3466
f 3455//3455 3167//3167 3722//3722 4236//4236
f 4236//4236 3722//3722 3168//3168 3456//3456
f 3466//3466 4236//4236 3456//3456 3040//3040
f 3038//3038 3454//3454 4237//4237 3467//3467
f 3454//3454 3166//3166 3723//3723 4237//4237
f 4237//4237 3723//3723 3167//3167 3455//3455
f 3467//3467 4237//4237 3455//3455 3039//3039
f 3037//3037 3453//3453 4238//4238 3468//3468
f 3453//3453 3165//3165 3724//3724 4238//4238
f 4238//4238 3724//3724 3166//3166 3454//3454
f 3468//3468 4238//4238 3454//3454 3038//3038
f 3036//3036 3452//3452 4239//4239 3469//3469
f 3452//3452 3164//3164 3725//3725 4239//4239
f 4239//4239 3725//3725 3165//3165 3453//3453
f 3469//3469 4239//4239 3453//3453 3037//3037
f 3035//3035 3451//3451 4240//4240 3470//3470
f 3451//3451 3163//3163 3726//3726 4240//4240
f 4240//4240 3726//3726 3164//3164 3452//3452
f 3470//3470 4240//4240 3452//3452 3036//3036
f 3034//3034 3450//3450 4241//4241 3471//3471
f 3450//3450 3162//3162 3727//3727 4241//4241
f 4241//4241 3727//3727 3163//3163 3451//3451
f 3471//3471 4241//4241 3451//3451 3035//3035
f 3033//3033 3449//3449 4242//4242 3472//3472
f 3449//3449 3161//3161 3728//3728 4242//4242
f 4242//4242 3728//3728 3162//3162 3450//3450
f 3472//3472 4242//4242 3450//3450 3034//3034
f 3032//3032 3448//3448 4243//4243 3473//3473
f 3448//3448 3160//3160 3729//3729 4243//4243
f 4243//4243 3729//3729 3161//3161 3449//3449
f 3473//3473 4243//4243 3449//3449 3033//3033
f 3031//3031 3447//3447 4244//4244 3474//3474
f 3447//3447 3159//3159 3730//3730 4244//4244
f 4244//4244 3730//3730 3160//3160 3448//3448
f 3474//3474 4244//4244 3448//3448 3032//3032
f 3030//3030 3446//3446 4245//4245 3475//3475
f 3446//3446 3158//3158 3731//3731 4245//4245
f 4245//4245 3731//3731 3159//3159 3447//3447
f 3475//3475 4245//4245 3447//3447 3031//3031
f 3029//3029 3445//3445 4246//4246 3476//3476
f 3445//3445 3157//3157 3732//3732 4246//4246
f 4246//4246 3732//3732 3158//3158 3446//3446
f 3476//3476 4246//4246 3446//3446 3030//3030
f 3028//3028 3444//3444 4247//4247 3477//3477
f 3444//3444 3156//3156 3733//3733 4247//4247
f 4247//4247 3733//3733 3157//3157 3445//3445
f 3477//3477 4247//4247 3445//3445 3029//3029
f 3027//3027 3443//3443 4248//4248 3478//3478
f 3443//3443 3155//3155 3734//3734 4248//4248
f 4248//4248 3734//3734 3156//3156 3444//3444
f 3478//3478 4248//4248 3444//3444 3028//3028
f 3026//3026 3442//3442 4249//4249 3479//3479
f 3442//3442 3154//3154 3735//3735 4249//4249
f 4249//4249 3735//3735 3155//3155 3443//3443
f 3479//3479 4249//4249 3443//3443 3027//3027
f 3025//3025 3441//3441 4250//4250 3480//3480
f 3441//3441 3153//3153 3736//3736 4250//4250
f 4250//4250 3736//3736 3154//3154 3442//3442
f 3480//3480 4250//4250 3442//3442 3026//3026
f 3024//3024 3440//3440 4251//4251 3481//3481
f 3440//3440 3152//3152 3737//3737 4251//4251
f 4251//4251 3737//3737 3153//3153 3441//3441
f 3481//3481 4251//4251 3441//3441 3025//3025
f 3023//3023 3439//3439 4252//4252 3482//3482
f 3439//3439 3151//3151 3738//3738 4252//4252
f 4252//4252 3738//3738 3152//3152 3440//3440
f 3482//3482 4252//4252 3440//3440 3024//3024
f 3022//3022 3438//3438 4253//4253 3483//3483
f 3438//3438 3150//3150 3739//3739 4253//4253
f 4253//4253 3739//3739 3151//3151 3439//3439
f 3483//3483 4253//4253 3439//3439 3023//3023
f 3021//3021 3437//3437 4254//4254 3484//3484
f 3437//3437 3149//3149 3740//3740 4254//4254
f 4254//4254 3740//3740 3150//3150 3438//3438
f 3484//3484 4254//4254 3438//3438 3022//3022
f 3020//3020 3436//3436 4255//4255 3485//3485
f 3436//3436 3148//3148 3741//3741 4255//4255
f 4255//4255 3741//3741 3149//3149 3437//3437
f 3485//3485 4255//4255 3437//3437 3021//3021
f 3019//3019 3435//3435 4256//4256 3486//3486
f 3435//3435 3147//3147 3742//3742 4256//4256
f 4256//4256 3742//3742 3148//3148 3436//3436
f 3486//3486 4256//4256 3436//3436 3020//3020
f 3018//3018 3434//3434 4257//4257 3487//3487
f 3434//3434 3146//3146 3743//3743 4257//4257
f 4257//4257 3743//3743 3147//3147 3435//3435
f 3487//3487 4257//4257 3435//3435 3019//3019
f 3017//3017 3433//3433 4258//4258 3488//3488
f 3433//3433 3145//3145 3744//3744 4258//4258
f 4258//4258 3744//3744 3146//3146 3434//3434
f 3488//3488 4258//4258 3434//3434 3018//3018
f 3016//3016 3432//3432 4259//4259 3489//3489
f 3432//3432 3144//3144 3745//3745 4259//4259
f 4259//4259 3745//3745 3145//3145 3433//3433
f 3489//3489 4259//4259 3433//3433 3017//3017
f 3015//3015 3431//3431 4260//4260 3490//3490
f 3431//3431 3143//3143 3746//3746 4260//4260
f 4260//4260 3746//3746 3144//3144 3432//3432
f 3490//3490 4260//4260 3432//3432 3016//3016
f 3014//3014 3430//3430 4261//4261 3491//3491
f 3430//3430 3142//3142 3747//3747 4261//4261
f 4261//4261 3747//3747 3143//3143 3431//3431
f 3491//3491 4261//4261 3431//3431 3015//3015
f 3013//3013 3685//3685 4262//4262 3492//3492
f 3685//3685 3141//3141 3748//3748 4262//4262
f 4262//4262 3748//3748 3142//3142 3430//3430
f 3492//3492 4262//4262 3430//3430 3014//3014
f 2949//2949 3780//3780 4263//4263 3333//3333
f 3780//3780 3204//3204 3781//3781 4263//4263
f 4263//4263 3781//3781 3173//3173 3336//3336
f 3333//3333 4263//4263 3336//3336 2951//2951
f 2951//2951 3336//3336 4264//4264 3337//3337
f 3336//3336 3173//3173 3782//3782 4264//4264
f 4264//4264 3782//3782 3174//3174 3339//3339
f 3337//3337 4264//4264 3339//3339 2953//2953
f 2953//2953 3339//3339 4265//4265 3340//3340
f 3339//3339 3174//3174 3783//3783 4265//4265
f 4265//4265 3783//3783 3175//3175 3342//3342
f 3340//3340 4265//4265 3342//3342 2955//2955
f 2955//2955 3342//3342 4266//4266 3343//3343
f 3342//3342 3175//3175 3784//3784 4266//4266
f 4266//4266 3784//3784 3176//3176 3345//3345
f 3343//3343 4266//4266 3345//3345 2957//2957
f 2957//2957 3345//3345 4267//4267 3346//3346
f 3345//3345 3176//3176 3785//3785 4267//4267
f 4267//4267 3785//3785 3177//3177 3348//3348
f 3346//3346 4267//4267 3348//3348 2959//2959
f 2959//2959 3348//3348 4268//4268 3349//3349
f 3348//3348 3177//3177 3786//3786 4268//4268
f 4268//4268 3786//3786 3178//3178 3351//3351
f 3349//3349 4268//4268 3351//3351 2961//2961
f 2961//2961 3351//3351 4269//4269 3352//3352
f 3351//3351 3178//3178 3787//3787 4269//4269
f 4269//4269 3787//3787 3179//3179 3354//3354
f 3352//3352 4269//4269 3354//3354 2963//2963
f 2963//2963 3354//3354 4270//4270 3355//3355
f 3354//3354 3179//3179 3788//3788 4270//4270
f 4270//4270 3788//3788 3180//3180 3357//3357
f 3355//3355 4270//4270 3357//3357 2965//2965
f 2965//2965 3357//3357 4271//4271 3358//3358
f 3357//3357 3180//3180 3789//3789 4271//4271
f 4271//4271 3789//3789 3181//3181 3360//3360
f 3358//3358 4271//4271 3360//3360 2967//2967
f 2967//2967 3360//3360 4272//4272 3361//3361
f 3360//3360 3181//3181 3790//3790 4272//4272
f 4272//4272 3790//3790 3182//3182 3363//3363
f 3361//3361 4272//4272 3363//3363 2969//2969
f 2969//2969 3363//3363 4273//4273 3364//3364
f 3363//3363 3182//3182 3791//3791 4273//4273
f 4273//4273 3791//3791 3183//3183 3366//3366
f 3364//3364 4273//4273 3366//3366 2971//2971
f 2971//2971 3366//3366 4274//4274 3367//3367
f 3366//3366 3183//3183 3792//3792 4274//4274
f 4274//4274 3792//3792 3184//3184 3369//3369
f 3367//3367 4274//4274 3369//3369 2973//2973
f 2973//2973 3369//3369 4275//4275 3370//3370
f 3369//3369 3184//3184 3793//3793 4275//4275
f 4275//4275 3793//3793 3185//3185 3372//3372
f 3370//3370 4275//4275 3372//3372 2975//2975
f 2975//2975 3372//3372 4276//4276 3373//3373
f 3372//3372 3185//3185 3794//3794 4276//4276
f 4276//4276 3794//3794 3186//3186 3375//3375
f 3373//3373 4276//4276 3375//3375 2977//2977
f 2977//2977 3375//3375 4277//4277 3376//3376
f 3375//3375 3186//3186 3795//3795 4277//4277
f 4277//4277 3795//3795 3187//3187 3378//3378
f 3376//3376 4277//4277 3378//3378 2979//2979
f 2979//2979 3378//3378 4278//4278 3379//3379
f 3378//3378 3187//3187 3796//3796 4278//4278
f 4278//4278 3796//3796 3188//3188 3381//3381
f 3379//3379 4278//4278 3381//3381 2981//2981
f 2981//2981 3381//3381 4279//4279 3382//3382
f 3381//3381 3188//3188 3797//3797 4279//4279
f 4279//4279 3797//3797 3189//3189 3384//3384
f 3382//3382 4279//4279 3384//3384 2983//2983
f 2983//2983 3384//3384 4280//4280 3385//3385
f 3384//3384 3189//3189 3798//3798 4280//4280
f 4280//4280 3798//3798 3190//3190 3387//3387
f 3385//3385 4280//4280 3387//3387 2985//2985
f 2985//2985 3387//3387 4281//4281 3388//3388
f 3387//3387 3190//3190 3799//3799 4281//4281
f 4281//4281 3799//3799 3191//3191 3390//3390
f 3388//3388 4281//4281 3390//3390 2987//2987
f 2987//2987 3390//3390 4282//4282 3391//3391
f 3390//3390 3191//3191 3800//3800 4282//4282
f 4282//4282 3800//3800 3192//3192 3393//3393
f 3391//3391 4282//4282 3393//3393 2989//2989
f 2989//2989 3393//3393 4283//4283 3394//3394
f 3393//3393 3192//3192 3801//3801 4283//4283
f 4283//4283 3801//3801 3193//3193 3396//3396
f 3394//3394 4283//4283 3396//3396 2991//2991
f 2991//2991 3396//3396 4284//4284 3397//3397
f 3396//3396 3193//3193 3802//3802 4284//4284
f 4284//4284 3802//3802 3194//3194 3399//3399
f 3397//3397 4284//4284 3399//3399 2993//2993
f 2993//2993 3399//3399 4285//4285 3400//3400
f 3399//3399 3194//3194 3803//3803 4285//4285
f 4285//4285 3803//3803 3195//3195 3402//3402
f 3400//3400 4285//4285 3402//3402 2995//2995
f 2995//2995 3402//3402 4286//4286 3403//3403
f 3402//3402 3195//3195 3804//3804 4286//4286
f 4286//4286 3804//3804 3196//3196 3405//3405
f 3403//3403 4286//4286 3405//3405 2997//2997
f 2997//2997 3405//3405 4287//4287 3406//3406
f 3405//3405 3196//3196 3805//3805 4287//4287
f 4287//4287 3805//3805 3197//3197 3408//3408
f 3406//3406 4287//4287 3408//3408 2999//2999
f 2999//2999 3408//3408 4288//4288 3409//3409
f 3408//3408 3197//3197 3806//3806 4288//4288
f 4288//4288 3806//3806 3198//3198 3411//3411
f 3409//3409 4288//4288 3411//3411 3001//3001
f 3001//3001 3411//3411 4289//4289 3412//3412
f 3411//3411 3198//3198 3807//3807 4289//4289
f 4289//4289 3807//3807 3199//3199 3414//3414
f 3412//3412 4289//4289 3414//3414 3003//3003
f 3003//3003 3414//3414 4290//4290 3415//3415
f 3414//3414 3199//3199 3808//3808 4290//4290
f 4290//4290 3808//3808 3200//3200 3417//3417
f 3415//3415 4290//4290 3417//3417 3005//3005
f 3005//3005 3417//3417 4291//4291 3418//3418
f 3417//3417 3200//3200 3809//3809 4291//4291
f 4291//4291 3809//3809 3201//3201 3420//3420
f 3418//3418 4291//4291 3420//3420 3007//3007
f 3007//3007 3420//3420 4292//4292 3421//3421
f 3420//3420 3201//3201 3810//3810 4292//4292
f 4292//4292 3810//3810 3202//3202 3423//3423
f 3421//3421 4292//4292 3423//3423 3009//3009
f 3011//3011 3426//3426 4293//4293 3427//3427
f 3426//3426 3203//3203 3811//3811 4293//4293
f 4293//4293 3811//3811 3204//3204 3780//3780
f 3427//3427 4293//4293 3780//3780 2949//2949
f 3009//3009 3423//3423 4294//4294 3424//3424
f 3423//3423 3202//3202 3812//3812 4294//4294
f 4294//4294 3812//3812 3203//3203 3426//3426
f 3424//3424 4294//4294 3426//3426 3011//3011
f 3048//3048 3495//3495 4295//4295 3817//3817
f 3495//3495 3047//3047 3608//3608 4295//4295
f 4295//4295 3608//3608 3224//3224 3845//3845
f 3817//3817 4295//4295 3845//3845 3209//3209
f 3063//3063 3510//3510 4296//4296 3841//3841
f 3510//3510 3062//3062 3606//3606 4296//4296
f 4296//4296 3606//3606 3222//3222 3846//3846
f 3841//3841 4296//4296 3846//3846 3233//3233
f 3072//3072 3519//3519 4297//4297 3813//3813
f 3519//3519 3071//3071 3604//3604 4297//4297
f 4297//4297 3604//3604 3220//3220 3847//3847
f 3813//3813 4297//4297 3847//3847 3205//3205
f 3054//3054 3501//3501 4298//4298 3843//3843
f 3501//3501 3053//3053 3602//3602 4298//4298
f 4298//4298 3602//3602 3218//3218 3848//3848
f 3843//3843 4298//4298 3848//3848 3235//3235
f 3069//3069 3516//3516 4299//4299 3840//3840
f 3516//3516 3068//3068 3620//3620 4299//4299
f 4299//4299 3620//3620 3236//3236 3849//3849
f 3840//3840 4299//4299 3849//3849 3232//3232
f 3068//3068 3515//3515 4300//4300 3620//3620
f 3515//3515 3067//3067 3596//3596 4300//4300
f 4300//4300 3596//3596 3212//3212 3850//3850
f 3620//3620 4300//4300 3850//3850 3236//3236
f 3050//3050 3497//3497 4301//4301 3839//3839
f 3497//3497 3049//3049 3594//3594 4301//4301
f 4301//4301 3594//3594 3210//3210 3851//3851
f 3839//3839 4301//4301 3851//3851 3231//3231
f 3059//3059 3506//3506 4302//4302 3837//3837
f 3506//3506 3058//3058 3598//3598 4302//4302
f 4302//4302 3598//3598 3214//3214 3852//3852
f 3837//3837 4302//4302 3852//3852 3229//3229
f 3065//3065 3512//3512 4303//4303 3836//3836
f 3512//3512 3064//3064 3618//3618 4303//4303
f 4303//4303 3618//3618 3234//3234 3853//3853
f 3836//3836 4303//4303 3853//3853 3228//3228
f 3074//3074 3521//3521 4304//4304 3835//3835
f 3521//3521 3073//3073 3590//3590 4304//4304
f 4304//4304 3590//3590 3206//3206 3854//3854
f 3835//3835 4304//4304 3854//3854 3227//3227
f 3045//3045 3493//3493 4305//4305 3831//3831
f 3493//3493 3046//3046 3601//3601 4305//4305
f 4305//4305 3601//3601 3217//3217 3855//3855
f 3831//3831 4305//4305 3855//3855 3223//3223
f 3055//3055 3502//3502 4306//4306 3833//3833
f 3502//3502 3054//3054 3843//3843 4306//4306
f 4306//4306 3843//3843 3235//3235 3856//3856
f 3833//3833 4306//4306 3856//3856 3225//3225
f 3064//3064 3511//3511 4307//4307 3618//3618
f 3511//3511 3063//3063 3841//3841 4307//4307
f 4307//4307 3841//3841 3233//3233 3857//3857
f 3618//3618 4307//4307 3857//3857 3234//3234
f 3061//3061 3508//3508 4308//4308 3829//3829
f 3508//3508 3060//3060 3614//3614 4308//4308
f 4308//4308 3614//3614 3230//3230 3858//3858
f 3829//3829 4308//4308 3858//3858 3221//3221
f 3070//3070 3517//3517 4309//4309 3827//3827
f 3517//3517 3069//3069 3840//3840 4309//4309
f 4309//4309 3840//3840 3232//3232 3859//3859
f 3827//3827 4309//4309 3859//3859 3219//3219
f 3051//3051 3498//3498 4310//4310 3823//3823
f 3498//3498 3050//3050 3839//3839 4310//4310
f 4310//4310 3839//3839 3231//3231 3860//3860
f 3823//3823 4310//4310 3860//3860 3215//3215
f 3060//3060 3507//3507 4311//4311 3614//3614
f 3507//3507 3059//3059 3837//3837 4311//4311
f 4311//4311 3837//3837 3229//3229 3861//3861
f 3614//3614 4311//4311 3861//3861 3230//3230
f 3057//3057 3504//3504 4312//4312 3821//3821
f 3504//3504 3056//3056 3610//3610 4312//4312
f 4312//4312 3610//3610 3226//3226 3862//3862
f 3821//3821 4312//4312 3862//3862 3213//3213
f 3066//3066 3513//3513 4313//4313 3819//3819
f 3513//3513 3065//3065 3836//3836 4313//4313
f 4313//4313 3836//3836 3228//3228 3863//3863
f 3819//3819 4313//4313 3863//3863 3211//3211
f 3075//3075 3522//3522 4314//4314 3815//3815
f 3522//3522 3074//3074 3835//3835 4314//4314
f 4314//4314 3835//3835 3227//3227 3864//3864
f 3815//3815 4314//4314 3864//3864 3207//3207
f 3056//3056 3503//3503 4315//4315 3610//3610
f 3503//3503 3055//3055 3833//3833 4315//4315
f 4315//4315 3833//3833 3225//3225 3865//3865
f 3610//3610 4315//4315 3865//3865 3226//3226
f 3047//3047 3494//3494 4316//4316 3608//3608
f 3494//3494 3045//3045 3831//3831 4316//4316
f 4316//4316 3831//3831 3223//3223 3866//3866
f 3608//3608 4316//4316 3866//3866 3224//3224
f 3062//3062 3509//3509 4317//4317 3606//3606
f 3509//3509 3061//3061 3829//3829 4317//4317
f 4317//4317 3829//3829 3221//3221 3867//3867
f 3606//3606 4317//4317 3867//3867 3222//3222
f 3071//3071 3518//3518 4318//4318 3604//3604
f 3518//3518 3070//3070 3827//3827 4318//4318
f 4318//4318 3827//3827 3219//3219 3868//3868
f 3604//3604 4318//4318 3868//3868 3220//3220
f 3053//3053 3500//3500 4319//4319 3602//3602
f 3500//3500 3052//3052 3600//3600 4319//4319
f 4319//4319 3600//3600 3216//3216 3869//3869
f 3602//3602 4319//4319 3869//3869 3218//3218
f 3046//3046 3524//3524 4320//4320 3601//3601
f 3524//3524 3076//3076 3592//3592 4320//4320
f 4320//4320 3592//3592 3208//3208 3870//3870
f 3601//3601 4320//4320 3870//3870 3217//3217
f 3052//3052 3499//3499 4321//4321 3600//3600
f 3499//3499 3051//3051 3823//3823 4321//4321
f 4321//4321 3823//3823 3215//3215 3871//3871
f 3600//3600 4321//4321 3871//3871 3216//3216
f 3058//3058 3505//3505 4322//4322 3598//3598
f 3505//3505 3057//3057 3821//3821 4322//4322
f 4322//4322 3821//3821 3213//3213 3872//3872
f 3598//3598 4322//4322 3872//3872 3214//3214
f 3067//3067 3514//3514 4323//4323 3596//3596
f 3514//3514 3066//3066 3819//3819 4323//4323
f 4323//4323 3819//3819 3211//3211 3873//3873
f 3596//3596 4323//4323 3873//3873 3212//3212
f 3049//3049 3496//3496 4324//4324 3594//3594
f 3496//3496 3048//3048 3817//3817 4324//4324
f 4324//4324 3817//3817 3209//3209 3874//3874
f 3594//3594 4324//4324 3874//3874 3210//3210
f 3076//3076 3523//3523 4325//4325 3592//3592
f 3523//3523 3075//3075 3815//3815 4325//4325
f 4325//4325 3815//3815 3207//3207 3875//3875
f 3592//3592 4325//4325 3875//3875 3208//3208
f 3073//3073 3520//3520 4326//4326 3590//3590
f 3520//3520 3072//3072 3813//3813 4326//4326
f 4326//4326 3813//3813 3205//3205 3876//3876
f 3590//3590 4326//4326 3876//3876 3206//3206
f 3088//3088 3567//3567 4327//4327 3879//3879
f 3567//3567 3087//3087 3671//3671 4327//4327
f 4327//4327 3671//3671 3255//3255 3909//3909
f 3879//3879 4327//4327 3909//3909 3239//3239
f 3079//3079 3558//3558 4328//4328 3905//3905
f 3558//3558 3077//3077 3667//3667 4328//4328
f 4328//4328 3667//3667 3251//3251 3910//3910
f 3905//3905 4328//4328 3910//3910 3265//3265
f 3094//3094 3573//3573 4329//4329 3901//3901
f 3573//3573 3093//3093 3665//3665 4329//4329
f 4329//4329 3665//3665 3249//3249 3911//3911
f 3901//3901 4329//4329 3911//3911 3261//3261
f 3103//3103 3582//3582 4330//4330 3903//3903
f 3582//3582 3102//3102 3664//3664 4330//4330
f 4330//4330 3664//3664 3248//3248 3912//3912
f 3903//3903 4330//4330 3912//3912 3263//3263
f 3085//3085 3564//3564 4331//4331 3902//3902
f 3564//3564 3084//3084 3684//3684 4331//4331
f 4331//4331 3684//3684 3268//3268 3913//3913
f 3902//3902 4331//4331 3913//3913 3262//3262
f 3078//3078 3588//3588 4332//4332 3890//3890
f 3588//3588 3108//3108 3683//3683 4332//4332
f 4332//4332 3683//3683 3267//3267 3914//3914
f 3890//3890 4332//4332 3914//3914 3250//3250
f 3084//3084 3563//3563 4333//4333 3684//3684
f 3563//3563 3083//3083 3660//3660 4333//4333
f 4333//4333 3660//3660 3244//3244 3915//3915
f 3684//3684 4333//4333 3915//3915 3268//3268
f 3099//3099 3578//3578 4334//4334 3897//3897
f 3578//3578 3098//3098 3658//3658 4334//4334
f 4334//4334 3658//3658 3242//3242 3916//3916
f 3897//3897 4334//4334 3916//3916 3257//3257
f 3081//3081 3560//3560 4335//4335 3900//3900
f 3560//3560 3080//3080 3682//3682 4335//4335
f 4335//4335 3682//3682 3266//3266 3917//3917
f 3900//3900 4335//4335 3917//3917 3260//3260
f 3090//3090 3569//3569 4336//4336 3899//3899
f 3569//3569 3089//3089 3656//3656 4336//4336
f 4336//4336 3656//3656 3240//3240 3918//3918
f 3899//3899 4336//4336 3918//3918 3259//3259
f 3108//3108 3587//3587 4337//4337 3683//3683
f 3587//3587 3107//3107 3654//3654 4337//4337
f 4337//4337 3654//3654 3238//3238 3919//3919
f 3683//3683 4337//4337 3919//3919 3267//3267
f 3105//3105 3584//3584 4338//4338 3896//3896
f 3584//3584 3104//3104 3680//3680 4338//4338
f 4338//4338 3680//3680 3264//3264 3920//3920
f 3896//3896 4338//4338 3920//3920 3256//3256
f 3080//3080 3559//3559 4339//4339 3682//3682
f 3559//3559 3079//3079 3905//3905 4339//4339
f 4339//4339 3905//3905 3265//3265 3921//3921
f 3682//3682 4339//4339 3921//3921 3266//3266
f 3104//3104 3583//3583 4340//4340 3680//3680
f 3583//3583 3103//3103 3903//3903 4340//4340
f 4340//4340 3903//3903 3263//3263 3922//3922
f 3680//3680 4340//4340 3922//3922 3264//3264
f 3086//3086 3565//3565 4341//4341 3894//3894
f 3565//3565 3085//3085 3902//3902 4341//4341
f 4341//4341 3902//3902 3262//3262 3923//3923
f 3894//3894 4341//4341 3923//3923 3254//3254
f 3095//3095 3574//3574 4342//4342 3892//3892
f 3574//3574 3094//3094 3901//3901 4342//4342
f 4342//4342 3901//3901 3261//3261 3924//3924
f 3892//3892 4342//4342 3924//3924 3252//3252
f 3101//3101 3580//3580 4343//4343 3887//3887
f 3580//3580 3100//3100 3674//3674 4343//4343
f 4343//4343 3674//3674 3258//3258 3925//3925
f 3887//3887 4343//4343 3925//3925 3247//3247
f 3082//3082 3561//3561 4344//4344 3883//3883
f 3561//3561 3081//3081 3900//3900 4344//4344
f 4344//4344 3900//3900 3260//3260 3926//3926
f 3883//3883 4344//4344 3926//3926 3243//3243
f 3091//3091 3570//3570 4345//4345 3885//3885
f 3570//3570 3090//3090 3899//3899 4345//4345
f 4345//4345 3899//3899 3259//3259 3927//3927
f 3885//3885 4345//4345 3927//3927 3245//3245
f 3100//3100 3579//3579 4346//4346 3674//3674
f 3579//3579 3099//3099 3897//3897 4346//4346
f 4346//4346 3897//3897 3257//3257 3928//3928
f 3674//3674 4346//4346 3928//3928 3258//3258
f 3097//3097 3576//3576 4347//4347 3881//3881
f 3576//3576 3096//3096 3669//3669 4347//4347
f 4347//4347 3669//3669 3253//3253 3929//3929
f 3881//3881 4347//4347 3929//3929 3241//3241
f 3106//3106 3585//3585 4348//4348 3877//3877
f 3585//3585 3105//3105 3896//3896 4348//4348
f 4348//4348 3896//3896 3256//3256 3930//3930
f 3877//3877 4348//4348 3930//3930 3237//3237
f 3087//3087 3566//3566 4349//4349 3671//3671
f 3566//3566 3086//3086 3894//3894 4349//4349
f 4349//4349 3894//3894 3254//3254 3931//3931
f 3671//3671 4349//4349 3931//3931 3255//3255
f 3096//3096 3575//3575 4350//4350 3669//3669
f 3575//3575 3095//3095 3892//3892 4350//4350
f 4350//4350 3892//3892 3252//3252 3932//3932
f 3669//3669 4350//4350 3932//3932 3253//3253
f 3077//3077 3557//3557 4351//4351 3667//3667
f 3557//3557 3078//3078 3890//3890 4351//4351
f 4351//4351 3890//3890 3250//3250 3933//3933
f 3667//3667 4351//4351 3933//3933 3251//3251
f 3093//3093 3572//3572 4352//4352 3665//3665
f 3572//3572 3092//3092 3662//3662 4352//4352
f 4352//4352 3662//3662 3246//3246 3934//3934
f 3665//3665 4352//4352 3934//3934 3249//3249
f 3102//3102 3581//3581 4353//4353 3664//3664
f 3581//3581 3101//3101 3887//3887 4353//4353
f 4353//4353 3887//3887 3247//3247 3935//3935
f 3664//3664 4353//4353 3935//3935 3248//3248
f 3092//3092 3571//3571 4354//4354 3662//3662
f 3571//3571 3091//3091 3885//3885 4354//4354
f 4354//4354 3885//3885 3245//3245 3936//3936
f 3662//3662 4354//4354 3936//3936 3246//3246
f 3083//3083 3562//3562 4355//4355 3660//3660
f 3562//3562 3082//3082 3883//3883 4355//4355
f 4355//4355 3883//3883 3243//3243 3937//3937
f 3660//3660 4355//4355 3937//3937 3244//3244
f 3098//3098 3577//3577 4356//4356 3658//3658
f 3577//3577 3097//3097 3881//3881 4356//4356
f 4356//4356 3881//3881 3241//3241 3938//3938
f 3658//3658 4356//4356 3938//3938 3242//3242
f 3089//3089 3568//3568 4357//4357 3656//3656
f 3568//3568 3088//3088 3879//3879 4357//4357
f 4357//4357 3879//3879 3239//3239 3939//3939
f 3656//3656 4357//4357 3939//3939 3240//3240
f 3107//3107 3586//3586 4358//4358 3654//3654
f 3586//3586 3106//3106 3877//3877 4358//4358
f 4358//4358 3877//3877 3237//3237 3940//3940
f 3654//3654 4358//4358 3940//3940 3238//3238
f 3269//3269 3941//3941 4359//4359 3942//3942
f 3270//3270 3972//3972 4359//4359 3941//3941
f 3300//3300 3971//3971 4359//4359 3972//3972
f 3299//3299 3970//3970 4359//4359 3971//3971
f 3298//3298 3969//3969 4359//4359 3970//3970
f 3297//3297 3968//3968 4359//4359 3969//3969
f 3296//3296 3967//3967 4359//4359 3968//3968
f 3295//3295 3966//3966 4359//4359 3967//3967
f 3294//3294 3965//3965 4359//4359 3966//3966
f 3293//3293 3964//3964 4359//4359 3965//3965
f 3292//3292 3963//3963 4359//4359 3964//3964
f 3291//3291 3962//3962 4359//4359 3963//3963
f 3290//3290 3961//3961 4359//4359 3962//3962
f 3289//3289 3960//3960 4359//4359 3961//3961
f 3288//3288 3959//3959 4359//4359 3960//3960
f 3287//3287 3958//3958 4359//4359 3959//3959
f 3286//3286 3957//3957 4359//4359 3958//3958
f 3285//3285 3956//3956 4359//4359 3957//3957
f 3284//3284 3955//3955 4359//4359 3956//3956
f 3283//3283 3954//3954 4359//4359 3955//3955
f 3282//3282 3953//3953 4359//4359 3954//3954
f 3281//3281 3952//3952 4359//4359 3953//3953
f 3280//3280 3951//3951 4359//4359 3952//3952
f 3279//3279 3950//3950 4359//4359 3951//3951
f 3278//3278 3949//3949 4359//4359 3950//3950
f 3277//3277 3948//3948 4359//4359 3949//3949
f 3276//3276 3947//3947 4359//4359 3948//3948
f 3275//3275 3946//3946 4359//4359 3947//3947
f 3274//3274 3945//3945 4359//4359 3946//3946
f 3273//3273 3944//3944 4359//4359 3945//3945
f 3272//3272 3943//3943 4359//4359 3944//3944
f 3271//3271 3942//3942 4359//4359 3943//3943
f 3129//3129 3640//3640 4360//4360 3976//3976
f 3640//3640 3128//3128 3975//3975 4360//4360
f 4360//4360 3975//3975 3288//3288 3960//3960
f 3976//3976 4360//4360 3960//3960 3289//3289
f 3114//3114 3625//3625 4361//4361 3978//3978
f 3625//3625 3113//3113 3977//3977 4361//4361
f 4361//4361 3977//3977 3273//3273 3945//3945
f 3978//3978 4361//4361 3945//3945 3274//3274
f 3132//3132 3643//3643 4362//4362 3980//3980
f 3643//3643 3131//3131 3979//3979 4362//4362
f 4362//4362 3979//3979 3291//3291 3963//3963
f 3980//3980 4362//4362 3963//3963 3292//3292
f 3123//3123 3634//3634 4363//4363 3982//3982
f 3634//3634 3122//3122 3981//3981 4363//4363
f 4363//4363 3981//3981 3282//3282 3954//3954
f 3982//3982 4363//4363 3954//3954 3283//3283
f 3133//3133 3644//3644 4364//4364 3983//3983
f 3644//3644 3132//3132 3980//3980 4364//4364
f 4364//4364 3980//3980 3292//3292 3964//3964
f 3983//3983 4364//4364 3964//3964 3293//3293
f 3136//3136 3647//3647 4365//4365 3985//3985
f 3647//3647 3135//3135 3984//3984 4365//4365
f 4365//4365 3984//3984 3295//3295 3967//3967
f 3985//3985 4365//4365 3967//3967 3296//3296
f 3127//3127 3638//3638 4366//4366 3987//3987
f 3638//3638 3126//3126 3986//3986 4366//4366
f 4366//4366 3986//3986 3286//3286 3958//3958
f 3987//3987 4366//4366 3958//3958 3287//3287
f 3118//3118 3629//3629 4367//4367 3989//3989
f 3629//3629 3117//3117 3988//3988 4367//4367
f 4367//4367 3988//3988 3277//3277 3949//3949
f 3989//3989 4367//4367 3949//3949 3278//3278
f 3112//3112 3623//3623 4368//4368 3991//3991
f 3623//3623 3111//3111 3990//3990 4368//4368
f 4368//4368 3990//3990 3271//3271 3943//3943
f 3991//3991 4368//4368 3943//3943 3272//3272
f 3137//3137 3648//3648 4369//4369 3973//3973
f 3648//3648 3136//3136 3985//3985 4369//4369
f 4369//4369 3985//3985 3296//3296 3968//3968
f 3973//3973 4369//4369 3968//3968 3297//3297
f 3140//3140 3651//3651 4370//4370 3993//3993
f 3651//3651 3139//3139 3992//3992 4370//4370
f 4370//4370 3992//3992 3299//3299 3971//3971
f 3993//3993 4370//4370 3971//3971 3300//3300
f 3131//3131 3642//3642 4371//4371 3979//3979
f 3642//3642 3130//3130 3994//3994 4371//4371
f 4371//4371 3994//3994 3290//3290 3962//3962
f 3979//3979 4371//4371 3962//3962 3291//3291
f 3122//3122 3633//3633 4372//4372 3981//3981
f 3633//3633 3121//3121 3995//3995 4372//4372
f 4372//4372 3995//3995 3281//3281 3953//3953
f 3981//3981 4372//4372 3953//3953 3282//3282
f 3113//3113 3624//3624 4373//4373 3977//3977
f 3624//3624 3112//3112 3991//3991 4373//4373
f 4373//4373 3991//3991 3272//3272 3944//3944
f 3977//3977 4373//4373 3944//3944 3273//3273
f 3116//3116 3627//3627 4374//4374 3997//3997
f 3627//3627 3115//3115 3996//3996 4374//4374
f 4374//4374 3996//3996 3275//3275 3947//3947
f 3997//3997 4374//4374 3947//3947 3276//3276
f 3110//3110 3652//3652 4375//4375 3998//3998
f 3652//3652 3140//3140 3993//3993 4375//4375
f 4375//4375 3993//3993 3300//3300 3972//3972
f 3998//3998 4375//4375 3972//3972 3270//3270
f 3126//3126 3637//3637 4376//4376 3986//3986
f 3637//3637 3125//3125 3999//3999 4376//4376
f 4376//4376 3999//3999 3285//3285 3957//3957
f 3986//3986 4376//4376 3957//3957 3286//3286
f 3117//3117 3628//3628 4377//4377 3988//3988
f 3628//3628 3116//3116 3997//3997 4377//4377
f 4377//4377 3997//3997 3276//3276 3948//3948
f 3988//3988 4377//4377 3948//3948 3277//3277
f 3135//3135 3646//3646 4378//4378 3984//3984
f 3646//3646 3134//3134 4000//4000 4378//4378
f 4378//4378 4000//4000 3294//3294 3966//3966
f 3984//3984 4378//4378 3966//3966 3295//3295
f 3120//3120 3631//3631 4379//4379 4002//4002
f 3631//3631 3119//3119 4001//4001 4379//4379
f 4379//4379 4001//4001 3279//3279 3951//3951
f 4002//4002 4379//4379 3951//3951 3280//3280
f 3111//3111 3622//3622 4380//4380 3990//3990
f 3622//3622 3109//3109 4003//4003 4380//4380
f 4380//4380 4003//4003 3269//3269 3942//3942
f 3990//3990 4380//4380 3942//3942 3271//3271
f 3139//3139 3650//3650 4381//4381 3992//3992
f 3650//3650 3138//3138 3974//3974 4381//4381
f 4381//4381 3974//3974 3298//3298 3970//3970
f 3992//3992 4381//4381 3970//3970 3299//3299
f 3121//3121 3632//3632 4382//4382 3995//3995
f 3632//3632 3120//3120 4002//4002 4382//4382
f 4382//4382 4002//4002 3280//3280 3952//3952
f 3995//3995 4382//4382 3952//3952 3281//3281
f 3130//3130 3641//3641 4383//4383 3994//3994
f 3641//3641 3129//3129 3976//3976 4383//4383
f 4383//4383 3976//3976 3289//3289 3961//3961
f 3994//3994 4383//4383 3961//3961 3290//3290
f 3115//3115 3626//3626 4384//4384 3996//3996
f 3626//3626 3114//3114 3978//3978 4384//4384
f 4384//4384 3978//3978 3274//3274 3946//3946
f 3996//3996 4384//4384 3946//3946 3275//3275
f 3124//3124 3635//3635 4385//4385 4004//4004
f 3635//3635 3123//3123 3982//3982 4385//4385
f 4385//4385 3982//3982 3283//3283 3955//3955
f 4004//4004 4385//4385 3955//3955 3284//3284
f 3134//3134 3645//3645 4386//4386 4000//4000
f 3645//3645 3133//3133 3983//3983 4386//4386
f 4386//4386 3983//3983 3293//3293 3965//3965
f 4000//4000 4386//4386 3965//3965 3294//3294
f 3125//3125 3636//3636 4387//4387 3999//3999
f 3636//3636 3124//3124 4004//4004 4387//4387
f 4387//4387 4004//4004 3284//3284 3956//3956
f 3999//3999 4387//4387 3956//3956 3285//3285
f 3109//3109 3621//3621 4388//4388 4003//4003
f 3621//3621 3110//3110 3998//3998 4388//4388
f 4388//4388 3998//3998 3270//3270 3941//3941
f 4003//4003 4388//4388 3941//3941 3269//3269
f 3128//3128 3639//3639 4389//4389 3975//3975
f 3639//3639 3127//3127 3987//3987 4389//4389
f 4389//4389 3987//3987 3287//3287 3959//3959
f 3975//3975 4389//4389 3959//3959 3288//3288
f 3119//3119 3630//3630 4390//4390 4001//4001
f 3630//3630 3118//3118 3989//3989 4390//4390
f 4390//4390 3989//3989 3278//3278 3950//3950
f 4001//4001 4390//4390 3950//3950 3279//3279
f 3301//3301 4005//4005 4391//4391 4036//4036
f 3302//3302 4006//4006 4391//4391 4005//4005
f 3303//3303 4007//4007 4391//4391 4006//4006
f 3304//3304 4008//4008 4391//4391 4007//4007
f 3305//3305 4009//4009 4391//4391 4008//4008
f 3306//3306 4010//4010 4391//4391 4009//4009
f 3307//3307 4011//4011 4391//4391 4010//4010
f 3308//3308 4012//4012 4391//4391 4011//4011
f 3309//3309 4013//4013 4391//4391 4012//4012
f 3310//3310 4014//4014 4391//4391 4013//4013
f 3311//3311 4015//4015 4391//4391 4014//4014
f 3312//3312 4016//4016 4391//4391 4015//4015
f 3313//3313 4017//4017 4391//4391 4016//4016
f 3314//3314 4018//4018 4391//4391 4017//4017
f 3315//3315 4019//4019 4391//4391 4018//4018
f 3316//3316 4020//4020 4391//4391 4019//4019
f 3317//3317 4021//4021 4391//4391 4020//4020
f 3318//3318 4022//4022 4391//4391 4021//4021
f 3319//3319 4023//4023 4391//4391 4022//4022
f 3320//3320 4024//4024 4391//4391 4023//4023
f 3321//3321 4025//4025 4391//4391 4024//4024
f 3322//3322 4026//4026 4391//4391 4025//4025
f 3323//3323 4027//4027 4391//4391 4026//4026
f 3324//3324 4028//4028 4391//4391 4027//4027
f 3325//3325 4029//4029 4391//4391 4028//4028
f 3326//3326 4030//4030 4391//4391 4029//4029
f 3327//3327 4031//4031 4391//4391 4030//4030
f 3328//3328 4032//4032 4391//4391 4031//4031
f 3329//3329 4033//4033 4391//4391 4032//4032
f 3330//3330 4034//4034 4391//4391 4033//4033
f 3331//3331 4035//4035 4391//4391 4034//4034
f 3332//3332 4036//4036 4391//4391 4035//4035
f 3009//3009 3424//3424 4392//4392 4040//4040
f 3424//3424 3011//3011 4039//4039 4392//4392
f 4392//4392 4039//4039 3332//3332 4035//4035
f 4040//4040 4392//4392 4035//4035 3331//3331
f 3011//3011 3427//3427 4393//4393 4039//4039
f 3427//3427 2949//2949 4038//4038 4393//4393
f 4393//4393 4038//4038 3301//3301 4036//4036
f 4039//4039 4393//4393 4036//4036 3332//3332
f 3005//3005 3418//3418 4394//4394 4042//4042
f 3418//3418 3007//3007 4041//4041 4394//4394
f 4394//4394 4041//4041 3330//3330 4033//4033
f 4042//4042 4394//4394 4033//4033 3329//3329
f 2999//2999 3409//3409 4395//4395 4044//4044
f 3409//3409 3001//3001 4043//4043 4395//4395
f 4395//4395 4043//4043 3327//3327 4030//4030
f 4044//4044 4395//4395 4030//4030 3326//3326
f 2993//2993 3400//3400 4396//4396 4046//4046
f 3400//3400 2995//2995 4045//4045 4396//4396
f 4396//4396 4045//4045 3324//3324 4027//4027
f 4046//4046 4396//4396 4027//4027 3323//3323
f 2995//2995 3403//3403 4397//4397 4045//4045
f 3403//3403 2997//2997 4047//4047 4397//4397
f 4397//4397 4047//4047 3325//3325 4028//4028
f 4045//4045 4397//4397 4028//4028 3324//3324
f 2977//2977 3376//3376 4398//4398 4049//4049
f 3376//3376 2979//2979 4048//4048 4398//4398
f 4398//4398 4048//4048 3316//3316 4019//4019
f 4049//4049 4398//4398 4019//4019 3315//3315
f 2989//2989 3394//3394 4399//4399 4051//4051
f 3394//3394 2991//2991 4050//4050 4399//4399
f 4399//4399 4050//4050 3322//3322 4025//4025
f 4051//4051 4399//4399 4025//4025 3321//3321
f 2983//2983 3385//3385 4400//4400 4053//4053
f 3385//3385 2985//2985 4052//4052 4400//4400
f 4400//4400 4052//4052 3319//3319 4022//4022
f 4053//4053 4400//4400 4022//4022 3318//3318
f 2961//2961 3352//3352 4401//4401 4055//4055
f 3352//3352 2963//2963 4054//4054 4401//4401
f 4401//4401 4054//4054 3308//3308 4011//4011
f 4055//4055 4401//4401 4011//4011 3307//3307
f 2973//2973 3370//3370 4402//4402 4057//4057
f 3370//3370 2975//2975 4056//4056 4402//4402
f 4402//4402 4056//4056 3314//3314 4017//4017
f 4057//4057 4402//4402 4017//4017 3313//3313
f 2967//2967 3361//3361 4403//4403 4059//4059
f 3361//3361 2969//2969 4058//4058 4403//4403
f 4403//4403 4058//4058 3311//3311 4014//4014
f 4059//4059 4403//4403 4014//4014 3310//3310
f 2979//2979 3379//3379 4404//4404 4048//4048
f 3379//3379 2981//2981 4060//4060 4404//4404
f 4404//4404 4060//4060 3317//3317 4020//4020
f 4048//4048 4404//4404 4020//4020 3316//3316
f 2957//2957 3346//3346 4405//4405 4062//4062
f 3346//3346 2959//2959 4061//4061 4405//4405
f 4405//4405 4061//4061 3306//3306 4009//4009
f 4062//4062 4405//4405 4009//4009 3305//3305
f 2951//2951 3337//3337 4406//4406 4037//4037
f 3337//3337 2953//2953 4063//4063 4406//4406
f 4406//4406 4063//4063 3303//3303 4006//4006
f 4037//4037 4406//4406 4006//4006 3302//3302
f 2963//2963 3355//3355 4407//4407 4054//4054
f 3355//3355 2965//2965 4064//4064 4407//4407
f 4407//4407 4064//4064 3309//3309 4012//4012
f 4054//4054 4407//4407 4012//4012 3308//3308
f 3007//3007 3421//3421 4408//4408 4041//4041
f 3421//3421 3009//3009 4040//4040 4408//4408
f 4408//4408 4040//4040 3331//3331 4034//4034
f 4041//4041 4408//4408 4034//4034 3330//3330
f 3001//3001 3412//3412 4409//4409 4043//4043
f 3412//3412 3003//3003 4065//4065 4409//4409
f 4409//4409 4065//4065 3328//3328 4031//4031
f 4043//4043 4409//4409 4031//4031 3327//3327
f 2991//2991 3397//3397 4410//4410 4050//4050
f 3397//3397 2993//2993 4046//4046 4410//4410
f 4410//4410 4046//4046 3323//3323 4026//4026
f 4050//4050 4410//4410 4026//4026 3322//3322
f 3003//3003 3415//3415 4411//4411 4065//4065
f 3415//3415 3005//3005 4042//4042 4411//4411
f 4411//4411 4042//4042 3329//3329 4032//4032
f 4065//4065 4411//4411 4032//4032 3328//3328
f 2985//2985 3388//3388 4412//4412 4052//4052
f 3388//3388 2987//2987 4066//4066 4412//4412
f 4412//4412 4066//4066 3320//3320 4023//4023
f 4052//4052 4412//4412 4023//4023 3319//3319
f 2997//2997 3406//3406 4413//4413 4047//4047
f 3406//3406 2999//2999 4044//4044 4413//4413
f 4413//4413 4044//4044 3326//3326 4029//4029
f 4047//4047 4413//4413 4029//4029 3325//3325
f 2987//2987 3391//3391 4414//4414 4066//4066
f 3391//3391 2989//2989 4051//4051 4414//4414
f 4414//4414 4051//4051 3321//3321 4024//4024
f 4066//4066 4414//4414 4024//4024 3320//3320
f 2969//2969 3364//3364 4415//4415 4058//4058
f 3364//3364 2971//2971 4067//4067 4415//4415
f 4415//4415 4067//4067 3312//3312 4015//4015
f 4058//4058 4415//4415 4015//4015 3311//3311
f 2981//2981 3382//3382 4416//4416 4060//4060
f 3382//3382 2983//2983 4053//4053 4416//4416
f 4416//4416 4053//4053 3318//3318 4021//4021
f 4060//4060 4416//4416 4021//4021 3317//3317
f 2975//2975 3373//3373 4417//4417 4056//4056
f 3373//3373 2977//2977 4049//4049 4417//4417
f 4417//4417 4049//4049 3315//3315 4018//4018
f 4056//4056 4417//4417 4018//4018 3314//3314
f 2965//2965 3358//3358 4418//4418 4064//4064
f 3358//3358 2967//2967 4059//4059 4418//4418
f 4418//4418 4059//4059 3310//3310 4013//4013
f 4064//4064 4418//4418 4013//4013 3309//3309
f 2959//2959 3349//3349 4419//4419 4061//4061
f 3349//3349 2961//2961 4055//4055 4419//4419
f 4419//4419 4055//4055 3307//3307 4010//4010
f 4061//4061 4419//4419 4010//4010 3306//3306
f 2971//2971 3367//3367 4420//4420 4067//4067
f 3367//3367 2973//2973 4057//4057 4420//4420
f 4420//4420 4057//4057 3313//3313 4016//4016
f 4067//4067 4420//4420 4016//4016 3312//3312
f 2953//2953 3340//3340 4421//4421 4063//4063
f 3340//3340 2955//2955 4068//4068 4421//4421
f 4421//4421 4068//4068 3304//3304 4007//4007
f 4063//4063 4421//4421 4007//4007 3303//3303
f 2955//2955 3343//3343 4422//4422 4068//4068
f 3343//3343 2957//2957 4062//4062 4422//4422
f 4422//4422 4062//4062 3305//3305 4008//4008
f 4068//4068 4422//4422 4008//4008 3304//3304
o Circle
v -0.000001 -0.089041 -4.514217
v -0.880680 -0.089041 -4.427477
v -1.727516 -0.089041 -4.170593
v -2.507964 -0.089041 -3.753434
v -3.192033 -0.089041 -3.192034
v -3.753434 -0.089041 -2.507964
v -4.170593 -0.089041 -1.727516
v -4.427477 -0.089041 -0.880680
v -4.514217 -0.089041 -0.000000
v -4.427477 -0.089041 0.880680
v -4.170593 -0.089041 1.727515
v -3.753434 -0.089041 2.507964
v -3.192034 -0.089041 3.192033
v -2.507964 -0.089041 3.753434
v -1.727515 -0.089041 4.170593
v -0.880679 -0.089041 4.427477
v 0.000001 -0.089041 4.514217
v 0.880682 -0.089041 4.427477
v 1.727518 -0.089041 4.170592
v 2.507967 -0.089041 3.753433
v 3.192035 -0.089041 3.192031
v 3.753436 -0.089041 2.507962
v 4.170594 -0.089041 1.727513
v 4.427478 -0.089041 0.880676
v 4.514217 -0.089041 -0.000004
v 4.427476 -0.089041 -0.880685
v 4.170590 -0.089041 -1.727521
v 3.753432 -0.089041 -2.507969
v 3.192029 -0.089041 -3.192037
v 2.507960 -0.089041 -3.753438
v 1.727510 -0.089041 -4.170595
v 0.880674 -0.089041 -4.427479
v -0.000001 -0.076558 -4.317201
v -0.842244 -0.076558 -4.234248
v -1.652122 -0.076558 -3.988574
v -2.398509 -0.076558 -3.589622
v -3.052723 -0.076558 -3.052722
v -3.589622 -0.076558 -2.398509
v -3.988574 -0.076558 -1.652122
v -4.234247 -0.076558 -0.842245
v -4.317202 -0.076558 -0.000000
v -4.234248 -0.076558 0.842244
v -3.988574 -0.076558 1.652121
v -3.589622 -0.076558 2.398509
v -3.052722 -0.076558 3.052722
v -2.398509 -0.076558 3.589622
v -1.652121 -0.076558 3.988574
v -0.842243 -0.076558 4.234248
v 0.000001 -0.076558 4.317201
v 0.842246 -0.076558 4.234247
v 1.652123 -0.076558 3.988573
v 2.398511 -0.076558 3.589620
v 3.052725 -0.076558 3.052721
v 3.589624 -0.076558 2.398506
v 3.988575 -0.076558 1.652118
v 4.234249 -0.076558 0.842240
v 4.317201 -0.076558 -0.000004
v 4.234247 -0.076558 -0.842249
v 3.988572 -0.076558 -1.652126
v 3.589619 -0.076558 -2.398513
v 3.052718 -0.076558 -3.052727
v 2.398504 -0.076558 -3.589625
v 1.652115 -0.076558 -3.988576
v 0.842239 -0.076558 -4.234249
v -0.000001 -0.089041 -2.590691
v -0.505419 -0.089041 -2.540911
v -0.991414 -0.089041 -2.393486
v -1.439311 -0.089041 -2.154081
v -1.831895 -0.089041 -1.831895
v -2.154080 -0.089041 -1.439311
v -2.393486 -0.089041 -0.991415
v -2.540911 -0.089041 -0.505419
v -2.590690 -0.089041 -0.000001
v -2.540911 -0.089041 0.505418
v -2.393486 -0.089041 0.991413
v -2.154080 -0.089041 1.439310
v -1.831895 -0.089041 1.831894
v -1.439310 -0.089041 2.154080
v -0.991414 -0.089041 2.393485
v -0.505418 -0.089041 2.540910
v 0.000001 -0.089041 2.590690
v 0.505419 -0.089041 2.540910
v 0.991415 -0.089041 2.393485
v 1.439312 -0.089041 2.154079
v 1.831896 -0.089041 1.831893
v 2.154081 -0.089041 1.439308
v 2.393486 -0.089041 0.991412
v 2.540911 -0.089041 0.505416
v 2.590690 -0.089041 -0.000003
v 2.540910 -0.089041 -0.505422
v 2.393485 -0.089041 -0.991417
v 2.154078 -0.089041 -1.439314
v 1.831892 -0.089041 -1.831898
v 1.439307 -0.089041 -2.154083
v 0.991411 -0.089041 -2.393487
v 0.505415 -0.089041 -2.540912
v -0.000001 -0.089041 -1.151152
v -0.224579 -0.089041 -1.129033
v -0.440527 -0.089041 -1.063526
v -0.639545 -0.089041 -0.957148
v -0.813987 -0.089041 -0.813987
v -0.957147 -0.089041 -0.639546
v -1.063525 -0.089041 -0.440527
v -1.129032 -0.089041 -0.224579
v -1.151151 -0.089041 -0.000001
v -1.129032 -0.089041 0.224577
v -1.063525 -0.089041 0.440525
v -0.957147 -0.089041 0.639544
v -0.813987 -0.089041 0.813986
v -0.639545 -0.089041 0.957146
v -0.440526 -0.089041 1.063524
v -0.224578 -0.089041 1.129031
v 0.000000 -0.089041 1.151150
v 0.224579 -0.089041 1.129031
v 0.440527 -0.089041 1.063523
v 0.639545 -0.089041 0.957145
v 0.813987 -0.089041 0.813985
v 0.957147 -0.089041 0.639543
v 1.063525 -0.089041 0.440524
v 1.129032 -0.089041 0.224576
v 1.151150 -0.089041 -0.000002
v 1.129031 -0.089041 -0.224581
v 1.063524 -0.089041 -0.440529
v 0.957146 -0.089041 -0.639547
v 0.813985 -0.089041 -0.813989
v 0.639544 -0.089041 -0.957149
v 0.440525 -0.089041 -1.063526
v 0.224577 -0.089041 -1.129033
v -0.000000 -0.089041 -0.447840
v -0.087369 -0.089041 -0.439235
v -0.171381 -0.089041 -0.413750
v -0.248806 -0.089041 -0.372366
v -0.316670 -0.089041 -0.316671
v -0.372365 -0.089041 -0.248807
v -0.413749 -0.089041 -0.171382
v -0.439234 -0.089041 -0.087370
v -0.447839 -0.089041 -0.000001
v -0.439234 -0.089041 0.087368
v -0.413749 -0.089041 0.171379
v -0.372365 -0.089041 0.248805
v -0.316670 -0.089041 0.316669
v -0.248806 -0.089041 0.372363
v -0.171381 -0.089041 0.413748
v -0.087369 -0.089041 0.439232
v -0.000000 -0.089041 0.447837
v 0.087369 -0.089041 0.439232
v 0.171380 -0.089041 0.413748
v 0.248806 -0.089041 0.372363
v 0.316670 -0.089041 0.316668
v 0.372364 -0.089041 0.248804
v 0.413749 -0.089041 0.171379
v 0.439233 -0.089041 0.087367
v 0.447838 -0.089041 -0.000002
v 0.439233 -0.089041 -0.087371
v 0.413749 -0.089041 -0.171382
v 0.372364 -0.089041 -0.248808
v 0.316669 -0.089041 -0.316672
v 0.248805 -0.089041 -0.372366
v 0.171380 -0.089041 -0.413751
v 0.087368 -0.089041 -0.439235
v -0.880680 -0.017298 -4.427477
v -0.000001 -0.017298 -4.514217
v -1.727516 -0.017298 -4.170592
v -2.507964 -0.017298 -3.753434
v -3.192034 -0.017298 -3.192033
v -3.753434 -0.017298 -2.507964
v -4.170592 -0.017298 -1.727516
v -4.427477 -0.017298 -0.880680
v -4.514216 -0.017298 -0.000000
v -4.427477 -0.017298 0.880679
v -4.170592 -0.017298 1.727515
v -3.753434 -0.017298 2.507964
v -3.192033 -0.017298 3.192033
v -2.507964 -0.017298 3.753434
v -1.727515 -0.017298 4.170593
v -0.880679 -0.017298 4.427477
v 0.000001 -0.017298 4.514216
v 0.880682 -0.017298 4.427477
v 1.727518 -0.017298 4.170591
v 2.507967 -0.017298 3.753433
v 3.192035 -0.017298 3.192031
v 3.753436 -0.017298 2.507962
v 4.170594 -0.017298 1.727512
v 4.427478 -0.017298 0.880676
v 4.514216 -0.017298 -0.000004
v 4.427476 -0.017298 -0.880685
v 4.170590 -0.017298 -1.727520
v 3.753431 -0.017298 -2.507969
v 3.192029 -0.017298 -3.192037
v 2.507959 -0.017298 -3.753438
v 1.727510 -0.017298 -4.170595
v 0.880674 -0.017298 -4.427478
v -0.844677 -0.017298 -4.246479
v -0.000001 -0.017298 -4.329672
v -1.656894 -0.017298 -4.000096
v -2.405437 -0.017298 -3.599991
v -3.061541 -0.017298 -3.061541
v -3.599991 -0.017298 -2.405437
v -4.000095 -0.017298 -1.656894
v -4.246479 -0.017298 -0.844677
v -4.329672 -0.017298 -0.000000
v -4.246479 -0.017298 0.844677
v -4.000096 -0.017298 1.656893
v -3.599991 -0.017298 2.405437
v -3.061541 -0.017298 3.061541
v -2.405437 -0.017298 3.599991
v -1.656893 -0.017298 4.000096
v -0.844676 -0.017298 4.246479
v 0.000001 -0.017298 4.329672
v 0.844679 -0.017298 4.246478
v 1.656896 -0.017298 4.000094
v 2.405439 -0.017298 3.599989
v 3.061542 -0.017298 3.061539
v 3.599993 -0.017298 2.405434
v 4.000097 -0.017298 1.656891
v 4.246480 -0.017298 0.844673
v 4.329672 -0.017298 -0.000004
v 4.246478 -0.017298 -0.844682
v 4.000094 -0.017298 -1.656898
v 3.599988 -0.017298 -2.405441
v 3.061536 -0.017298 -3.061544
v 2.405432 -0.017298 -3.599994
v 1.656888 -0.017298 -4.000098
v 0.844672 -0.017298 -4.246480
v -0.880680 0.044891 -4.427477
v -0.000001 0.044891 -4.514217
v -1.727516 0.044891 -4.170592
v -2.507964 0.044891 -3.753434
v -3.192034 0.044891 -3.192033
v -3.753434 0.044891 -2.507964
v -4.170592 0.044891 -1.727516
v -4.427477 0.044891 -0.880680
v -4.514216 0.044891 -0.000000
v -4.427477 0.044891 0.880679
v -4.170592 0.044891 1.727515
v -3.753434 0.044891 2.507964
v -3.192033 0.044891 3.192033
v -2.507964 0.044891 3.753434
v -1.727515 0.044891 4.170593
v -0.880679 0.044891 4.427477
v 0.000001 0.044891 4.514216
v 0.880682 0.044891 4.427477
v 1.727518 0.044891 4.170591
v 2.507967 0.044891 3.753433
v 3.192035 0.044891 3.192031
v 3.753436 0.044891 2.507962
v 4.170594 0.044891 1.727512
v 4.427478 0.044891 0.880676
v 4.514216 0.044891 -0.000004
v 4.427476 0.044891 -0.880685
v 4.170590 0.044891 -1.727520
v 3.753431 0.044891 -2.507969
v 3.192029 0.044891 -3.192037
v 2.507959 0.044891 -3.753438
v 1.727510 0.044891 -4.170595
v 0.880674 0.044891 -4.427478
v -0.844677 0.044891 -4.246479
v -0.000001 0.044891 -4.329672
v -1.656894 0.044891 -4.000096
v -2.405437 0.044891 -3.599991
v -3.061541 0.044891 -3.061541
v -3.599991 0.044891 -2.405437
v -4.000095 0.044891 -1.656894
v -4.246479 0.044891 -0.844677
v -4.329672 0.044891 -0.000000
v -4.246479 0.044891 0.844677
v -4.000096 0.044891 1.656893
v -3.599991 0.044891 2.405437
v -3.061541 0.044891 3.061541
v -2.405437 0.044891 3.599991
v -1.656893 0.044891 4.000096
v -0.844676 0.044891 4.246479
v 0.000001 0.044891 4.329672
v 0.844679 0.044891 4.246478
v 1.656896 0.044891 4.000094
v 2.405439 0.044891 3.599989
v 3.061542 0.044891 3.061539
v 3.599993 0.044891 2.405434
v 4.000097 0.044891 1.656891
v 4.246480 0.044891 0.844673
v 4.329672 0.044891 -0.000004
v 4.246478 0.044891 -0.844682
v 4.000094 0.044891 -1.656898
v 3.599988 0.044891 -2.405441
v 3.061536 0.044891 -3.061544
v 2.405432 0.044891 -3.599994
v 1.656888 0.044891 -4.000098
v 0.844672 0.044891 -4.246480
v -0.874680 0.103789 -4.397311
v -0.000001 0.103789 -4.483459
v -1.715746 0.103789 -4.142176
v -2.490876 0.103789 -3.727860
v -3.170285 0.103789 -3.170285
v -3.727860 0.103789 -2.490876
v -4.142176 0.103789 -1.715746
v -4.397310 0.103789 -0.874680
v -4.483459 0.103789 -0.000000
v -4.397311 0.103789 0.874679
v -4.142176 0.103789 1.715745
v -3.727861 0.103789 2.490876
v -3.170285 0.103789 3.170284
v -2.490876 0.103789 3.727860
v -1.715745 0.103789 4.142177
v -0.874678 0.103789 4.397312
v 0.000001 0.103789 4.483459
v 0.874681 0.103789 4.397310
v 1.715747 0.103789 4.142175
v 2.490878 0.103789 3.727859
v 3.170286 0.103789 3.170282
v 3.727862 0.103789 2.490874
v 4.142178 0.103789 1.715742
v 4.397312 0.103789 0.874676
v 4.483459 0.103789 -0.000004
v 4.397310 0.103789 -0.874684
v 4.142174 0.103789 -1.715750
v 3.727857 0.103789 -2.490881
v 3.170280 0.103789 -3.170288
v 2.490872 0.103789 -3.727863
v 1.715740 0.103789 -4.142179
v 0.874674 0.103789 -4.397312
v -0.850678 0.103789 -4.276645
v -0.000001 0.103789 -4.360430
v -1.668664 0.103789 -4.028512
v -2.422525 0.103789 -3.625565
v -3.083289 0.103789 -3.083289
v -3.625565 0.103789 -2.422525
v -4.028512 0.103789 -1.668664
v -4.276645 0.103789 -0.850678
v -4.360430 0.103789 -0.000000
v -4.276645 0.103789 0.850677
v -4.028512 0.103789 1.668664
v -3.625565 0.103789 2.422525
v -3.083289 0.103789 3.083289
v -2.422525 0.103789 3.625565
v -1.668664 0.103789 4.028512
v -0.850677 0.103789 4.276645
v 0.000001 0.103789 4.360429
v 0.850679 0.103789 4.276645
v 1.668666 0.103789 4.028511
v 2.422527 0.103789 3.625563
v 3.083291 0.103789 3.083287
v 3.625566 0.103789 2.422522
v 4.028513 0.103789 1.668661
v 4.276646 0.103789 0.850674
v 4.360429 0.103789 -0.000004
v 4.276644 0.103789 -0.850682
v 4.028510 0.103789 -1.668669
v 3.625561 0.103789 -2.422529
v 3.083285 0.103789 -3.083293
v 2.422520 0.103789 -3.625568
v 1.668658 0.103789 -4.028514
v 0.850672 0.103789 -4.276647
v 2.215034 -0.089041 -3.315042
v 1.525739 -0.089041 -3.683476
v 2.819211 -0.089041 2.819207
v 3.315040 -0.089041 2.215036
v -3.315039 -0.089041 2.215038
v -2.819209 -0.089041 2.819209
v -1.525744 -0.089041 3.683474
v -0.777817 -0.089041 3.910355
v -3.315039 -0.089041 -2.215038
v -3.683474 -0.089041 -1.525745
v 0.000001 -0.089041 3.986963
v 3.986963 -0.089041 -0.000004
v 3.910354 -0.089041 -0.777822
v -3.910355 -0.089041 0.777817
v -3.683474 -0.089041 1.525744
v -0.000001 -0.089041 -3.986963
v -0.777818 -0.089041 -3.910355
v 1.525746 -0.089041 3.683473
v 2.215040 -0.089041 3.315037
v 2.819205 -0.089041 -2.819212
v -2.819209 -0.089041 -2.819209
v 3.683475 -0.089041 1.525742
v 3.910355 -0.089041 0.777814
v -2.215038 -0.089041 3.315039
v -3.986963 -0.089041 -0.000000
v 3.683472 -0.089041 -1.525749
v 3.315036 -0.089041 -2.215042
v 0.777820 -0.089041 3.910354
v -1.525745 -0.089041 -3.683474
v -2.215038 -0.089041 -3.315039
v 0.777813 -0.089041 -3.910356
v -3.910355 -0.089041 -0.777818
v -0.442469 -0.089041 -4.492462
v -1.310403 -0.089041 -4.319819
v -2.127979 -0.089041 -3.981168
v -2.863778 -0.089041 -3.489523
v -3.489523 -0.089041 -2.863778
v -3.981169 -0.089041 -2.127979
v -4.319819 -0.089041 -1.310403
v -4.492462 -0.089041 -0.442469
v -4.492462 -0.089041 0.442468
v -4.319819 -0.089041 1.310402
v -3.981169 -0.089041 2.127978
v -3.489523 -0.089041 2.863778
v -2.863778 -0.089041 3.489523
v -2.127978 -0.089041 3.981169
v -1.310402 -0.089041 4.319819
v -0.442468 -0.089041 4.492462
v 0.442471 -0.089041 4.492462
v 1.310405 -0.089041 4.319818
v 2.127981 -0.089041 3.981167
v 2.863780 -0.089041 3.489522
v 3.489525 -0.089041 2.863776
v 3.981170 -0.089041 2.127976
v 4.319820 -0.089041 1.310399
v 4.492462 -0.089041 0.442465
v 4.492462 -0.089041 -0.442473
v 4.319818 -0.089041 -1.310408
v 3.981165 -0.089041 -2.127983
v 3.489519 -0.089041 -2.863782
v 2.863773 -0.089041 -3.489527
v 2.127973 -0.089041 -3.981171
v 1.310397 -0.089041 -4.319821
v 0.442465 -0.089041 -4.492463
v -0.423158 -0.076558 -4.296396
v -1.253213 -0.076558 -4.131288
v -2.035107 -0.076558 -3.807417
v -2.738793 -0.076558 -3.337229
v -3.337229 -0.076558 -2.738793
v -3.807417 -0.076558 -2.035107
v -4.131289 -0.076558 -1.253213
v -4.296396 -0.076558 -0.423158
v -4.296396 -0.076558 0.423158
v -4.131288 -0.076558 1.253212
v -3.807417 -0.076558 2.035106
v -3.337229 -0.076558 2.738793
v -2.738793 -0.076558 3.337229
v -2.035106 -0.076558 3.807417
v -1.253212 -0.076558 4.131289
v -0.423157 -0.076558 4.296396
v 0.423160 -0.076558 4.296396
v 1.253214 -0.076558 4.131288
v 2.035109 -0.076558 3.807416
v 2.738795 -0.076558 3.337227
v 3.337231 -0.076558 2.738791
v 3.807418 -0.076558 2.035104
v 4.131289 -0.076558 1.253209
v 4.296397 -0.076558 0.423154
v 4.296396 -0.076558 -0.423162
v 4.131287 -0.076558 -1.253217
v 3.807415 -0.076558 -2.035111
v 3.337225 -0.076558 -2.738797
v 2.738789 -0.076558 -3.337233
v 2.035101 -0.076558 -3.807420
v 1.253206 -0.076558 -4.131290
v 0.423155 -0.076558 -4.296397
v 4.170590 -0.051987 -1.727521
v 4.427476 -0.051987 -0.880685
v -3.060438 -0.050426 3.060439
v -2.404571 -0.050426 3.598695
v -1.656297 -0.050426 3.998656
v -0.844372 -0.050426 4.244950
v 3.192036 -0.051987 3.192031
v 2.507967 -0.051987 3.753433
v 4.170594 -0.051987 1.727513
v 3.753436 -0.051987 2.507962
v -4.328113 -0.050426 -0.000000
v -4.244950 -0.050426 0.844372
v -3.998655 -0.050426 1.656297
v -3.598695 -0.050426 2.404571
v 0.844368 -0.050426 -4.244951
v -0.000001 -0.050426 -4.328114
v 0.000001 -0.051987 4.514217
v -0.880679 -0.051987 4.427477
v 1.727518 -0.051987 4.170592
v 0.880682 -0.051987 4.427477
v -3.060439 -0.050426 -3.060438
v -3.598695 -0.050426 -2.404571
v -3.998655 -0.050426 -1.656297
v -4.244950 -0.050426 -0.844373
v 3.598692 -0.050426 -2.404576
v 3.060434 -0.050426 -3.060442
v -3.192034 -0.051987 3.192033
v -3.753434 -0.051987 2.507964
v 2.404566 -0.050426 -3.598699
v 1.656291 -0.050426 -3.998657
v -1.727515 -0.051987 4.170593
v -2.507964 -0.051987 3.753434
v -0.253931 -0.089041 -2.578206
v -0.752035 -0.089041 -2.479127
v -1.221238 -0.089041 -2.284776
v -1.643510 -0.089041 -2.002623
v -2.002623 -0.089041 -1.643511
v -2.284776 -0.089041 -1.221239
v -2.479126 -0.089041 -0.752035
v -2.578206 -0.089041 -0.253932
v -2.578206 -0.089041 0.253930
v -2.479127 -0.089041 0.752034
v -2.284776 -0.089041 1.221237
v -2.002623 -0.089041 1.643510
v -1.643510 -0.089041 2.002622
v -1.221238 -0.089041 2.284775
v -0.752034 -0.089041 2.479126
v -0.253930 -0.089041 2.578205
v 0.253932 -0.089041 2.578204
v 0.752036 -0.089041 2.479125
v 1.221239 -0.089041 2.284775
v 1.643511 -0.089041 2.002621
v 2.002624 -0.089041 1.643508
v 2.284777 -0.089041 1.221236
v 2.479127 -0.089041 0.752032
v 2.578206 -0.089041 0.253928
v 2.578205 -0.089041 -0.253934
v 2.479125 -0.089041 -0.752038
v 2.284775 -0.089041 -1.221241
v 2.002620 -0.089041 -1.643513
v 1.643507 -0.089041 -2.002626
v 1.221235 -0.089041 -2.284779
v 0.752031 -0.089041 -2.479128
v 0.253929 -0.089041 -2.578206
v 1.879236 -0.089041 -2.812485
v 1.629160 -0.087481 -3.933157
v 2.391820 -0.089041 2.391817
v 3.539747 -0.087481 2.365180
v -2.812482 -0.089041 1.879240
v -3.010306 -0.087481 3.010306
v -1.294443 -0.089041 3.125062
v -0.830541 -0.087481 4.175415
v -2.812482 -0.089041 -1.879240
v -3.933154 -0.087481 -1.629166
v 0.000001 -0.087481 4.257216
v 3.382543 -0.089041 -0.000004
v 4.175414 -0.087481 -0.830546
v -3.317548 -0.089041 0.659901
v -3.933155 -0.087481 1.629165
v -0.000001 -0.089041 -3.382543
v -0.830542 -0.087481 -4.175415
v 1.294444 -0.089041 3.125061
v 2.365184 -0.087481 3.539745
v 2.391816 -0.089041 -2.391822
v -2.391819 -0.089041 -2.391819
v 3.125063 -0.089041 1.294440
v 4.175416 -0.087481 0.830538
v -1.879240 -0.089041 2.812481
v -3.382543 -0.089041 -0.000001
v 3.125061 -0.089041 -1.294447
v 3.539743 -0.087481 -2.365186
v 0.659903 -0.089041 3.317547
v -1.294443 -0.089041 -3.125062
v -2.365183 -0.087481 -3.539746
v 0.830536 -0.087481 -4.175416
v -4.175415 -0.087481 -0.830542
v -0.112832 -0.089041 -1.145604
v -0.334160 -0.089041 -1.101579
v -0.542647 -0.089041 -1.015221
v -0.730280 -0.089041 -0.889849
v -0.889848 -0.089041 -0.730281
v -1.015221 -0.089041 -0.542648
v -1.101578 -0.089041 -0.334161
v -1.145603 -0.089041 -0.112833
v -1.145603 -0.089041 0.112831
v -1.101579 -0.089041 0.334159
v -1.015221 -0.089041 0.542646
v -0.889848 -0.089041 0.730278
v -0.730280 -0.089041 0.889847
v -0.542647 -0.089041 1.015219
v -0.334160 -0.089041 1.101577
v -0.112832 -0.089041 1.145602
v 0.112832 -0.089041 1.145602
v 0.334160 -0.089041 1.101577
v 0.542647 -0.089041 1.015219
v 0.730280 -0.089041 0.889847
v 0.889848 -0.089041 0.730278
v 1.015221 -0.089041 0.542645
v 1.101578 -0.089041 0.334158
v 1.145603 -0.089041 0.112830
v 1.145603 -0.089041 -0.112834
v 1.101578 -0.089041 -0.334162
v 1.015220 -0.089041 -0.542649
v 0.889847 -0.089041 -0.730282
v 0.730278 -0.089041 -0.889850
v 0.542645 -0.089041 -1.015222
v 0.334158 -0.089041 -1.101580
v 0.112831 -0.089041 -1.145604
v 1.277677 -0.089041 -1.277682
v 1.003864 -0.089041 -1.502394
v 1.003867 -0.089041 1.502390
v 1.277680 -0.089041 1.277677
v -1.003866 -0.089041 1.502391
v -0.691475 -0.089041 1.669367
v -1.277679 -0.089041 -1.277680
v -1.502392 -0.089041 -1.003867
v 1.669369 -0.089041 0.691473
v 1.772192 -0.089041 0.352508
v 1.806911 -0.089041 -0.000003
v -1.806911 -0.089041 -0.000001
v -1.772192 -0.089041 0.352510
v 1.669367 -0.089041 -0.691478
v 1.502391 -0.089041 -1.003869
v 0.352511 -0.089041 1.772191
v 0.691476 -0.089041 1.669367
v -0.691475 -0.089041 -1.669369
v -1.003866 -0.089041 -1.502393
v 0.691472 -0.089041 -1.669370
v 0.352508 -0.089041 -1.772193
v 1.502392 -0.089041 1.003864
v -1.277679 -0.089041 1.277679
v -1.669368 -0.089041 -0.691476
v -1.772192 -0.089041 -0.352512
v -0.000001 -0.089041 -1.806912
v 1.772191 -0.089041 -0.352514
v 0.000000 -0.089041 1.806910
v -0.352511 -0.089041 -1.772193
v -1.669368 -0.089041 0.691474
v -1.502392 -0.089041 1.003865
v -0.352511 -0.089041 1.772191
v -0.037201 -0.089041 -0.377709
v -0.110174 -0.089041 -0.363194
v -0.178912 -0.089041 -0.334722
v -0.240775 -0.089041 -0.293386
v -0.293385 -0.089041 -0.240776
v -0.334721 -0.089041 -0.178913
v -0.363193 -0.089041 -0.110175
v -0.377708 -0.089041 -0.037202
v -0.377708 -0.089041 0.037200
v -0.363193 -0.089041 0.110172
v -0.334721 -0.089041 0.178911
v -0.293385 -0.089041 0.240773
v -0.240775 -0.089041 0.293384
v -0.178912 -0.089041 0.334719
v -0.110174 -0.089041 0.363192
v -0.037201 -0.089041 0.377707
v 0.037201 -0.089041 0.377707
v 0.110173 -0.089041 0.363192
v 0.178912 -0.089041 0.334719
v 0.240775 -0.089041 0.293384
v 0.293385 -0.089041 0.240773
v 0.334720 -0.089041 0.178910
v 0.363193 -0.089041 0.110172
v 0.377708 -0.089041 0.037199
v 0.377708 -0.089041 -0.037203
v 0.363192 -0.089041 -0.110175
v 0.334720 -0.089041 -0.178914
v 0.293384 -0.089041 -0.240776
v 0.240774 -0.089041 -0.293387
v 0.178911 -0.089041 -0.334722
v 0.110173 -0.089041 -0.363194
v 0.037200 -0.089041 -0.377709
v 0.582323 -0.089041 -0.389098
v 0.495225 -0.089041 -0.495228
v 0.268013 -0.089041 -0.647045
v 0.136631 -0.089041 -0.686899
v -0.495226 -0.089041 0.495225
v -0.389097 -0.089041 0.582323
v -0.389097 -0.089041 -0.582325
v -0.495226 -0.089041 -0.495227
v 0.582324 -0.089041 0.389095
v 0.647044 -0.089041 0.268013
v -0.647044 -0.089041 -0.268015
v -0.686898 -0.089041 -0.136634
v -0.000000 -0.089041 -0.700356
v -0.700355 -0.089041 -0.000001
v 0.686897 -0.089041 -0.136634
v 0.647043 -0.089041 -0.268016
v -0.000000 -0.089041 0.700354
v 0.136633 -0.089041 0.686897
v -0.136633 -0.089041 -0.686899
v -0.268015 -0.089041 -0.647045
v -0.647044 -0.089041 0.268013
v -0.582324 -0.089041 0.389095
v 0.389095 -0.089041 -0.582326
v 0.495226 -0.089041 0.495224
v -0.582324 -0.089041 -0.389098
v -0.268014 -0.089041 0.647042
v -0.136633 -0.089041 0.686897
v 0.700355 -0.089041 -0.000002
v 0.268014 -0.089041 0.647042
v 0.389096 -0.089041 0.582322
v -0.686898 -0.089041 0.136631
v 0.686898 -0.089041 0.136631
v -0.442469 -0.017298 -4.492462
v -1.310403 -0.017298 -4.319819
v -2.127979 -0.017298 -3.981168
v -2.863778 -0.017298 -3.489523
v -3.489523 -0.017298 -2.863778
v -3.981169 -0.017298 -2.127979
v -4.319819 -0.017298 -1.310403
v -4.492462 -0.017298 -0.442469
v -4.492462 -0.017298 0.442468
v -4.319819 -0.017298 1.310402
v -3.981169 -0.017298 2.127978
v -3.489523 -0.017298 2.863778
v -2.863778 -0.017298 3.489523
v -2.127978 -0.017298 3.981169
v -1.310402 -0.017298 4.319819
v -0.442468 -0.017298 4.492462
v 0.442470 -0.017298 4.492462
v 1.310405 -0.017298 4.319818
v 2.127981 -0.017298 3.981167
v 2.863780 -0.017298 3.489522
v 3.489525 -0.017298 2.863775
v 3.981170 -0.017298 2.127976
v 4.319820 -0.017298 1.310399
v 4.492463 -0.017298 0.442465
v 4.492462 -0.017298 -0.442473
v 4.319818 -0.017298 -1.310407
v 3.981166 -0.017298 -2.127983
v 3.489520 -0.017298 -2.863782
v 2.863774 -0.017298 -3.489526
v 2.127973 -0.017298 -3.981171
v 1.310396 -0.017298 -4.319821
v 0.442466 -0.017298 -4.492463
v -0.424381 -0.017298 -4.308807
v -1.256833 -0.017298 -4.143221
v -2.040986 -0.017298 -3.818415
v -2.746704 -0.017298 -3.346869
v -3.346869 -0.017298 -2.746704
v -3.818415 -0.017298 -2.040985
v -4.143222 -0.017298 -1.256833
v -4.308807 -0.017298 -0.424381
v -4.308807 -0.017298 0.424380
v -4.143221 -0.017298 1.256832
v -3.818415 -0.017298 2.040985
v -3.346869 -0.017298 2.746704
v -2.746704 -0.017298 3.346869
v -2.040985 -0.017298 3.818415
v -1.256832 -0.017298 4.143222
v -0.424379 -0.017298 4.308807
v 0.424382 -0.017298 4.308807
v 1.256835 -0.017298 4.143221
v 2.040987 -0.017298 3.818414
v 2.746706 -0.017298 3.346867
v 3.346871 -0.017298 2.746702
v 3.818417 -0.017298 2.040982
v 4.143223 -0.017298 1.256829
v 4.308807 -0.017298 0.424376
v 4.308807 -0.017298 -0.424385
v 4.143220 -0.017298 -1.256837
v 3.818413 -0.017298 -2.040990
v 3.346866 -0.017298 -2.746709
v 2.746700 -0.017298 -3.346873
v 2.040980 -0.017298 -3.818418
v 1.256827 -0.017298 -4.143224
v 0.424377 -0.017298 -4.308807
v -2.405437 0.013830 3.599991
v -1.656893 0.013830 4.000096
v -0.844676 0.013830 4.246479
v 3.192035 0.013830 3.192032
v 2.507967 0.013830 3.753433
v 4.170594 0.013830 1.727513
v 3.753436 0.013830 2.507962
v -4.329672 0.013830 -0.000000
v -4.246479 0.013830 0.844677
v -4.000095 0.013830 1.656893
v -3.599991 0.013830 2.405437
v 0.844672 0.013830 -4.246480
v 0.000001 0.013830 4.514217
v -0.880679 0.013830 4.427478
v 1.727518 0.013830 4.170592
v 0.880682 0.013830 4.427477
v -3.061541 0.013830 -3.061540
v -3.599991 0.013830 -2.405437
v -4.000096 0.013830 -1.656894
v -4.246479 0.013830 -0.844677
v 3.599988 0.013830 -2.405441
v 3.061536 0.013830 -3.061545
v -3.192033 0.013830 3.192033
v -3.753435 0.013830 2.507964
v 2.405432 0.013830 -3.599995
v 1.656888 0.013830 -4.000098
v -1.727515 0.013830 4.170593
v -2.507964 0.013830 3.753434
v -0.000001 0.013830 -4.329672
v -0.844677 0.013830 -4.246479
v -1.656894 0.013830 -4.000095
v -2.405437 0.013830 -3.599991
v 4.427478 -0.051987 0.880676
v 4.514217 -0.051987 -0.000004
v -1.727516 -0.051987 -4.170592
v -2.507965 -0.051987 -3.753434
v 2.404573 -0.050426 3.598693
v 1.656299 -0.050426 3.998654
v -0.000001 -0.051987 -4.514217
v -0.880680 -0.051987 -4.427477
v 0.844375 -0.050426 4.244950
v 0.000001 -0.050426 4.328113
v 2.507959 -0.051987 -3.753438
v 1.727510 -0.051987 -4.170596
v 3.753431 -0.051987 -2.507969
v 3.192030 -0.051987 -3.192037
v -4.170593 -0.051987 -1.727516
v -4.427477 -0.051987 -0.880680
v 4.244951 -0.050426 0.844369
v 3.998657 -0.050426 1.656294
v -3.192033 -0.051987 -3.192033
v -3.753434 -0.051987 -2.507964
v 3.598696 -0.050426 2.404569
v 3.060441 -0.050426 3.060436
v -1.656298 -0.050426 -3.998655
v -0.844373 -0.050426 -4.244950
v 0.880674 -0.051987 -4.427479
v -4.170593 -0.051987 1.727515
v 3.998654 -0.050426 -1.656302
v -4.514217 -0.051987 -0.000000
v -4.427478 -0.051987 0.880680
v 4.244949 -0.050426 -0.844377
v 4.328113 -0.050426 -0.000004
v -2.404571 -0.050426 -3.598695
v -0.442469 0.044891 -4.492462
v -1.310403 0.044891 -4.319819
v -2.127979 0.044891 -3.981168
v -2.863778 0.044891 -3.489523
v -3.489523 0.044891 -2.863778
v -3.981169 0.044891 -2.127979
v -4.319819 0.044891 -1.310403
v -4.492462 0.044891 -0.442469
v -4.492462 0.044891 0.442468
v -4.319819 0.044891 1.310402
v -3.981169 0.044891 2.127978
v -3.489523 0.044891 2.863778
v -2.863778 0.044891 3.489523
v -2.127978 0.044891 3.981169
v -1.310402 0.044891 4.319819
v -0.442468 0.044891 4.492462
v 0.442470 0.044891 4.492462
v 1.310405 0.044891 4.319818
v 2.127981 0.044891 3.981167
v 2.863780 0.044891 3.489522
v 3.489525 0.044891 2.863775
v 3.981170 0.044891 2.127976
v 4.319820 0.044891 1.310399
v 4.492463 0.044891 0.442465
v 4.492462 0.044891 -0.442473
v 4.319818 0.044891 -1.310407
v 3.981166 0.044891 -2.127983
v 3.489520 0.044891 -2.863782
v 2.863774 0.044891 -3.489526
v 2.127973 0.044891 -3.981171
v 1.310396 0.044891 -4.319821
v 0.442466 0.044891 -4.492463
v -0.424381 0.044891 -4.308807
v -1.256833 0.044891 -4.143221
v -2.040986 0.044891 -3.818415
v -2.746704 0.044891 -3.346869
v -3.346869 0.044891 -2.746704
v -3.818415 0.044891 -2.040985
v -4.143222 0.044891 -1.256833
v -4.308807 0.044891 -0.424381
v -4.308807 0.044891 0.424380
v -4.143221 0.044891 1.256832
v -3.818415 0.044891 2.040985
v -3.346869 0.044891 2.746704
v -2.746704 0.044891 3.346869
v -2.040985 0.044891 3.818415
v -1.256832 0.044891 4.143222
v -0.424379 0.044891 4.308807
v 0.424382 0.044891 4.308807
v 1.256835 0.044891 4.143221
v 2.040987 0.044891 3.818414
v 2.746706 0.044891 3.346867
v 3.346871 0.044891 2.746702
v 3.818417 0.044891 2.040982
v 4.143223 0.044891 1.256829
v 4.308807 0.044891 0.424376
v 4.308807 0.044891 -0.424385
v 4.143220 0.044891 -1.256837
v 3.818413 0.044891 -2.040990
v 3.346866 0.044891 -2.746709
v 2.746700 0.044891 -3.346873
v 2.040980 0.044891 -3.818418
v 1.256827 0.044891 -4.143224
v 0.424377 0.044891 -4.308807
v 4.250249 0.077838 -0.845432
v -4.423707 0.077838 0.879930
v -4.510372 0.077838 -0.000000
v 4.003646 0.077838 -1.658370
v 3.603185 0.077838 -2.407577
v -3.750238 0.077838 2.505828
v -4.167041 0.077838 1.726044
v 0.879924 0.077838 -4.423708
v -0.845427 0.077838 -4.250250
v -1.658365 0.077838 -4.003647
v 3.064261 0.077838 3.064257
v 3.603189 0.077838 2.407570
v -3.750238 0.077838 -2.505828
v -3.189314 0.077838 -3.189314
v 4.003649 0.077838 1.658362
v 4.250250 0.077838 0.845424
v -4.423707 0.077838 -0.879930
v -4.167040 0.077838 -1.726045
v 3.189311 0.077838 -3.189319
v 3.750235 0.077838 -2.505833
v 1.726039 0.077838 -4.167043
v 2.505824 0.077838 -3.750241
v 0.000001 0.077838 4.333517
v 0.845429 0.077838 4.250250
v -0.879930 0.077838 -4.423706
v -0.000001 0.077838 -4.510373
v 1.658367 0.077838 4.003647
v 2.407575 0.077838 3.603186
v -2.505828 0.077838 -3.750237
v -1.726045 0.077838 -4.167040
v 4.510372 0.077838 -0.000004
v 4.423707 0.077838 0.879926
v -3.061540 0.013830 3.061541
v 4.427476 0.013830 -0.880685
v 4.170590 0.013830 -1.727521
v 4.427478 0.013830 0.880676
v 4.514217 0.013830 -0.000004
v -1.727516 0.013830 -4.170592
v -2.507964 0.013830 -3.753434
v 2.405439 0.013830 3.599989
v 1.656896 0.013830 4.000094
v -0.000001 0.013830 -4.514217
v -0.880680 0.013830 -4.427477
v 0.844679 0.013830 4.246479
v 0.000001 0.013830 4.329672
v 2.507960 0.013830 -3.753438
v 1.727510 0.013830 -4.170595
v 3.753431 0.013830 -2.507969
v 3.192029 0.013830 -3.192037
v -4.170592 0.013830 -1.727516
v -4.427477 0.013830 -0.880680
v 4.246480 0.013830 0.844673
v 4.000097 0.013830 1.656890
v -3.192033 0.013830 -3.192033
v -3.753434 0.013830 -2.507964
v 3.599993 0.013830 2.405435
v 3.061543 0.013830 3.061539
v 0.880674 0.013830 -4.427479
v -4.170593 0.013830 1.727515
v 4.000094 0.013830 -1.656899
v -4.514217 0.013830 -0.000000
v -4.427477 0.013830 0.880680
v 4.246478 0.013830 -0.844682
v 4.329672 0.013830 -0.000004
v -0.439454 0.103789 -4.461853
v -1.301475 0.103789 -4.290386
v -2.113480 0.103789 -3.954043
v -2.844266 0.103789 -3.465747
v -3.465747 0.103789 -2.844265
v -3.954043 0.103789 -2.113480
v -4.290386 0.103789 -1.301475
v -4.461853 0.103789 -0.439454
v -4.461853 0.103789 0.439454
v -4.290386 0.103789 1.301474
v -3.954043 0.103789 2.113479
v -3.465748 0.103789 2.844265
v -2.844265 0.103789 3.465747
v -2.113480 0.103789 3.954043
v -1.301473 0.103789 4.290387
v -0.439453 0.103789 4.461854
v 0.439456 0.103789 4.461853
v 1.301476 0.103789 4.290386
v 2.113482 0.103789 3.954042
v 2.844268 0.103789 3.465746
v 3.465749 0.103789 2.844263
v 3.954044 0.103789 2.113477
v 4.290388 0.103789 1.301471
v 4.461854 0.103789 0.439450
v 4.461852 0.103789 -0.439459
v 4.290385 0.103789 -1.301479
v 3.954040 0.103789 -2.113485
v 3.465744 0.103789 -2.844270
v 2.844261 0.103789 -3.465751
v 2.113474 0.103789 -3.954046
v 1.301468 0.103789 -4.290389
v 0.439451 0.103789 -4.461854
v -0.427395 0.103789 -4.339416
v -1.265761 0.103789 -4.172655
v -2.055485 0.103789 -3.845541
v -2.766216 0.103789 -3.370644
v -3.370645 0.103789 -2.766216
v -3.845541 0.103789 -2.055484
v -4.172655 0.103789 -1.265761
v -4.339416 0.103789 -0.427395
v -4.339416 0.103789 0.427395
v -4.172655 0.103789 1.265760
v -3.845541 0.103789 2.055484
v -3.370645 0.103789 2.766216
v -2.766216 0.103789 3.370645
v -2.055484 0.103789 3.845541
v -1.265760 0.103789 4.172655
v -0.427394 0.103789 4.339416
v 0.427397 0.103789 4.339416
v 1.265763 0.103789 4.172654
v 2.055486 0.103789 3.845540
v 2.766218 0.103789 3.370643
v 3.370647 0.103789 2.766214
v 3.845542 0.103789 2.055481
v 4.172656 0.103789 1.265757
v 4.339417 0.103789 0.427391
v 4.339416 0.103789 -0.427400
v 4.172654 0.103789 -1.265765
v 3.845538 0.103789 -2.055489
v 3.370641 0.103789 -2.766221
v 2.766212 0.103789 -3.370648
v 2.055479 0.103789 -3.845543
v 1.265755 0.103789 -4.172657
v 0.427392 0.103789 -4.339417
v -0.000001 0.113084 -4.421945
v -0.862679 0.113084 -4.336978
v 1.692207 0.113084 4.085343
v 2.456703 0.113084 3.676711
v -4.336978 0.113084 0.862678
v -4.085344 0.113084 1.692204
v 3.126783 0.113084 -3.126791
v 2.456696 0.113084 -3.676715
v 3.126789 0.113084 3.126785
v -2.456700 0.113084 3.676713
v -1.692204 0.113084 4.085345
v -3.126787 0.113084 -3.126787
v -3.676713 0.113084 -2.456701
v 4.085346 0.113084 1.692202
v 4.336979 0.113084 0.862675
v 4.421945 0.113084 -0.000004
v 0.862680 0.113084 4.336978
v -4.421945 0.113084 -0.000000
v 4.085342 0.113084 -1.692210
v 3.676709 0.113084 -2.456706
v -1.692205 0.113084 -4.085344
v -2.456701 0.113084 -3.676713
v 1.692199 0.113084 -4.085347
v 0.862673 0.113084 -4.336980
v -3.126787 0.113084 3.126787
v 3.676714 0.113084 2.456698
v -4.085344 0.113084 -1.692205
v -4.336978 0.113084 -0.862679
v 4.336977 0.113084 -0.862683
v 0.000001 0.113084 4.421944
v -3.676713 0.113084 2.456701
v -0.862678 0.113084 4.336978
v 4.333517 0.077838 -0.000004
v -4.003648 0.077838 -1.658365
v -3.603188 0.077838 -2.407573
v -3.064259 0.077838 -3.064259
v -2.407573 0.077838 -3.603187
v -1.726044 0.077838 4.167041
v -0.879929 0.077838 4.423707
v 0.845422 0.077838 -4.250251
v 1.658359 0.077838 -4.003650
v -3.189314 0.077838 3.189314
v -2.505828 0.077838 3.750238
v 2.407568 0.077838 -3.603191
v 3.064255 0.077838 -3.064263
v -4.003648 0.077838 1.658365
v -4.250250 0.077838 0.845427
v -4.333517 0.077838 -0.000000
v -4.250250 0.077838 -0.845427
v 1.726047 0.077838 4.167039
v 2.505831 0.077838 3.750236
v 0.000001 0.077838 4.510372
v 0.879932 0.077838 4.423706
v -1.658364 0.077838 4.003648
v -2.407573 0.077838 3.603188
v -3.064259 0.077838 3.064259
v -3.603188 0.077838 2.407573
v 4.167042 0.077838 1.726041
v 3.189317 0.077838 3.189313
v 3.750239 0.077838 2.505826
v -0.845426 0.077838 4.250250
v 4.167038 0.077838 -1.726049
v 4.423706 0.077838 -0.879935
v -0.000001 0.077838 -4.333517
v 2.365178 -0.087481 -3.539749
v 1.294438 -0.089041 -3.125065
v 3.010308 -0.087481 3.010304
v 2.812483 -0.089041 1.879238
v -3.539746 -0.087481 2.365182
v -2.391819 -0.089041 2.391819
v -1.629165 -0.087481 3.933155
v -0.659901 -0.089041 3.317548
v -3.539746 -0.087481 -2.365182
v -3.125062 -0.089041 -1.294443
v 0.000001 -0.089041 3.382542
v 4.257216 -0.087481 -0.000004
v 3.317547 -0.089041 -0.659905
v -4.175415 -0.087481 0.830541
v -3.125062 -0.089041 1.294442
v -0.000001 -0.087481 -4.257216
v -0.659902 -0.089041 -3.317548
v 1.629168 -0.087481 3.933153
v 1.879241 -0.089041 2.812480
v 3.010302 -0.087481 -3.010310
v -3.010306 -0.087481 -3.010306
v 3.933156 -0.087481 1.629163
v 3.317549 -0.089041 0.659898
v -2.365182 -0.087481 3.539746
v -4.257216 -0.087481 -0.000000
v 3.933153 -0.087481 -1.629171
v 2.812479 -0.089041 -1.879244
v 0.830543 -0.087481 4.175415
v -1.629166 -0.087481 -3.933155
v -1.879240 -0.089041 -2.812482
v 0.659897 -0.089041 -3.317549
v -3.317548 -0.089041 -0.659902
v -1.157350 -0.089041 -3.815271
v -3.516174 -0.089041 1.879434
v -3.967750 -0.089041 -0.390790
v 0.390791 -0.089041 3.967749
v 3.815271 -0.089041 -1.157354
v 0.390786 -0.089041 -3.967751
v -3.815271 -0.089041 -1.157350
v -2.529293 -0.089041 3.081952
v 3.516176 -0.089041 1.879431
v -2.529293 -0.089041 -3.081953
v 1.157344 -0.089041 -3.815273
v 3.081949 -0.089041 -2.529297
v -1.879434 -0.089041 -3.516174
v 1.157352 -0.089041 3.815271
v 3.516172 -0.089041 -1.879439
v -3.967750 -0.089041 0.390789
v 3.967750 -0.089041 0.390785
v -1.879434 -0.089041 3.516174
v 3.815272 -0.089041 1.157346
v -3.081952 -0.089041 -2.529293
v 2.529294 -0.089041 3.081951
v 2.529289 -0.089041 -3.081956
v 1.879436 -0.089041 3.516173
v -0.390789 -0.089041 -3.967750
v -3.815271 -0.089041 1.157349
v 3.967749 -0.089041 -0.390793
v -0.390788 -0.089041 3.967750
v -3.516174 -0.089041 -1.879434
v -1.157349 -0.089041 3.815271
v -3.081953 -0.089041 2.529293
v 3.081954 -0.089041 2.529290
v 1.879429 -0.089041 -3.516177
v -4.492462 -0.051987 0.442468
v 3.817037 -0.050426 -2.040255
v -3.981169 -0.051987 2.127978
v 0.442465 -0.051987 -4.492462
v -1.256380 -0.050426 -4.141730
v 3.345666 -0.050426 2.745713
v -3.489523 -0.051987 -2.863778
v 4.141731 -0.050426 1.256377
v -4.319819 -0.051987 -1.310403
v 3.489520 -0.051987 -2.863782
v 2.127973 -0.051987 -3.981171
v 0.424229 -0.050426 4.307256
v -0.442469 -0.051987 -4.492462
v 2.040252 -0.050426 3.817038
v -2.127979 -0.051987 -3.981169
v 4.492462 -0.051987 0.442465
v 4.319818 -0.051987 -1.310407
v -2.745715 -0.050426 3.345664
v -1.256379 -0.050426 4.141730
v 2.863780 -0.051987 3.489522
v 3.981170 -0.051987 2.127976
v -4.307256 -0.050426 0.424227
v -3.817040 -0.050426 2.040250
v 0.424224 -0.050426 -4.307256
v -0.442468 -0.051987 4.492462
v 1.310405 -0.051987 4.319818
v -3.345664 -0.050426 -2.745715
v -4.141730 -0.050426 -1.256380
v 3.345660 -0.050426 -2.745720
v -3.489523 -0.051987 2.863778
v 2.040245 -0.050426 -3.817044
v -2.127978 -0.051987 3.981168
v 1.594509 -0.089041 -2.983127
v 2.614732 -0.089041 2.145852
v -2.614731 -0.089041 2.145854
v -0.981896 -0.089041 3.236878
v -2.983125 -0.089041 -1.594514
v -0.331545 -0.089041 3.366241
v 3.366241 -0.089041 -0.331550
v -3.236879 -0.089041 0.981896
v -0.331546 -0.089041 -3.366242
v 1.594515 -0.089041 2.983124
v 2.145850 -0.089041 -2.614734
v 2.145855 -0.089041 2.614729
v -2.614731 -0.089041 -2.145854
v 3.236880 -0.089041 0.981893
v -1.594513 -0.089041 2.983125
v 3.366242 -0.089041 0.331542
v -3.366242 -0.089041 0.331545
v 2.983123 -0.089041 -1.594517
v 0.981898 -0.089041 3.236878
v -1.594513 -0.089041 -2.983125
v 2.614728 -0.089041 -2.145857
v 0.981892 -0.089041 -3.236881
v -2.145854 -0.089041 -2.614731
v 2.983126 -0.089041 1.594511
v -2.145854 -0.089041 2.614730
v -3.236879 -0.089041 -0.981897
v 0.331543 -0.089041 -3.366242
v 3.236878 -0.089041 -0.981900
v 0.331547 -0.089041 3.366241
v -3.366242 -0.089041 -0.331546
v -2.983125 -0.089041 1.594513
v -0.981897 -0.089041 -3.236879
v 1.146286 -0.089041 -1.396758
v 1.146289 -0.089041 1.396754
v -0.851769 -0.089041 1.593546
v -1.396756 -0.089041 -1.146289
v 1.729100 -0.089041 0.524514
v 1.798203 -0.089041 0.177105
v -1.798203 -0.089041 0.177107
v 1.593546 -0.089041 -0.851771
v 0.524517 -0.089041 1.729098
v -0.851769 -0.089041 -1.593548
v 1.396754 -0.089041 -1.146290
v 0.524514 -0.089041 -1.729101
v -1.146288 -0.089041 -1.396757
v 1.593548 -0.089041 0.851767
v -1.146288 -0.089041 1.396755
v -1.729100 -0.089041 -0.524517
v 0.177106 -0.089041 -1.798205
v -1.798204 -0.089041 -0.177109
v 1.729099 -0.089041 -0.524519
v 0.177108 -0.089041 1.798203
v -0.524517 -0.089041 -1.729100
v -1.593547 -0.089041 0.851768
v 0.851766 -0.089041 -1.593549
v 1.396757 -0.089041 1.146286
v -1.396756 -0.089041 1.146287
v -0.524516 -0.089041 1.729099
v -1.593547 -0.089041 -0.851770
v 1.798203 -0.089041 -0.177110
v -0.177107 -0.089041 1.798203
v 0.851769 -0.089041 1.593546
v -1.729100 -0.089041 0.524516
v -0.177108 -0.089041 -1.798204
v 0.536602 -0.089041 -0.440380
v 0.201506 -0.089041 -0.664283
v -0.440379 -0.089041 0.536601
v -0.440379 -0.089041 -0.536604
v 0.612205 -0.089041 0.327229
v -0.664282 -0.089041 -0.201509
v 0.068040 -0.089041 -0.690831
v -0.690830 -0.089041 -0.068042
v 0.664281 -0.089041 -0.201509
v 0.068041 -0.089041 0.690829
v -0.201508 -0.089041 -0.664283
v -0.612206 -0.089041 0.327229
v 0.327230 -0.089041 -0.612207
v -0.536603 -0.089041 0.440377
v 0.536603 -0.089041 0.440377
v -0.612206 -0.089041 -0.327232
v -0.201508 -0.089041 0.664280
v 0.690829 -0.089041 -0.068043
v -0.068041 -0.089041 0.690829
v -0.068041 -0.089041 -0.690831
v 0.327231 -0.089041 0.612204
v -0.664282 -0.089041 0.201506
v 0.440377 -0.089041 -0.536604
v 0.440378 -0.089041 0.536601
v 0.664281 -0.089041 0.201506
v -0.327231 -0.089041 0.612204
v -0.536603 -0.089041 -0.440380
v 0.690830 -0.089041 0.068039
v 0.201508 -0.089041 0.664280
v -0.690830 -0.089041 0.068040
v 0.612205 -0.089041 -0.327233
v -0.327231 -0.089041 -0.612207
v -3.981169 0.013830 2.127978
v 0.442466 0.013830 -4.492463
v -1.256833 0.013830 -4.143222
v 3.346870 0.013830 2.746702
v -3.489523 0.013830 -2.863778
v 4.143223 0.013830 1.256829
v -4.319819 0.013830 -1.310403
v 3.489519 0.013830 -2.863782
v 2.127973 0.013830 -3.981171
v 0.424382 0.013830 4.308806
v -0.442469 0.013830 -4.492462
v 2.040987 0.013830 3.818413
v -2.127979 0.013830 -3.981169
v 4.492462 0.013830 0.442465
v 4.319818 0.013830 -1.310407
v -2.746704 0.013830 3.346869
v -1.256832 0.013830 4.143222
v 2.863780 0.013830 3.489521
v 3.981169 0.013830 2.127976
v -4.308807 0.013830 0.424380
v -3.818415 0.013830 2.040985
v 0.424377 0.013830 -4.308808
v -0.442468 0.013830 4.492462
v 1.310405 0.013830 4.319818
v -3.346869 0.013830 -2.746704
v -4.143222 0.013830 -1.256833
v 3.346865 0.013830 -2.746709
v -3.489522 0.013830 2.863778
v 2.040980 0.013830 -3.818418
v -2.127978 0.013830 3.981169
v -0.424381 0.013830 -4.308807
v -2.040986 0.013830 -3.818415
v 4.307255 -0.050426 -0.424232
v -3.817041 -0.050426 -2.040250
v -2.745715 -0.050426 -3.345664
v -1.310402 -0.051987 4.319819
v 1.256374 -0.050426 -4.141732
v -2.863778 -0.051987 3.489523
v 2.745711 -0.050426 -3.345668
v -4.141730 -0.050426 1.256379
v -4.307256 -0.050426 -0.424228
v 2.127980 -0.051987 3.981167
v 0.442470 -0.051987 4.492462
v -2.040250 -0.050426 3.817041
v -3.345664 -0.050426 2.745715
v 4.319820 -0.051987 1.310399
v 3.489525 -0.051987 2.863775
v -1.310403 -0.051987 -4.319819
v 1.256382 -0.050426 4.141729
v -0.424226 -0.050426 4.307256
v 3.981165 -0.051987 -2.127983
v 4.492462 -0.051987 -0.442473
v -3.981168 -0.051987 -2.127979
v 3.817042 -0.050426 2.040248
v -2.863778 -0.051987 -3.489523
v 2.745717 -0.050426 3.345662
v 1.310396 -0.051987 -4.319821
v 2.863773 -0.051987 -3.489527
v -4.319819 -0.051987 1.310402
v 4.141729 -0.050426 -1.256384
v -4.492462 -0.051987 -0.442469
v 4.307256 -0.050426 0.424224
v -2.040251 -0.050426 -3.817040
v -0.424228 -0.050426 -4.307256
v -1.309287 0.077838 -4.316140
v 3.486553 0.077838 2.861336
v 4.316141 0.077838 1.309283
v -3.349841 0.077838 2.749143
v -2.042797 0.077838 3.821806
v 0.442094 0.077838 4.488636
v 2.126168 0.077838 3.977777
v -4.312634 0.077838 -0.424758
v -4.146901 0.077838 1.257948
v 2.749139 0.077838 -3.349844
v -2.861338 0.077838 3.486551
v 1.257942 0.077838 -4.146903
v -1.309286 0.077838 4.316140
v -2.749143 0.077838 -3.349841
v -3.821806 0.077838 -2.042798
v 4.312633 0.077838 -0.424762
v -4.488636 0.077838 0.442092
v 3.821803 0.077838 -2.042802
v -3.977778 0.077838 2.126166
v 0.442089 0.077838 -4.488636
v -1.257949 0.077838 -4.146901
v 3.349843 0.077838 2.749141
v -3.486551 0.077838 -2.861338
v 4.146902 0.077838 1.257945
v -4.316140 0.077838 -1.309287
v 3.486547 0.077838 -2.861343
v 2.126161 0.077838 -3.977780
v 0.424759 0.077838 4.312633
v -0.442092 0.077838 -4.488636
v 2.042800 0.077838 3.821804
v -2.126166 0.077838 -3.977778
v 4.488636 0.077838 0.442088
v 3.818412 0.013830 -2.040990
v -4.492462 0.013830 0.442468
v 4.308807 0.013830 -0.424385
v -3.818415 0.013830 -2.040985
v -2.746704 0.013830 -3.346869
v -1.310402 0.013830 4.319819
v 1.256827 0.013830 -4.143224
v -2.863778 0.013830 3.489523
v 2.746700 0.013830 -3.346872
v -4.143222 0.013830 1.256832
v -4.308807 0.013830 -0.424381
v 2.127981 0.013830 3.981167
v 0.442470 0.013830 4.492462
v -2.040985 0.013830 3.818415
v -3.346869 0.013830 2.746704
v 4.319820 0.013830 1.310399
v 3.489525 0.013830 2.863775
v -1.310403 0.013830 -4.319819
v 1.256834 0.013830 4.143221
v -0.424379 0.013830 4.308807
v 3.981165 0.013830 -2.127983
v 4.492462 0.013830 -0.442473
v -3.981168 0.013830 -2.127979
v 3.818417 0.013830 2.040982
v -2.863778 0.013830 -3.489522
v 2.746706 0.013830 3.346867
v 1.310396 0.013830 -4.319821
v 2.863773 0.013830 -3.489527
v -4.319819 0.013830 1.310402
v 4.143220 0.013830 -1.256837
v -4.492462 0.013830 -0.442469
v 4.308807 0.013830 0.424376
v -0.433425 0.113084 -4.400635
v 2.084484 0.113084 3.899791
v -4.231521 0.113084 1.283617
v 2.805236 0.113084 -3.418200
v 2.805243 0.113084 3.418194
v -2.084481 0.113084 3.899792
v -3.418196 0.113084 -2.805241
v 4.231522 0.113084 1.283614
v 4.400635 0.113084 0.433421
v 1.283619 0.113084 4.231520
v -4.400635 0.113084 0.433424
v 3.899790 0.113084 -2.084486
v -2.084482 0.113084 -3.899792
v 3.418192 0.113084 -2.805245
v 1.283611 0.113084 -4.231523
v -2.805241 0.113084 3.418196
v -2.805241 0.113084 -3.418195
v 3.899793 0.113084 2.084479
v -4.231520 0.113084 -1.283618
v 0.433421 0.113084 -4.400635
v -4.400634 0.113084 -0.433425
v 4.231519 0.113084 -1.283622
v 0.433426 0.113084 4.400635
v -1.283618 0.113084 -4.231520
v -3.899792 0.113084 2.084481
v 2.084477 0.113084 -3.899795
v 3.418198 0.113084 2.805238
v -3.418195 0.113084 2.805241
v -1.283617 0.113084 4.231520
v -3.899792 0.113084 -2.084482
v 4.400634 0.113084 -0.433429
v -0.433423 0.113084 4.400634
v 1.257950 0.077838 4.146900
v -0.424756 0.077838 4.312634
v 3.977775 0.077838 -2.126171
v 4.488636 0.077838 -0.442097
v -3.977777 0.077838 -2.126166
v 3.821808 0.077838 2.042795
v -2.861339 0.077838 -3.486551
v 2.749145 0.077838 3.349839
v 1.309280 0.077838 -4.316142
v 2.861334 0.077838 -3.486555
v -4.316141 0.077838 1.309286
v 4.146900 0.077838 -1.257953
v -4.488636 0.077838 -0.442092
v 4.312634 0.077838 0.424753
v -2.042798 0.077838 -3.821806
v -0.424757 0.077838 -4.312633
v -2.126166 0.077838 3.977778
v 2.042792 0.077838 -3.821809
v -3.486551 0.077838 2.861339
v 3.349837 0.077838 -2.749148
v -4.146901 0.077838 -1.257949
v -3.349841 0.077838 -2.749143
v 1.309289 0.077838 4.316140
v -0.442091 0.077838 4.488636
v 0.424754 0.077838 -4.312634
v -3.821806 0.077838 2.042797
v -4.312633 0.077838 0.424757
v 3.977779 0.077838 2.126163
v 2.861341 0.077838 3.486549
v -1.257948 0.077838 4.146901
v -2.749143 0.077838 3.349841
v 4.316139 0.077838 -1.309291
v -1.235800 -0.087481 -4.073886
v -3.754515 -0.087481 2.006829
v -4.236700 -0.087481 -0.417279
v 0.417280 -0.087481 4.236700
v 4.073884 -0.087481 -1.235804
v 0.417275 -0.087481 -4.236701
v -4.073885 -0.087481 -1.235800
v -2.700738 -0.087481 3.290859
v 3.754517 -0.087481 2.006827
v -2.700739 -0.087481 -3.290859
v 1.235794 -0.087481 -4.073887
v 3.290856 -0.087481 -2.700743
v -2.006830 -0.087481 -3.754514
v 1.235801 -0.087481 4.073885
v 3.754512 -0.087481 -2.006834
v -4.236700 -0.087481 0.417278
v 4.236700 -0.087481 0.417275
v -2.006830 -0.087481 3.754515
v 4.073886 -0.087481 1.235796
v -3.290859 -0.087481 -2.700738
v 2.700741 -0.087481 3.290858
v 2.700734 -0.087481 -3.290863
v 2.006832 -0.087481 3.754513
v -0.417279 -0.087481 -4.236700
v -4.073886 -0.087481 1.235799
v 4.236699 -0.087481 -0.417283
v -0.417277 -0.087481 4.236700
v -3.754515 -0.087481 -2.006830
v -1.235799 -0.087481 4.073885
v -3.290859 -0.087481 2.700738
v 3.290861 -0.087481 2.700736
v 2.006825 -0.087481 -3.754517
v -0.000000 -0.089041 -0.000001
vn -0.0000 -0.0000 -1.0000
vn -0.1951 -0.0000 -0.9808
vn -0.3827 -0.0000 -0.9239
vn -0.5556 -0.0000 -0.8315
vn -0.7071 -0.0000 -0.7071
vn -0.8315 -0.0000 -0.5556
vn -0.9239 -0.0000 -0.3827
vn -0.9808 -0.0000 -0.1951
vn -1.0000 -0.0000 -0.0000
vn -0.9808 -0.0000 0.1951
vn -0.9239 -0.0000 0.3827
vn -0.8315 -0.0000 0.5556
vn -0.7071 -0.0000 0.7071
vn -0.5556 -0.0000 0.8315
vn -0.3827 -0.0000 0.9239
vn -0.1951 -0.0000 0.9808
vn -0.0000 -0.0000 1.0000
vn 0.1951 -0.0000 0.9808
vn 0.3827 -0.0000 0.9239
vn 0.5556 -0.0000 0.8315
vn 0.7071 -0.0000 0.7071
vn 0.8315 -0.0000 0.5556
vn 0.9239 -0.0000 0.3827
vn 0.9808 -0.0000 0.1951
vn 1.0000 -0.0000 -0.0000
vn 0.9808 -0.0000 -0.1951
vn 0.9239 -0.0000 -0.3827
vn 0.8315 -0.0000 -0.5556
vn 0.7071 -0.0000 -0.7071
vn 0.5556 -0.0000 -0.8315
vn 0.3827 -0.0000 -0.9239
vn 0.1951 -0.0000 -0.9808
vn -0.0000 0.7718 0.6359
vn 0.1241 0.7718 0.6237
vn 0.2433 0.7718 0.5875
vn 0.3533 0.7718 0.5287
vn 0.4496 0.7718 0.4496
vn 0.5287 0.7718 0.3533
vn 0.5875 0.7718 0.2433
vn 0.6236 0.7718 0.1241
vn 0.6359 0.7718 -0.0000
vn 0.6237 0.7718 -0.1241
vn 0.5875 0.7718 -0.2433
vn 0.5287 0.7718 -0.3533
vn 0.4496 0.7718 -0.4496
vn 0.3533 0.7718 -0.5287
vn 0.2433 0.7718 -0.5875
vn 0.1241 0.7718 -0.6237
vn -0.0000 0.7718 -0.6359
vn -0.1241 0.7718 -0.6236
vn -0.2433 0.7718 -0.5875
vn -0.3533 0.7718 -0.5287
vn -0.4496 0.7718 -0.4496
vn -0.5287 0.7718 -0.3533
vn -0.5875 0.7718 -0.2433
vn -0.6237 0.7718 -0.1241
vn -0.6359 0.7718 -0.0000
vn -0.6236 0.7718 0.1241
vn -0.5875 0.7718 0.2433
vn -0.5287 0.7718 0.3533
vn -0.4496 0.7718 0.4496
vn -0.3533 0.7718 0.5287
vn -0.2433 0.7718 0.5875
vn -0.1241 0.7718 0.6237
vn -0.0000 1.0000 -0.0000
vn 0.1950 0.0235 0.9805
vn -0.0000 0.0235 0.9997
vn 0.3826 0.0235 0.9236
vn 0.5554 0.0235 0.8312
vn 0.7069 0.0235 0.7069
vn 0.8312 0.0235 0.5554
vn 0.9236 0.0235 0.3826
vn 0.9805 0.0235 0.1950
vn 0.9997 0.0235 -0.0000
vn 0.9805 0.0235 -0.1950
vn 0.9236 0.0235 -0.3826
vn 0.8312 0.0235 -0.5554
vn 0.7069 0.0235 -0.7069
vn 0.5554 0.0235 -0.8312
vn 0.3826 0.0235 -0.9236
vn 0.1950 0.0235 -0.9805
vn -0.0000 0.0235 -0.9997
vn -0.1950 0.0235 -0.9805
vn -0.3826 0.0235 -0.9236
vn -0.5554 0.0235 -0.8312
vn -0.7069 0.0235 -0.7069
vn -0.8312 0.0235 -0.5554
vn -0.9236 0.0235 -0.3826
vn -0.9805 0.0235 -0.1950
vn -0.9997 0.0235 -0.0000
vn -0.9805 0.0235 0.1950
vn -0.9236 0.0235 0.3826
vn -0.8312 0.0235 0.5554
vn -0.7069 0.0235 0.7069
vn -0.5554 0.0235 0.8312
vn -0.3826 0.0235 0.9236
vn -0.1950 0.0235 0.9805
vn -0.1948 0.0579 -0.9791
vn -0.0000 0.0579 -0.9983
vn -0.3820 0.0579 -0.9223
vn -0.5546 0.0579 -0.8301
vn -0.7059 0.0579 -0.7059
vn -0.8301 0.0579 -0.5546
vn -0.9223 0.0579 -0.3820
vn -0.9791 0.0579 -0.1948
vn -0.9983 0.0579 -0.0000
vn -0.9791 0.0579 0.1948
vn -0.9223 0.0579 0.3820
vn -0.8301 0.0579 0.5546
vn -0.7059 0.0579 0.7059
vn -0.5546 0.0579 0.8301
vn -0.3820 0.0579 0.9223
vn -0.1948 0.0579 0.9791
vn -0.0000 0.0579 0.9983
vn 0.1948 0.0579 0.9791
vn 0.3820 0.0579 0.9223
vn 0.5546 0.0579 0.8301
vn 0.7059 0.0579 0.7059
vn 0.8301 0.0579 0.5546
vn 0.9223 0.0579 0.3820
vn 0.9791 0.0579 0.1948
vn 0.9983 0.0579 -0.0000
vn 0.9791 0.0579 -0.1948
vn 0.9223 0.0579 -0.3820
vn 0.8301 0.0579 -0.5546
vn 0.7059 0.0579 -0.7059
vn 0.5546 0.0579 -0.8301
vn 0.3820 0.0579 -0.9223
vn 0.1948 0.0579 -0.9791
vn 0.1948 0.0581 0.9791
vn -0.0000 0.0582 0.9983
vn 0.3820 0.0582 0.9223
vn 0.5546 0.0582 0.8301
vn 0.7059 0.0582 0.7059
vn 0.8301 0.0582 0.5546
vn 0.9223 0.0582 0.3820
vn 0.9791 0.0582 0.1948
vn 0.9983 0.0582 -0.0000
vn 0.9791 0.0582 -0.1948
vn 0.9223 0.0582 -0.3820
vn 0.8301 0.0582 -0.5546
vn 0.7059 0.0582 -0.7059
vn 0.5546 0.0582 -0.8301
vn 0.3820 0.0582 -0.9223
vn 0.1948 0.0582 -0.9791
vn -0.0000 0.0582 -0.9983
vn -0.1948 0.0582 -0.9791
vn -0.3820 0.0582 -0.9223
vn -0.5546 0.0582 -0.8301
vn -0.7059 0.0582 -0.7059
vn -0.8301 0.0582 -0.5546
vn -0.9223 0.0582 -0.3820
vn -0.9791 0.0582 -0.1948
vn -0.9983 0.0582 -0.0000
vn -0.9791 0.0582 0.1948
vn -0.9223 0.0582 0.3820
vn -0.8301 0.0582 0.5546
vn -0.7059 0.0582 0.7059
vn -0.5546 0.0582 0.8301
vn -0.3820 0.0582 0.9223
vn -0.1948 0.0582 0.9791
vn -0.0878 0.8929 -0.4416
vn -0.0000 0.8929 -0.4502
vn -0.1723 0.8929 -0.4160
vn -0.2501 0.8929 -0.3744
vn -0.3184 0.8929 -0.3184
vn -0.3744 0.8929 -0.2501
vn -0.4160 0.8929 -0.1723
vn -0.4416 0.8929 -0.0878
vn -0.4502 0.8929 -0.0000
vn -0.4416 0.8929 0.0878
vn -0.4160 0.8929 0.1723
vn -0.3744 0.8929 0.2501
vn -0.3184 0.8929 0.3184
vn -0.2501 0.8929 0.3744
vn -0.1723 0.8929 0.4160
vn -0.0878 0.8929 0.4416
vn -0.0000 0.8929 0.4502
vn 0.0878 0.8929 0.4416
vn 0.1723 0.8929 0.4160
vn 0.2501 0.8929 0.3744
vn 0.3184 0.8929 0.3184
vn 0.3744 0.8929 0.2501
vn 0.4160 0.8929 0.1723
vn 0.4416 0.8929 0.0878
vn 0.4502 0.8929 -0.0000
vn 0.4416 0.8929 -0.0878
vn 0.4160 0.8929 -0.1723
vn 0.3744 0.8929 -0.2501
vn 0.3184 0.8929 -0.3184
vn 0.2501 0.8929 -0.3744
vn 0.1723 0.8929 -0.4160
vn 0.0878 0.8929 -0.4416
vn 0.0849 0.9004 0.4266
vn -0.0000 0.9004 0.4350
vn 0.1665 0.9004 0.4019
vn 0.2417 0.9004 0.3617
vn 0.3076 0.9004 0.3076
vn 0.3617 0.9004 0.2417
vn 0.4019 0.9004 0.1665
vn 0.4266 0.9004 0.0849
vn 0.4350 0.9004 -0.0000
vn 0.4266 0.9004 -0.0849
vn 0.4019 0.9004 -0.1665
vn 0.3617 0.9004 -0.2417
vn 0.3076 0.9004 -0.3076
vn 0.2417 0.9004 -0.3617
vn 0.1665 0.9004 -0.4019
vn 0.0849 0.9004 -0.4266
vn -0.0000 0.9004 -0.4350
vn -0.0849 0.9004 -0.4266
vn -0.1665 0.9004 -0.4019
vn -0.2417 0.9004 -0.3617
vn -0.3076 0.9004 -0.3076
vn -0.3617 0.9004 -0.2417
vn -0.4019 0.9004 -0.1665
vn -0.4266 0.9004 -0.0849
vn -0.4350 0.9004 -0.0000
vn -0.4266 0.9004 0.0849
vn -0.4019 0.9004 0.1665
vn -0.3617 0.9004 0.2417
vn -0.3076 0.9004 0.3076
vn -0.2417 0.9004 0.3617
vn -0.1665 0.9004 0.4019
vn -0.0849 0.9004 0.4266
vn -0.0017 1.0000 0.0025
vn -0.0011 1.0000 0.0028
vn -0.0021 1.0000 -0.0021
vn -0.0025 1.0000 -0.0017
vn 0.0025 1.0000 -0.0017
vn 0.0021 1.0000 -0.0021
vn 0.0011 1.0000 -0.0028
vn 0.0006 1.0000 -0.0029
vn 0.0025 1.0000 0.0017
vn 0.0028 1.0000 0.0011
vn -0.0000 1.0000 -0.0030
vn -0.0030 1.0000 -0.0000
vn -0.0029 1.0000 0.0006
vn 0.0029 1.0000 -0.0006
vn 0.0028 1.0000 -0.0011
vn -0.0000 1.0000 0.0030
vn 0.0006 1.0000 0.0029
vn -0.0011 1.0000 -0.0028
vn -0.0017 1.0000 -0.0025
vn -0.0021 1.0000 0.0021
vn 0.0021 1.0000 0.0021
vn -0.0028 1.0000 -0.0011
vn -0.0029 1.0000 -0.0006
vn 0.0017 1.0000 -0.0025
vn 0.0030 1.0000 -0.0000
vn -0.0028 1.0000 0.0011
vn -0.0025 1.0000 0.0017
vn -0.0006 1.0000 -0.0029
vn 0.0011 1.0000 0.0028
vn 0.0017 1.0000 0.0025
vn -0.0006 1.0000 0.0029
vn 0.0029 1.0000 0.0006
vn -0.0980 -0.0000 -0.9952
vn -0.2903 -0.0000 -0.9569
vn -0.4714 -0.0000 -0.8819
vn -0.6344 -0.0000 -0.7730
vn -0.7730 -0.0000 -0.6344
vn -0.8819 -0.0000 -0.4714
vn -0.9569 -0.0000 -0.2903
vn -0.9952 -0.0000 -0.0980
vn -0.9952 -0.0000 0.0980
vn -0.9569 -0.0000 0.2903
vn -0.8819 -0.0000 0.4714
vn -0.7730 -0.0000 0.6344
vn -0.6344 -0.0000 0.7730
vn -0.4714 -0.0000 0.8819
vn -0.2903 -0.0000 0.9569
vn -0.0980 -0.0000 0.9952
vn 0.0980 -0.0000 0.9952
vn 0.2903 -0.0000 0.9569
vn 0.4714 -0.0000 0.8819
vn 0.6344 -0.0000 0.7730
vn 0.7730 -0.0000 0.6344
vn 0.8819 -0.0000 0.4714
vn 0.9569 -0.0000 0.2903
vn 0.9952 -0.0000 0.0980
vn 0.9952 -0.0000 -0.0980
vn 0.9569 -0.0000 -0.2903
vn 0.8819 -0.0000 -0.4714
vn 0.7730 -0.0000 -0.6344
vn 0.6344 -0.0000 -0.7730
vn 0.4714 -0.0000 -0.8819
vn 0.2903 -0.0000 -0.9569
vn 0.0980 -0.0000 -0.9952
vn 0.0623 0.7718 0.6328
vn 0.1846 0.7718 0.6085
vn 0.2997 0.7718 0.5608
vn 0.4034 0.7718 0.4915
vn 0.4915 0.7718 0.4034
vn 0.5608 0.7718 0.2997
vn 0.6085 0.7718 0.1846
vn 0.6328 0.7718 0.0623
vn 0.6328 0.7718 -0.0623
vn 0.6085 0.7718 -0.1846
vn 0.5608 0.7718 -0.2997
vn 0.4915 0.7718 -0.4034
vn 0.4034 0.7718 -0.4915
vn 0.2997 0.7718 -0.5608
vn 0.1846 0.7718 -0.6085
vn 0.0623 0.7718 -0.6328
vn -0.0623 0.7718 -0.6328
vn -0.1846 0.7718 -0.6085
vn -0.2997 0.7718 -0.5608
vn -0.4034 0.7718 -0.4915
vn -0.4915 0.7718 -0.4034
vn -0.5608 0.7718 -0.2997
vn -0.6085 0.7718 -0.1846
vn -0.6328 0.7718 -0.0623
vn -0.6328 0.7718 0.0623
vn -0.6085 0.7718 0.1846
vn -0.5608 0.7718 0.2997
vn -0.4915 0.7718 0.4034
vn -0.4034 0.7718 0.4915
vn -0.2997 0.7718 0.5608
vn -0.1846 0.7718 0.6085
vn -0.0623 0.7718 0.6328
vn 0.6900 0.2183 -0.6900
vn 0.5422 0.2183 -0.8114
vn 0.3735 0.2183 -0.9016
vn 0.1904 0.2183 -0.9571
vn 0.9759 0.2183 -0.0000
vn 0.9571 0.2183 -0.1904
vn 0.9016 0.2183 -0.3735
vn 0.8114 0.2183 -0.5422
vn -0.1904 0.2183 0.9571
vn -0.0000 0.2183 0.9759
vn 0.6900 0.2183 0.6900
vn 0.8114 0.2183 0.5422
vn 0.9016 0.2183 0.3734
vn 0.9571 0.2183 0.1904
vn -0.8114 0.2183 0.5422
vn -0.6900 0.2183 0.6900
vn -0.5422 0.2183 0.8114
vn -0.3734 0.2183 0.9016
vn -0.0365 0.9954 0.0882
vn -0.0794 0.9954 -0.0531
vn 0.0675 0.9954 -0.0675
vn 0.0186 0.9954 -0.0937
vn 0.0882 0.9954 0.0365
vn -0.0000 0.9954 -0.0955
vn -0.0937 0.9954 0.0186
vn 0.0882 0.9954 -0.0365
vn 0.0186 0.9954 0.0937
vn -0.0531 0.9954 -0.0794
vn -0.0937 0.9954 -0.0186
vn -0.0794 0.9954 0.0531
vn 0.0531 0.9954 0.0794
vn -0.0186 0.9954 0.0937
vn 0.0937 0.9954 0.0186
vn 0.0980 0.0235 0.9949
vn 0.2902 0.0235 0.9567
vn 0.4713 0.0235 0.8817
vn 0.6342 0.0235 0.7728
vn 0.7728 0.0235 0.6342
vn 0.8817 0.0235 0.4713
vn 0.9567 0.0235 0.2902
vn 0.9949 0.0235 0.0980
vn 0.9949 0.0235 -0.0980
vn 0.9567 0.0235 -0.2902
vn 0.8817 0.0235 -0.4713
vn 0.7728 0.0235 -0.6342
vn 0.6342 0.0235 -0.7728
vn 0.4713 0.0235 -0.8817
vn 0.2902 0.0235 -0.9567
vn 0.0980 0.0235 -0.9949
vn -0.0980 0.0235 -0.9949
vn -0.2902 0.0235 -0.9567
vn -0.4713 0.0235 -0.8817
vn -0.6342 0.0235 -0.7728
vn -0.7728 0.0235 -0.6342
vn -0.8817 0.0235 -0.4713
vn -0.9567 0.0235 -0.2902
vn -0.9949 0.0235 -0.0980
vn -0.9949 0.0235 0.0980
vn -0.9567 0.0235 0.2902
vn -0.8817 0.0235 0.4713
vn -0.7728 0.0235 0.6342
vn -0.6342 0.0235 0.7728
vn -0.4713 0.0235 0.8817
vn -0.2902 0.0235 0.9567
vn -0.0980 0.0235 0.9949
vn -0.5422 0.2183 -0.8114
vn -0.3735 0.2183 -0.9016
vn -0.1904 0.2183 -0.9571
vn -0.0000 0.2183 -0.9759
vn -0.9571 0.2183 -0.1904
vn -0.9016 0.2183 -0.3734
vn -0.8114 0.2183 -0.5422
vn -0.6900 0.2183 -0.6900
vn 0.3735 0.2183 0.9016
vn 0.1904 0.2183 0.9571
vn -0.9016 0.2183 0.3735
vn -0.9571 0.2183 0.1904
vn -0.9759 0.2183 -0.0000
vn 0.5422 0.2183 0.8114
vn -0.0979 0.0579 -0.9935
vn -0.2898 0.0579 -0.9553
vn -0.4706 0.0579 -0.8804
vn -0.6333 0.0579 -0.7717
vn -0.7717 0.0579 -0.6333
vn -0.8804 0.0579 -0.4706
vn -0.9553 0.0579 -0.2898
vn -0.9935 0.0579 -0.0979
vn -0.9935 0.0579 0.0979
vn -0.9553 0.0579 0.2898
vn -0.8804 0.0579 0.4706
vn -0.7717 0.0579 0.6333
vn -0.6333 0.0579 0.7717
vn -0.4706 0.0579 0.8804
vn -0.2898 0.0579 0.9553
vn -0.0979 0.0579 0.9935
vn 0.0979 0.0579 0.9935
vn 0.2898 0.0579 0.9553
vn 0.4706 0.0579 0.8804
vn 0.6333 0.0579 0.7717
vn 0.7717 0.0579 0.6333
vn 0.8804 0.0579 0.4706
vn 0.9553 0.0579 0.2898
vn 0.9935 0.0579 0.0979
vn 0.9935 0.0579 -0.0979
vn 0.9553 0.0579 -0.2898
vn 0.8804 0.0579 -0.4706
vn 0.7717 0.0579 -0.6333
vn 0.6333 0.0579 -0.7717
vn 0.4706 0.0579 -0.8804
vn 0.2898 0.0579 -0.9553
vn 0.0979 0.0579 -0.9935
vn 0.0979 0.0582 0.9935
vn 0.2898 0.0582 0.9553
vn 0.4706 0.0582 0.8804
vn 0.6333 0.0582 0.7717
vn 0.7717 0.0582 0.6333
vn 0.8804 0.0582 0.4706
vn 0.9553 0.0582 0.2898
vn 0.9935 0.0582 0.0979
vn 0.9935 0.0582 -0.0979
vn 0.9553 0.0582 -0.2898
vn 0.8804 0.0582 -0.4706
vn 0.7717 0.0582 -0.6333
vn 0.6333 0.0582 -0.7717
vn 0.4706 0.0582 -0.8804
vn 0.2898 0.0582 -0.9553
vn 0.0979 0.0582 -0.9935
vn -0.0979 0.0582 -0.9935
vn -0.2898 0.0582 -0.9553
vn -0.4706 0.0582 -0.8804
vn -0.6333 0.0582 -0.7717
vn -0.7717 0.0582 -0.6333
vn -0.8804 0.0582 -0.4706
vn -0.9553 0.0582 -0.2898
vn -0.9935 0.0582 -0.0978
vn -0.9935 0.0582 0.0979
vn -0.9553 0.0582 0.2898
vn -0.8804 0.0582 0.4706
vn -0.7717 0.0582 0.6333
vn -0.6333 0.0582 0.7717
vn -0.4706 0.0582 0.8804
vn -0.2898 0.0582 0.9553
vn -0.0979 0.0582 0.9935
vn -0.8768 0.4481 0.1744
vn -0.8809 0.4397 0.1752
vn -0.8981 0.4397 -0.0000
vn -0.8259 0.4481 0.3421
vn -0.7433 0.4481 0.4967
vn -0.7468 0.4397 0.4990
vn -0.8298 0.4397 0.3437
vn 0.1752 0.4397 -0.8809
vn 0.1744 0.4481 0.8768
vn 0.3421 0.4481 0.8259
vn -0.6322 0.4481 -0.6321
vn -0.7433 0.4481 -0.4967
vn -0.7468 0.4397 -0.4990
vn -0.6351 0.4397 -0.6351
vn -0.8259 0.4481 -0.3421
vn -0.8768 0.4481 -0.1744
vn -0.8809 0.4397 -0.1752
vn -0.8298 0.4397 -0.3437
vn 0.6351 0.4397 -0.6351
vn 0.7468 0.4397 -0.4990
vn 0.3437 0.4397 -0.8298
vn 0.4990 0.4397 -0.7468
vn -0.0000 0.4481 -0.8940
vn -0.1744 0.4481 -0.8768
vn -0.1752 0.4397 -0.8809
vn -0.0000 0.4397 -0.8981
vn -0.3421 0.4481 -0.8259
vn -0.4967 0.4481 -0.7433
vn -0.4990 0.4397 -0.7468
vn -0.3437 0.4397 -0.8298
vn 0.8981 0.4397 -0.0000
vn 0.8809 0.4397 0.1752
vn -0.0441 0.8929 -0.4481
vn -0.1307 0.8929 -0.4308
vn -0.2122 0.8929 -0.3971
vn -0.2856 0.8929 -0.3480
vn -0.3480 0.8929 -0.2856
vn -0.3971 0.8929 -0.2122
vn -0.4309 0.8929 -0.1307
vn -0.4481 0.8929 -0.0441
vn -0.4481 0.8929 0.0441
vn -0.4308 0.8929 0.1307
vn -0.3971 0.8929 0.2122
vn -0.3480 0.8929 0.2856
vn -0.2856 0.8929 0.3480
vn -0.2122 0.8929 0.3971
vn -0.1307 0.8929 0.4309
vn -0.0441 0.8929 0.4481
vn 0.0441 0.8929 0.4481
vn 0.1307 0.8929 0.4308
vn 0.2122 0.8929 0.3971
vn 0.2856 0.8929 0.3480
vn 0.3480 0.8929 0.2856
vn 0.3971 0.8929 0.2122
vn 0.4309 0.8929 0.1307
vn 0.4481 0.8929 0.0441
vn 0.4481 0.8929 -0.0441
vn 0.4309 0.8929 -0.1307
vn 0.3971 0.8929 -0.2122
vn 0.3480 0.8929 -0.2856
vn 0.2856 0.8929 -0.3480
vn 0.2122 0.8929 -0.3971
vn 0.1307 0.8929 -0.4309
vn 0.0441 0.8929 -0.4481
vn 0.0426 0.9004 0.4329
vn 0.1263 0.9004 0.4163
vn 0.2051 0.9004 0.3836
vn 0.2760 0.9004 0.3363
vn 0.3363 0.9004 0.2760
vn 0.3836 0.9004 0.2051
vn 0.4163 0.9004 0.1263
vn 0.4329 0.9004 0.0426
vn 0.4329 0.9004 -0.0426
vn 0.4163 0.9004 -0.1263
vn 0.3836 0.9004 -0.2051
vn 0.3363 0.9004 -0.2760
vn 0.2760 0.9004 -0.3363
vn 0.2051 0.9004 -0.3836
vn 0.1263 0.9004 -0.4163
vn 0.0426 0.9004 -0.4329
vn -0.0426 0.9004 -0.4329
vn -0.1263 0.9004 -0.4163
vn -0.2051 0.9004 -0.3836
vn -0.2760 0.9004 -0.3363
vn -0.3363 0.9004 -0.2760
vn -0.3836 0.9004 -0.2051
vn -0.4163 0.9004 -0.1263
vn -0.4329 0.9004 -0.0426
vn -0.4329 0.9004 0.0426
vn -0.4163 0.9004 0.1263
vn -0.3836 0.9004 0.2051
vn -0.3363 0.9004 0.2760
vn -0.2760 0.9004 0.3363
vn -0.2051 0.9004 0.3836
vn -0.1263 0.9004 0.4163
vn -0.0426 0.9004 0.4329
vn -0.0000 1.0000 -0.0047
vn -0.0009 1.0000 -0.0046
vn 0.0018 1.0000 0.0043
vn 0.0026 1.0000 0.0039
vn -0.0046 1.0000 0.0009
vn -0.0043 1.0000 0.0018
vn 0.0033 1.0000 -0.0033
vn 0.0026 1.0000 -0.0039
vn 0.0033 1.0000 0.0033
vn -0.0026 1.0000 0.0039
vn -0.0018 1.0000 0.0043
vn -0.0033 1.0000 -0.0033
vn -0.0039 1.0000 -0.0026
vn 0.0043 1.0000 0.0018
vn 0.0046 1.0000 0.0009
vn 0.0047 1.0000 -0.0000
vn 0.0009 1.0000 0.0046
vn -0.0047 1.0000 -0.0000
vn 0.0043 1.0000 -0.0018
vn 0.0039 1.0000 -0.0026
vn -0.0018 1.0000 -0.0043
vn -0.0026 1.0000 -0.0039
vn 0.0018 1.0000 -0.0043
vn 0.0009 1.0000 -0.0046
vn -0.0033 1.0000 0.0033
vn 0.0039 1.0000 0.0026
vn -0.0043 1.0000 -0.0018
vn -0.0046 1.0000 -0.0009
vn 0.0046 1.0000 -0.0009
vn -0.0000 1.0000 0.0047
vn -0.0039 1.0000 0.0026
vn -0.0009 1.0000 0.0046
vn -0.8940 0.4481 -0.0000
vn 0.8259 0.4481 0.3421
vn 0.7433 0.4481 0.4967
vn 0.6322 0.4481 0.6322
vn 0.4967 0.4481 0.7433
vn -0.3437 0.4397 0.8298
vn -0.1752 0.4397 0.8809
vn -0.1744 0.4481 0.8768
vn -0.3421 0.4481 0.8259
vn -0.6351 0.4397 0.6351
vn -0.4990 0.4397 0.7468
vn -0.4967 0.4481 0.7433
vn -0.6321 0.4481 0.6322
vn 0.8259 0.4481 -0.3421
vn 0.8768 0.4481 -0.1744
vn 0.8940 0.4481 -0.0000
vn 0.8768 0.4481 0.1744
vn 0.3437 0.4397 0.8298
vn 0.4990 0.4397 0.7468
vn -0.0000 0.4397 0.8981
vn 0.1752 0.4397 0.8809
vn 0.3421 0.4481 -0.8259
vn 0.4967 0.4481 -0.7433
vn 0.6321 0.4481 -0.6322
vn 0.7433 0.4481 -0.4967
vn 0.8298 0.4397 0.3437
vn 0.6351 0.4397 0.6351
vn 0.7468 0.4397 0.4990
vn 0.1744 0.4481 -0.8768
vn 0.8298 0.4397 -0.3437
vn 0.8809 0.4397 -0.1752
vn -0.0000 0.4481 0.8940
vn -0.0531 0.9954 0.0794
vn -0.0675 0.9954 -0.0675
vn 0.0794 0.9954 -0.0531
vn 0.0365 0.9954 -0.0882
vn 0.0794 0.9954 0.0531
vn -0.0955 0.9954 -0.0000
vn 0.0937 0.9954 -0.0186
vn -0.0000 0.9954 0.0955
vn -0.0365 0.9954 -0.0882
vn -0.0675 0.9954 0.0675
vn 0.0675 0.9954 0.0675
vn -0.0882 0.9954 -0.0365
vn 0.0531 0.9954 -0.0794
vn 0.0955 0.9954 -0.0000
vn -0.0882 0.9954 0.0365
vn -0.0186 0.9954 -0.0937
vn 0.0365 0.9954 0.0882
vn 0.0009 1.0000 0.0028
vn 0.0026 1.0000 -0.0014
vn 0.0030 1.0000 0.0003
vn -0.0003 1.0000 -0.0030
vn -0.0028 1.0000 0.0009
vn -0.0003 1.0000 0.0030
vn 0.0028 1.0000 0.0009
vn 0.0019 1.0000 -0.0023
vn -0.0026 1.0000 -0.0014
vn 0.0019 1.0000 0.0023
vn -0.0009 1.0000 0.0028
vn -0.0023 1.0000 0.0019
vn 0.0014 1.0000 0.0026
vn -0.0009 1.0000 -0.0028
vn -0.0026 1.0000 0.0014
vn 0.0030 1.0000 -0.0003
vn -0.0030 1.0000 -0.0003
vn 0.0014 1.0000 -0.0026
vn -0.0028 1.0000 -0.0009
vn 0.0023 1.0000 0.0019
vn -0.0019 1.0000 -0.0023
vn -0.0019 1.0000 0.0023
vn -0.0014 1.0000 -0.0026
vn 0.0003 1.0000 0.0030
vn 0.0028 1.0000 -0.0009
vn -0.0030 1.0000 0.0003
vn 0.0003 1.0000 -0.0030
vn 0.0026 1.0000 0.0014
vn 0.0009 1.0000 -0.0028
vn 0.0023 1.0000 -0.0019
vn -0.0023 1.0000 -0.0019
vn -0.0014 1.0000 0.0026
vn -0.8606 0.2183 0.4600
vn 0.2833 0.2183 0.9339
vn -0.7544 0.2183 -0.6191
vn -0.9339 0.2183 -0.2833
vn -0.0957 0.2183 -0.9712
vn -0.4600 0.2183 -0.8606
vn 0.6191 0.2183 -0.7544
vn 0.2833 0.2183 -0.9339
vn 0.9712 0.2183 -0.0957
vn 0.8606 0.2183 -0.4600
vn -0.0957 0.2183 0.9712
vn 0.7544 0.2183 0.6191
vn 0.9339 0.2183 0.2833
vn -0.7544 0.2183 0.6191
vn -0.4600 0.2183 0.8606
vn -0.9712 0.2183 0.0957
vn 0.8606 0.2183 0.4600
vn 0.6191 0.2183 0.7544
vn -0.2833 0.2183 0.9339
vn -0.6191 0.2183 0.7544
vn 0.9339 0.2183 -0.2833
vn 0.9712 0.2183 0.0957
vn 0.4600 0.2183 -0.8606
vn 0.7544 0.2183 -0.6191
vn -0.2833 0.2183 -0.9339
vn 0.0957 0.2183 -0.9712
vn -0.8606 0.2183 -0.4600
vn -0.6191 0.2183 -0.7544
vn -0.9339 0.2183 0.2833
vn -0.9712 0.2183 -0.0957
vn 0.4600 0.2183 0.8606
vn 0.0957 0.2183 0.9712
vn -0.2607 0.4397 -0.8595
vn 0.6943 0.4397 0.5698
vn 0.8595 0.4397 0.2607
vn 0.6911 0.4481 -0.5671
vn 0.4214 0.4481 -0.7884
vn 0.0880 0.4397 0.8938
vn 0.4234 0.4397 0.7921
vn 0.8897 0.4481 0.0876
vn 0.8555 0.4481 -0.2595
vn -0.5671 0.4481 0.6911
vn -0.5698 0.4397 0.6943
vn -0.2595 0.4481 0.8555
vn -0.2607 0.4397 0.8595
vn 0.5671 0.4481 0.6911
vn 0.7884 0.4481 0.4214
vn -0.8897 0.4481 0.0876
vn -0.8938 0.4397 0.0880
vn -0.7884 0.4481 0.4214
vn -0.7921 0.4397 0.4234
vn 0.0880 0.4397 -0.8938
vn 0.2595 0.4481 0.8555
vn -0.6911 0.4481 -0.5671
vn -0.6943 0.4397 -0.5698
vn -0.8555 0.4481 -0.2595
vn -0.8595 0.4397 -0.2607
vn 0.6943 0.4397 -0.5698
vn 0.4234 0.4397 -0.7921
vn -0.0876 0.4481 -0.8897
vn -0.0880 0.4397 -0.8938
vn -0.4214 0.4481 -0.7884
vn -0.4234 0.4397 -0.7921
vn 0.8938 0.4397 0.0880
vn -0.0005 1.0000 -0.0046
vn 0.0022 1.0000 0.0041
vn -0.0045 1.0000 0.0014
vn 0.0030 1.0000 -0.0036
vn 0.0030 1.0000 0.0036
vn -0.0022 1.0000 0.0041
vn -0.0036 1.0000 -0.0030
vn 0.0045 1.0000 0.0014
vn 0.0046 1.0000 0.0005
vn 0.0014 1.0000 0.0045
vn -0.0046 1.0000 0.0005
vn 0.0041 1.0000 -0.0022
vn -0.0022 1.0000 -0.0041
vn 0.0036 1.0000 -0.0030
vn 0.0014 1.0000 -0.0045
vn -0.0030 1.0000 0.0036
vn -0.0030 1.0000 -0.0036
vn 0.0041 1.0000 0.0022
vn -0.0045 1.0000 -0.0014
vn 0.0005 1.0000 -0.0046
vn -0.0046 1.0000 -0.0005
vn 0.0045 1.0000 -0.0014
vn 0.0005 1.0000 0.0046
vn -0.0014 1.0000 -0.0045
vn -0.0041 1.0000 0.0022
vn 0.0022 1.0000 -0.0041
vn 0.0036 1.0000 0.0030
vn -0.0036 1.0000 0.0030
vn -0.0014 1.0000 0.0045
vn -0.0041 1.0000 -0.0022
vn 0.0046 1.0000 -0.0005
vn -0.0005 1.0000 0.0046
vn -0.2595 0.4481 -0.8555
vn 0.0876 0.4481 -0.8897
vn 0.7921 0.4397 -0.4234
vn 0.8938 0.4397 -0.0880
vn -0.7921 0.4397 -0.4234
vn -0.7884 0.4481 -0.4214
vn -0.5698 0.4397 -0.6943
vn -0.5671 0.4481 -0.6911
vn 0.2607 0.4397 -0.8595
vn 0.5698 0.4397 -0.6943
vn -0.8595 0.4397 0.2607
vn -0.8555 0.4481 0.2595
vn -0.8938 0.4397 -0.0880
vn -0.8897 0.4481 -0.0876
vn 0.4214 0.4481 0.7884
vn 0.0876 0.4481 0.8897
vn -0.4234 0.4397 0.7921
vn -0.4214 0.4481 0.7884
vn -0.6943 0.4397 0.5698
vn -0.6911 0.4481 0.5671
vn 0.8555 0.4481 0.2595
vn 0.6911 0.4481 0.5671
vn 0.2607 0.4397 0.8595
vn -0.0880 0.4397 0.8938
vn -0.0876 0.4481 0.8897
vn 0.7884 0.4481 -0.4214
vn 0.8897 0.4481 -0.0876
vn 0.7921 0.4397 0.4234
vn 0.5698 0.4397 0.6943
vn 0.2595 0.4481 -0.8555
vn 0.5671 0.4481 -0.6911
vn 0.8595 0.4397 -0.2607
vn 0.0277 0.9954 0.0914
vn 0.0842 0.9954 -0.0450
vn 0.0950 0.9954 0.0094
vn -0.0094 0.9954 -0.0950
vn -0.0914 0.9954 0.0277
vn -0.0094 0.9954 0.0950
vn 0.0914 0.9954 0.0277
vn 0.0606 0.9954 -0.0738
vn -0.0842 0.9954 -0.0450
vn 0.0606 0.9954 0.0738
vn -0.0277 0.9954 0.0914
vn -0.0738 0.9954 0.0606
vn 0.0450 0.9954 0.0842
vn -0.0277 0.9954 -0.0914
vn -0.0842 0.9954 0.0450
vn 0.0950 0.9954 -0.0094
vn -0.0950 0.9954 -0.0094
vn 0.0450 0.9954 -0.0842
vn -0.0914 0.9954 -0.0277
vn 0.0738 0.9954 0.0606
vn -0.0606 0.9954 -0.0738
vn -0.0606 0.9954 0.0738
vn -0.0450 0.9954 -0.0842
vn 0.0094 0.9954 0.0950
vn 0.0914 0.9954 -0.0277
vn -0.0950 0.9954 0.0094
vn 0.0094 0.9954 -0.0950
vn 0.0842 0.9954 0.0450
vn 0.0277 0.9954 -0.0914
vn 0.0738 0.9954 -0.0606
vn -0.0738 0.9954 -0.0606
vn -0.0450 0.9954 0.0842
s 1
f 4432//4432 5219//4432 5543//4688 4815//4688
f 5219//4432 4592//4432 5103//4688 5543//4688
f 5543//4688 5103//4688 4591//4431 5218//4431
f 4815//4688 5543//4688 5218//4431 4431//4431
f 4481//4481 5217//4819 5544//5096 4865//4738
f 5217//4819 4641//4514 5153//4803 5544//5096
f 5544//5096 5153//4803 4642//4515 4895//4758
f 4865//4738 5544//5096 4895//4758 4482//4482
f 4434//4434 4898//4434 5545//4690 4817//4690
f 4898//4434 4594//4434 5105//4690 5545//4690
f 5545//4690 5105//4690 4593//4433 5216//4433
f 4817//4690 5545//4690 5216//4433 4433//4433
f 4423//4423 5197//4423 5546//4711 4838//4711
f 5197//4423 4584//4423 5126//4711 5546//4711
f 5546//4711 5126//4711 4614//4454 5215//4454
f 4838//4711 5546//4711 5215//4454 4454//4454
f 4456//4456 5214//4818 5547//5097 4840//4713
f 5214//4818 4615//4488 5128//4778 5547//5097
f 5547//5097 5128//4778 4617//4490 5213//4817
f 4840//4713 5547//5097 5213//4817 4457//4457
f 4475//4475 5212//4816 5548//5098 4859//4732
f 5212//4816 4635//4508 5147//4797 5548//5098
f 5548//5098 5147//4797 4636//4509 5211//4815
f 4859//4732 5548//5098 5211//4815 4476//4476
f 4428//4428 5210//4428 5549//4684 4811//4684
f 5210//4428 4588//4428 5099//4684 5549//4684
f 5549//4684 5099//4684 4587//4427 5209//4427
f 4811//4684 5549//4684 5209//4427 4427//4427
f 4477//4477 5208//4814 5550//5099 4861//4734
f 5208//4814 4637//4510 5149//4799 5550//5099
f 5550//5099 5149//4799 4638//4511 5207//4813
f 4861//4734 5550//5099 5207//4813 4478//4478
f 4430//4430 5206//4430 5551//4686 4813//4686
f 5206//4430 4590//4430 5101//4686 5551//4686
f 5551//4686 5101//4686 4589//4429 5205//4429
f 4813//4686 5551//4686 5205//4429 4429//4429
f 4451//4451 5204//4451 5552//4707 4834//4707
f 5204//4451 4611//4451 5122//4707 5552//4707
f 5552//4707 5122//4707 4610//4450 5203//4450
f 4834//4707 5552//4707 5203//4450 4450//4450
f 4453//4453 5202//4453 5553//4709 4836//4709
f 5202//4453 4613//4453 5124//4709 5553//4709
f 5553//4709 5124//4709 4612//4452 5201//4452
f 4836//4709 5553//4709 5201//4452 4452//4452
f 4471//4471 5200//4812 5554//5100 4855//4728
f 5200//4812 4631//4504 5143//4793 5554//5100
f 5554//5100 5143//4793 4632//4505 5199//4811
f 4855//4728 5554//5100 5199//4811 4472//4472
f 4424//4424 5198//4424 5555//4680 4807//4680
f 5198//4424 4583//4424 5095//4680 5555//4680
f 5555//4680 5095//4680 4584//4423 5197//4423
f 4807//4680 5555//4680 5197//4423 4423//4423
f 4473//4473 5196//4810 5556//5101 4857//4730
f 5196//4810 4633//4506 5145//4795 5556//5101
f 5556//5101 5145//4795 4634//4507 5195//4809
f 4857//4730 5556//5101 5195//4809 4474//4474
f 4426//4426 5194//4426 5557//4682 4809//4682
f 5194//4426 4586//4426 5097//4682 5557//4682
f 5557//4682 5097//4682 4585//4425 5193//4425
f 4809//4682 5557//4682 5193//4425 4425//4425
f 4447//4447 5192//4447 5558//4703 4830//4703
f 5192//4447 4607//4447 5118//4703 5558//4703
f 5558//4703 5118//4703 4606//4446 5191//4446
f 4830//4703 5558//4703 5191//4446 4446//4446
f 4449//4449 4871//4449 5559//4705 4832//4705
f 4871//4449 4609//4449 5120//4705 5559//4705
f 5559//4705 5120//4705 4608//4448 4872//4448
f 4832//4705 5559//4705 4872//4448 4448//4448
f 4467//4467 4873//4744 5560//5102 4851//4724
f 4873//4744 4627//4500 5139//4789 5560//5102
f 5560//5102 5139//4789 4628//4501 4874//4745
f 4851//4724 5560//5102 4874//4745 4468//4468
f 4469//4469 4875//4746 5561//5103 4853//4726
f 4875//4746 4629//4502 5141//4791 5561//5103
f 5561//5103 5141//4791 4630//4503 4876//4747
f 4853//4726 5561//5103 4876//4747 4470//4470
f 4443//4443 4877//4443 5562//4699 4826//4699
f 4877//4443 4603//4443 5114//4699 5562//4699
f 5562//4699 5114//4699 4602//4442 4878//4442
f 4826//4699 5562//4699 4878//4442 4442//4442
f 4445//4445 4879//4445 5563//4701 4828//4701
f 4879//4445 4605//4445 5116//4701 5563//4701
f 5563//4701 5116//4701 4604//4444 4880//4444
f 4828//4701 5563//4701 4880//4444 4444//4444
f 4463//4463 4881//4748 5564//5104 4847//4720
f 4881//4748 4623//4496 5135//4785 5564//5104
f 5564//5104 5135//4785 4624//4497 4882//4749
f 4847//4720 5564//5104 4882//4749 4464//4464
f 4465//4465 4883//4750 5565//5105 4849//4722
f 4883//4750 4625//4498 5137//4787 5565//5105
f 5565//5105 5137//4787 4626//4499 4884//4751
f 4849//4722 5565//5105 4884//4751 4466//4466
f 4486//4486 4885//4752 5566//5106 4870//4743
f 4885//4752 4646//4519 5158//4808 5566//5106
f 5566//5106 5158//4808 4616//4489 4886//4753
f 4870//4743 5566//5106 4886//4753 4455//4455
f 4439//4439 4887//4439 5567//4695 4822//4695
f 4887//4439 4599//4439 5110//4695 5567//4695
f 5567//4695 5110//4695 4598//4438 4888//4438
f 4822//4695 5567//4695 4888//4438 4438//4438
f 4441//4441 4889//4441 5568//4697 4824//4697
f 4889//4441 4601//4441 5112//4697 5568//4697
f 5568//4697 5112//4697 4600//4440 4890//4440
f 4824//4697 5568//4697 4890//4440 4440//4440
f 4459//4459 4891//4754 5569//5107 4843//4716
f 4891//4754 4619//4492 5131//4781 5569//5107
f 5569//5107 5131//4781 4620//4493 4892//4755
f 4843//4716 5569//5107 4892//4755 4460//4460
f 4461//4461 4893//4756 5570//5108 4845//4718
f 4893//4756 4621//4494 5133//4783 5570//5108
f 5570//5108 5133//4783 4622//4495 4894//4757
f 4845//4718 5570//5108 4894//4757 4462//4462
f 4482//4482 4895//4758 5571//5109 4866//4739
f 4895//4758 4642//4515 5154//4804 5571//5109
f 5571//5109 5154//4804 4643//4516 4896//4759
f 4866//4739 5571//5109 4896//4759 4483//4483
f 4435//4435 4897//4435 5572//4691 4818//4691
f 4897//4435 4595//4435 5106//4691 5572//4691
f 5572//4691 5106//4691 4594//4434 4898//4434
f 4818//4691 5572//4691 4898//4434 4434//4434
f 4484//4484 4899//4760 5573//5110 4868//4741
f 4899//4760 4644//4517 5156//4806 5573//5110
f 5573//5110 5156//4806 4645//4518 4900//4761
f 4868//4741 5573//5110 4900//4761 4485//4485
f 4437//4437 4901//4437 5574//4693 4820//4693
f 4901//4437 4597//4437 5108//4693 5574//4693
f 5574//4693 5108//4693 4596//4436 4902//4436
f 4820//4693 5574//4693 4902//4436 4436//4436
f 4776//4649 5480//4487 5575//4487 5542//5095
f 5480//4487 4517//4487 4932//4487 5575//4487
f 5575//4487 4932//4487 4516//4487 4935//4487
f 5542//5095 5575//4487 4935//4487 4775//4648
f 4778//4651 5482//4487 5576//4487 5541//5094
f 5482//4487 4508//4487 4923//4487 5576//4487
f 5576//4487 4923//4487 4507//4487 4937//4487
f 5541//5094 5576//4487 4937//4487 4777//4650
f 4780//4653 5484//4487 5577//4487 5540//5093
f 5484//4487 4499//4487 4914//4487 5577//4487
f 5577//4487 4914//4487 4498//4487 4939//4487
f 5540//5093 5577//4487 4939//4487 4779//4652
f 4782//4655 5486//4487 5578//4487 5539//5092
f 5486//4487 4502//4487 4917//4487 5578//4487
f 5578//4487 4917//4487 4501//4487 4941//4487
f 5539//5092 5578//4487 4941//4487 4781//4654
f 4784//4657 5488//4487 5579//4487 5538//5091
f 5488//4487 4493//4487 4908//4487 5579//4487
f 5579//4487 4908//4487 4492//4487 4943//4487
f 5538//5091 5579//4487 4943//4487 4783//4656
f 4785//4658 5489//4487 5580//4487 5537//5090
f 5489//4487 4503//4487 4918//4487 5580//4487
f 5580//4487 4918//4487 4502//4487 5486//4487
f 5537//5090 5580//4487 5486//4487 4782//4655
f 4787//4660 5491//4487 5581//4487 5536//5089
f 5491//4487 4512//4487 4927//4487 5581//4487
f 5581//4487 4927//4487 4511//4487 4946//4487
f 5536//5089 5581//4487 4946//4487 4786//4659
f 4789//4662 5493//4487 5582//4487 5535//5088
f 5493//4487 4497//4487 4912//4487 5582//4487
f 5582//4487 4912//4487 4496//4487 4948//4487
f 5535//5088 5582//4487 4948//4487 4788//4661
f 4791//4664 5495//4487 5583//4487 5534//5087
f 5495//4487 4488//4487 4903//4487 5583//4487
f 5583//4487 4903//4487 4487//4487 4950//4487
f 5534//5087 5583//4487 4950//4487 4790//4663
f 4793//4666 5497//4487 5584//4487 5533//5086
f 5497//4487 4506//4487 4921//4487 5584//4487
f 5584//4487 4921//4487 4505//4487 4952//4487
f 5533//5086 5584//4487 4952//4487 4792//4665
f 4775//4648 4935//4487 5585//4487 5532//5085
f 4935//4487 4516//4487 4931//4487 5585//4487
f 5585//4487 4931//4487 4515//4487 4954//4487
f 5532//5085 5585//4487 4954//4487 4794//4667
f 4777//4650 4937//4487 5586//4487 5531//5084
f 4937//4487 4507//4487 4922//4487 5586//4487
f 5586//4487 4922//4487 4506//4487 5497//4487
f 5531//5084 5586//4487 5497//4487 4793//4666
f 4783//4656 4943//4487 5587//4487 5530//5083
f 4943//4487 4492//4487 4907//4487 5587//4487
f 5587//4487 4907//4487 4491//4487 4955//4487
f 5530//5083 5587//4487 4955//4487 4795//4668
f 4797//4670 5501//4487 5588//4487 5529//5082
f 5501//4487 4510//4487 4925//4487 5588//4487
f 5588//4487 4925//4487 4509//4487 4956//4487
f 5529//5082 5588//4487 4956//4487 4796//4669
f 4781//4654 4941//4487 5589//4487 5528//5081
f 4941//4487 4501//4487 4916//4487 5589//4487
f 5589//4487 4916//4487 4500//4487 4958//4487
f 5528//5081 5589//4487 4958//4487 4798//4671
f 4786//4659 4946//4487 5590//4487 5527//5080
f 4946//4487 4511//4487 4926//4487 5590//4487
f 5590//4487 4926//4487 4510//4487 5501//4487
f 5527//5080 5590//4487 5501//4487 4797//4670
f 4788//4661 4948//4487 5591//4487 5526//5079
f 4948//4487 4496//4487 4911//4487 5591//4487
f 5591//4487 4911//4487 4495//4487 4959//4487
f 5526//5079 5591//4487 4959//4487 4799//4672
f 4801//4674 5505//4487 5592//4487 5525//5078
f 5505//4487 4514//4487 4929//4487 5592//4487
f 5592//4487 4929//4487 4513//4487 4960//4487
f 5525//5078 5592//4487 4960//4487 4800//4673
f 4792//4665 4952//4487 5593//4487 5524//5077
f 4952//4487 4505//4487 4920//4487 5593//4487
f 5593//4487 4920//4487 4504//4487 4962//4487
f 5524//5077 5593//4487 4962//4487 4802//4675
f 4804//4677 5508//4487 5594//4487 5523//5076
f 5508//4487 4490//4487 4905//4487 5594//4487
f 5594//4487 4905//4487 4489//4487 4963//4487
f 5523//5076 5594//4487 4963//4487 4803//4676
f 4794//4667 4954//4487 5595//4487 5522//5075
f 4954//4487 4515//4487 4930//4487 5595//4487
f 5595//4487 4930//4487 4514//4487 5505//4487
f 5522//5075 5595//4487 5505//4487 4801//4674
f 4805//4678 5509//4487 5596//4487 5521//5074
f 5509//4487 4518//4487 4933//4487 5596//4487
f 5596//4487 4933//4487 4517//4487 5480//4487
f 5521//5074 5596//4487 5480//4487 4776//4649
f 4795//4668 4955//4487 5597//4487 5520//5073
f 4955//4487 4491//4487 4906//4487 5597//4487
f 5597//4487 4906//4487 4490//4487 5508//4487
f 5520//5073 5597//4487 5508//4487 4804//4677
f 4796//4669 4956//4487 5598//4487 5519//5072
f 4956//4487 4509//4487 4924//4487 5598//4487
f 5598//4487 4924//4487 4508//4487 5482//4487
f 5519//5072 5598//4487 5482//4487 4778//4651
f 4798//4671 4958//4487 5599//4487 5518//5071
f 4958//4487 4500//4487 4915//4487 5599//4487
f 5599//4487 4915//4487 4499//4487 5484//4487
f 5518//5071 5599//4487 5484//4487 4780//4653
f 4806//4679 5510//4487 5600//4487 5517//5070
f 5510//4487 4494//4487 4909//4487 5600//4487
f 5600//4487 4909//4487 4493//4487 5488//4487
f 5517//5070 5600//4487 5488//4487 4784//4657
f 4790//4663 4950//4487 5601//4487 5516//5069
f 4950//4487 4487//4487 4934//4487 5601//4487
f 5601//4487 4934//4487 4518//4487 5509//4487
f 5516//5069 5601//4487 5509//4487 4805//4678
f 4800//4673 4960//4487 5602//4487 5515//5068
f 4960//4487 4513//4487 4928//4487 5602//4487
f 5602//4487 4928//4487 4512//4487 5491//4487
f 5515//5068 5602//4487 5491//4487 4787//4660
f 4802//4675 4962//4487 5603//4487 5514//5067
f 4962//4487 4504//4487 4919//4487 5603//4487
f 5603//4487 4919//4487 4503//4487 5489//4487
f 5514//5067 5603//4487 5489//4487 4785//4658
f 4799//4672 4959//4487 5604//4487 5513//5066
f 4959//4487 4495//4487 4910//4487 5604//4487
f 5604//4487 4910//4487 4494//4487 5510//4487
f 5513//5066 5604//4487 5510//4487 4806//4679
f 4779//4652 4939//4487 5605//4487 5512//5065
f 4939//4487 4498//4487 4913//4487 5605//4487
f 5605//4487 4913//4487 4497//4487 5493//4487
f 5512//5065 5605//4487 5493//4487 4789//4662
f 4803//4676 4963//4487 5606//4487 5511//5064
f 4963//4487 4489//4487 4904//4487 5606//4487
f 5606//4487 4904//4487 4488//4487 5495//4487
f 5511//5064 5606//4487 5495//4487 4791//4664
f 4516//4487 5000//4487 5607//4487 4931//4487
f 5000//4487 4548//4487 4995//4487 5607//4487
f 5607//4487 4995//4487 4547//4487 4999//4487
f 4931//4487 5607//4487 4999//4487 4515//4487
f 4507//4487 5002//4487 5608//4487 4922//4487
f 5002//4487 4539//4487 4986//4487 5608//4487
f 5608//4487 4986//4487 4538//4487 5001//4487
f 4922//4487 5608//4487 5001//4487 4506//4487
f 4501//4487 5004//4487 5609//4487 4916//4487
f 5004//4487 4533//4487 4980//4487 5609//4487
f 5609//4487 4980//4487 4532//4487 5003//4487
f 4916//4487 5609//4487 5003//4487 4500//4487
f 4492//4487 5006//4487 5610//4487 4907//4487
f 5006//4487 4524//4487 4971//4487 5610//4487
f 5610//4487 4971//4487 4523//4487 5005//4487
f 4907//4487 5610//4487 5005//4487 4491//4487
f 4510//4487 5008//4487 5611//4487 4925//4487
f 5008//4487 4542//4487 4989//4487 5611//4487
f 5611//4487 4989//4487 4541//4487 5007//4487
f 4925//4487 5611//4487 5007//4487 4509//4487
f 4511//4487 5009//4487 5612//4487 4926//4487
f 5009//4487 4543//4487 4990//4487 5612//4487
f 5612//4487 4990//4487 4542//4487 5008//4487
f 4926//4487 5612//4487 5008//4487 4510//4487
f 4496//4487 5011//4487 5613//4487 4911//4487
f 5011//4487 4528//4487 4975//4487 5613//4487
f 5613//4487 4975//4487 4527//4487 5010//4487
f 4911//4487 5613//4487 5010//4487 4495//4487
f 4514//4487 5013//4487 5614//4487 4929//4487
f 5013//4487 4546//4487 4993//4487 5614//4487
f 5614//4487 4993//4487 4545//4487 5012//4487
f 4929//4487 5614//4487 5012//4487 4513//4487
f 4505//4487 5015//4487 5615//4487 4920//4487
f 5015//4487 4537//4487 4984//4487 5615//4487
f 5615//4487 4984//4487 4536//4487 5014//4487
f 4920//4487 5615//4487 5014//4487 4504//4487
f 4490//4487 5017//4487 5616//4487 4905//4487
f 5017//4487 4522//4487 4969//4487 5616//4487
f 5616//4487 4969//4487 4521//4487 5016//4487
f 4905//4487 5616//4487 5016//4487 4489//4487
f 4515//4487 4999//4487 5617//4487 4930//4487
f 4999//4487 4547//4487 4994//4487 5617//4487
f 5617//4487 4994//4487 4546//4487 5013//4487
f 4930//4487 5617//4487 5013//4487 4514//4487
f 4518//4487 5019//4487 5618//4487 4933//4487
f 5019//4487 4550//4487 4997//4487 5618//4487
f 5618//4487 4997//4487 4549//4487 5018//4487
f 4933//4487 5618//4487 5018//4487 4517//4487
f 4491//4487 5005//4487 5619//4487 4906//4487
f 5005//4487 4523//4487 4970//4487 5619//4487
f 5619//4487 4970//4487 4522//4487 5017//4487
f 4906//4487 5619//4487 5017//4487 4490//4487
f 4509//4487 5007//4487 5620//4487 4924//4487
f 5007//4487 4541//4487 4988//4487 5620//4487
f 5620//4487 4988//4487 4540//4487 5020//4487
f 4924//4487 5620//4487 5020//4487 4508//4487
f 4500//4487 5003//4487 5621//4487 4915//4487
f 5003//4487 4532//4487 4979//4487 5621//4487
f 5621//4487 4979//4487 4531//4487 5021//4487
f 4915//4487 5621//4487 5021//4487 4499//4487
f 4494//4487 5023//4487 5622//4487 4909//4487
f 5023//4487 4526//4487 4973//4487 5622//4487
f 5622//4487 4973//4487 4525//4487 5022//4487
f 4909//4487 5622//4487 5022//4487 4493//4487
f 4487//4487 5024//4487 5623//4487 4934//4487
f 5024//4487 4519//4487 4998//4487 5623//4487
f 5623//4487 4998//4487 4550//4487 5019//4487
f 4934//4487 5623//4487 5019//4487 4518//4487
f 4495//4487 5010//4487 5624//4487 4910//4487
f 5010//4487 4527//4487 4974//4487 5624//4487
f 5624//4487 4974//4487 4526//4487 5023//4487
f 4910//4487 5624//4487 5023//4487 4494//4487
f 4513//4487 5012//4487 5625//4487 4928//4487
f 5012//4487 4545//4487 4992//4487 5625//4487
f 5625//4487 4992//4487 4544//4487 5025//4487
f 4928//4487 5625//4487 5025//4487 4512//4487
f 4504//4487 5014//4487 5626//4487 4919//4487
f 5014//4487 4536//4487 4983//4487 5626//4487
f 5626//4487 4983//4487 4535//4487 5026//4487
f 4919//4487 5626//4487 5026//4487 4503//4487
f 4489//4487 5016//4487 5627//4487 4904//4487
f 5016//4487 4521//4487 4968//4487 5627//4487
f 5627//4487 4968//4487 4520//4487 5027//4487
f 4904//4487 5627//4487 5027//4487 4488//4487
f 4498//4487 5029//4487 5628//4487 4913//4487
f 5029//4487 4530//4487 4977//4487 5628//4487
f 5628//4487 4977//4487 4529//4487 5028//4487
f 4913//4487 5628//4487 5028//4487 4497//4487
f 4517//4487 5018//4487 5629//4487 4932//4487
f 5018//4487 4549//4487 4996//4487 5629//4487
f 5629//4487 4996//4487 4548//4487 5000//4487
f 4932//4487 5629//4487 5000//4487 4516//4487
f 4508//4487 5020//4487 5630//4487 4923//4487
f 5020//4487 4540//4487 4987//4487 5630//4487
f 5630//4487 4987//4487 4539//4487 5002//4487
f 4923//4487 5630//4487 5002//4487 4507//4487
f 4499//4487 5021//4487 5631//4487 4914//4487
f 5021//4487 4531//4487 4978//4487 5631//4487
f 5631//4487 4978//4487 4530//4487 5029//4487
f 4914//4487 5631//4487 5029//4487 4498//4487
f 4502//4487 5030//4487 5632//4487 4917//4487
f 5030//4487 4534//4487 4981//4487 5632//4487
f 5632//4487 4981//4487 4533//4487 5004//4487
f 4917//4487 5632//4487 5004//4487 4501//4487
f 4493//4487 5022//4487 5633//4487 4908//4487
f 5022//4487 4525//4487 4972//4487 5633//4487
f 5633//4487 4972//4487 4524//4487 5006//4487
f 4908//4487 5633//4487 5006//4487 4492//4487
f 4512//4487 5025//4487 5634//4487 4927//4487
f 5025//4487 4544//4487 4991//4487 5634//4487
f 5634//4487 4991//4487 4543//4487 5009//4487
f 4927//4487 5634//4487 5009//4487 4511//4487
f 4503//4487 5026//4487 5635//4487 4918//4487
f 5026//4487 4535//4487 4982//4487 5635//4487
f 5635//4487 4982//4487 4534//4487 5030//4487
f 4918//4487 5635//4487 5030//4487 4502//4487
f 4506//4487 5001//4487 5636//4487 4921//4487
f 5001//4487 4538//4487 4985//4487 5636//4487
f 5636//4487 4985//4487 4537//4487 5015//4487
f 4921//4487 5636//4487 5015//4487 4505//4487
f 4497//4487 5028//4487 5637//4487 4912//4487
f 5028//4487 4529//4487 4976//4487 5637//4487
f 5637//4487 4976//4487 4528//4487 5011//4487
f 4912//4487 5637//4487 5011//4487 4496//4487
f 4488//4487 5027//4487 5638//4487 4903//4487
f 5027//4487 4520//4487 4967//4487 5638//4487
f 5638//4487 4967//4487 4519//4487 5024//4487
f 4903//4487 5638//4487 5024//4487 4487//4487
f 4547//4487 5064//4487 5639//4487 4994//4487
f 5064//4487 4579//4487 5058//4487 5639//4487
f 5639//4487 5058//4487 4578//4487 5063//4487
f 4994//4487 5639//4487 5063//4487 4546//4487
f 4550//4487 5066//4487 5640//4487 4997//4487
f 5066//4487 4582//4487 5061//4487 5640//4487
f 5640//4487 5061//4487 4581//4487 5065//4487
f 4997//4487 5640//4487 5065//4487 4549//4487
f 4532//4487 5068//4487 5641//4487 4979//4487
f 5068//4487 4564//4487 5043//4487 5641//4487
f 5641//4487 5043//4487 4563//4487 5067//4487
f 4979//4487 5641//4487 5067//4487 4531//4487
f 4523//4487 5070//4487 5642//4487 4970//4487
f 5070//4487 4555//4487 5034//4487 5642//4487
f 5642//4487 5034//4487 4554//4487 5069//4487
f 4970//4487 5642//4487 5069//4487 4522//4487
f 4541//4487 5072//4487 5643//4487 4988//4487
f 5072//4487 4573//4487 5052//4487 5643//4487
f 5643//4487 5052//4487 4572//4487 5071//4487
f 4988//4487 5643//4487 5071//4487 4540//4487
f 4526//4487 5074//4487 5644//4487 4973//4487
f 5074//4487 4558//4487 5037//4487 5644//4487
f 5644//4487 5037//4487 4557//4487 5073//4487
f 4973//4487 5644//4487 5073//4487 4525//4487
f 4519//4487 5075//4487 5645//4487 4998//4487
f 5075//4487 4551//4487 5062//4487 5645//4487
f 5645//4487 5062//4487 4582//4487 5066//4487
f 4998//4487 5645//4487 5066//4487 4550//4487
f 4527//4487 5076//4487 5646//4487 4974//4487
f 5076//4487 4559//4487 5038//4487 5646//4487
f 5646//4487 5038//4487 4558//4487 5074//4487
f 4974//4487 5646//4487 5074//4487 4526//4487
f 4545//4487 5078//4487 5647//4487 4992//4487
f 5078//4487 4577//4487 5056//4487 5647//4487
f 5647//4487 5056//4487 4576//4487 5077//4487
f 4992//4487 5647//4487 5077//4487 4544//4487
f 4536//4487 5080//4487 5648//4487 4983//4487
f 5080//4487 4568//4487 5047//4487 5648//4487
f 5648//4487 5047//4487 4567//4487 5079//4487
f 4983//4487 5648//4487 5079//4487 4535//4487
f 4521//4487 5082//4487 5649//4487 4968//4487
f 5082//4487 4553//4487 5032//4487 5649//4487
f 5649//4487 5032//4487 4552//4487 5081//4487
f 4968//4487 5649//4487 5081//4487 4520//4487
f 4530//4487 5084//4487 5650//4487 4977//4487
f 5084//4487 4562//4487 5041//4487 5650//4487
f 5650//4487 5041//4487 4561//4487 5083//4487
f 4977//4487 5650//4487 5083//4487 4529//4487
f 4549//4487 5065//4487 5651//4487 4996//4487
f 5065//4487 4581//4487 5060//4487 5651//4487
f 5651//4487 5060//4487 4580//4487 5085//4487
f 4996//4487 5651//4487 5085//4487 4548//4487
f 4531//4487 5067//4487 5652//4487 4978//4487
f 5067//4487 4563//4487 5042//4487 5652//4487
f 5652//4487 5042//4487 4562//4487 5084//4487
f 4978//4487 5652//4487 5084//4487 4530//4487
f 4540//4487 5071//4487 5653//4487 4987//4487
f 5071//4487 4572//4487 5051//4487 5653//4487
f 5653//4487 5051//4487 4571//4487 5086//4487
f 4987//4487 5653//4487 5086//4487 4539//4487
f 4525//4487 5073//4487 5654//4487 4972//4487
f 5073//4487 4557//4487 5036//4487 5654//4487
f 5654//4487 5036//4487 4556//4487 5087//4487
f 4972//4487 5654//4487 5087//4487 4524//4487
f 4534//4487 5089//4487 5655//4487 4981//4487
f 5089//4487 4566//4487 5045//4487 5655//4487
f 5655//4487 5045//4487 4565//4487 5088//4487
f 4981//4487 5655//4487 5088//4487 4533//4487
f 4544//4487 5077//4487 5656//4487 4991//4487
f 5077//4487 4576//4487 5055//4487 5656//4487
f 5656//4487 5055//4487 4575//4487 5090//4487
f 4991//4487 5656//4487 5090//4487 4543//4487
f 4535//4487 5079//4487 5657//4487 4982//4487
f 5079//4487 4567//4487 5046//4487 5657//4487
f 5657//4487 5046//4487 4566//4487 5089//4487
f 4982//4487 5657//4487 5089//4487 4534//4487
f 4520//4487 5081//4487 5658//4487 4967//4487
f 5081//4487 4552//4487 5031//4487 5658//4487
f 5658//4487 5031//4487 4551//4487 5075//4487
f 4967//4487 5658//4487 5075//4487 4519//4487
f 4538//4487 5092//4487 5659//4487 4985//4487
f 5092//4487 4570//4487 5049//4487 5659//4487
f 5659//4487 5049//4487 4569//4487 5091//4487
f 4985//4487 5659//4487 5091//4487 4537//4487
f 4529//4487 5083//4487 5660//4487 4976//4487
f 5083//4487 4561//4487 5040//4487 5660//4487
f 5660//4487 5040//4487 4560//4487 5093//4487
f 4976//4487 5660//4487 5093//4487 4528//4487
f 4548//4487 5085//4487 5661//4487 4995//4487
f 5085//4487 4580//4487 5059//4487 5661//4487
f 5661//4487 5059//4487 4579//4487 5064//4487
f 4995//4487 5661//4487 5064//4487 4547//4487
f 4539//4487 5086//4487 5662//4487 4986//4487
f 5086//4487 4571//4487 5050//4487 5662//4487
f 5662//4487 5050//4487 4570//4487 5092//4487
f 4986//4487 5662//4487 5092//4487 4538//4487
f 4542//4487 5094//4487 5663//4487 4989//4487
f 5094//4487 4574//4487 5053//4487 5663//4487
f 5663//4487 5053//4487 4573//4487 5072//4487
f 4989//4487 5663//4487 5072//4487 4541//4487
f 4533//4487 5088//4487 5664//4487 4980//4487
f 5088//4487 4565//4487 5044//4487 5664//4487
f 5664//4487 5044//4487 4564//4487 5068//4487
f 4980//4487 5664//4487 5068//4487 4532//4487
f 4524//4487 5087//4487 5665//4487 4971//4487
f 5087//4487 4556//4487 5035//4487 5665//4487
f 5665//4487 5035//4487 4555//4487 5070//4487
f 4971//4487 5665//4487 5070//4487 4523//4487
f 4543//4487 5090//4487 5666//4487 4990//4487
f 5090//4487 4575//4487 5054//4487 5666//4487
f 5666//4487 5054//4487 4574//4487 5094//4487
f 4990//4487 5666//4487 5094//4487 4542//4487
f 4537//4487 5091//4487 5667//4487 4984//4487
f 5091//4487 4569//4487 5048//4487 5667//4487
f 5667//4487 5048//4487 4568//4487 5080//4487
f 4984//4487 5667//4487 5080//4487 4536//4487
f 4528//4487 5093//4487 5668//4487 4975//4487
f 5093//4487 4560//4487 5039//4487 5668//4487
f 5668//4487 5039//4487 4559//4487 5076//4487
f 4975//4487 5668//4487 5076//4487 4527//4487
f 4546//4487 5063//4487 5669//4487 4993//4487
f 5063//4487 4578//4487 5057//4487 5669//4487
f 5669//4487 5057//4487 4577//4487 5078//4487
f 4993//4487 5669//4487 5078//4487 4545//4487
f 4522//4487 5069//4487 5670//4487 4969//4487
f 5069//4487 4554//4487 5033//4487 5670//4487
f 5670//4487 5033//4487 4553//4487 5082//4487
f 4969//4487 5670//4487 5082//4487 4521//4487
f 4594//4434 5182//4434 5671//4690 5105//4690
f 5182//4434 4658//4531 5233//4833 5671//4690
f 5671//4690 5233//4833 4657//4530 5345//4433
f 5105//4690 5671//4690 5345//4433 4593//4433
f 4584//4423 5328//4423 5672//4711 5126//4711
f 5328//4423 4648//4521 5254//4854 5672//4711
f 5672//4711 5254//4854 4678//4551 5344//4454
f 5126//4711 5672//4711 5344//4454 4614//4454
f 4615//4488 5188//4440 5673//4697 5128//4778
f 5188//4440 4679//4552 5256//4856 5673//4697
f 5673//4697 5256//4856 4681//4554 5189//4441
f 5128//4778 5673//4697 5189//4441 4617//4490
f 4635//4508 5343//4427 5674//4684 5147//4797
f 5343//4427 4699//4572 5275//4875 5674//4684
f 5674//4684 5275//4875 4700//4573 5342//4428
f 5147//4797 5674//4684 5342//4428 4636//4509
f 4588//4428 5341//4428 5675//4684 5099//4684
f 5341//4428 4652//4525 5227//4827 5675//4684
f 5675//4684 5227//4827 4651//4524 5340//4427
f 5099//4684 5675//4684 5340//4427 4587//4427
f 4637//4510 5339//4429 5676//4686 5149//4799
f 5339//4429 4701//4574 5277//4877 5676//4686
f 5676//4686 5277//4877 4702//4575 5338//4430
f 5149//4799 5676//4686 5338//4430 4638//4511
f 4590//4430 5337//4430 5677//4686 5101//4686
f 5337//4430 4654//4527 5229//4829 5677//4686
f 5677//4686 5229//4829 4653//4526 5336//4429
f 5101//4686 5677//4686 5336//4429 4589//4429
f 4611//4451 5335//4451 5678//4707 5122//4707
f 5335//4451 4675//4548 5250//4850 5678//4707
f 5678//4707 5250//4850 4674//4547 5334//4450
f 5122//4707 5678//4707 5334//4450 4610//4450
f 4613//4453 5333//4453 5679//4709 5124//4709
f 5333//4453 4677//4550 5252//4852 5679//4709
f 5679//4709 5252//4852 4676//4549 5332//4452
f 5124//4709 5679//4709 5332//4452 4612//4452
f 4631//4504 5331//4423 5680//4680 5143//4793
f 5331//4423 4695//4568 5271//4871 5680//4680
f 5680//4680 5271//4871 4696//4569 5330//4424
f 5143//4793 5680//4680 5330//4424 4632//4505
f 4583//4424 5329//4424 5681//4680 5095//4680
f 5329//4424 4647//4520 5223//4823 5681//4680
f 5681//4680 5223//4823 4648//4521 5328//4423
f 5095//4680 5681//4680 5328//4423 4584//4423
f 4633//4506 5327//4425 5682//4682 5145//4795
f 5327//4425 4697//4570 5273//4873 5682//4682
f 5682//4682 5273//4873 4698//4571 5326//4426
f 5145//4795 5682//4682 5326//4426 4634//4507
f 4586//4426 5325//4426 5683//4682 5097//4682
f 5325//4426 4650//4523 5225//4825 5683//4682
f 5683//4682 5225//4825 4649//4522 5324//4425
f 5097//4682 5683//4682 5324//4425 4585//4425
f 4607//4447 5323//4447 5684//4703 5118//4703
f 5323//4447 4671//4544 5246//4846 5684//4703
f 5684//4703 5246//4846 4670//4543 5322//4446
f 5118//4703 5684//4703 5322//4446 4606//4446
f 4609//4449 5321//4449 5685//4705 5120//4705
f 5321//4449 4673//4546 5248//4848 5685//4705
f 5685//4705 5248//4848 4672//4545 5320//4448
f 5120//4705 5685//4705 5320//4448 4608//4448
f 4627//4500 5319//4451 5686//4708 5139//4789
f 5319//4451 4691//4564 5267//4867 5686//4708
f 5686//4708 5267//4867 4692//4565 5159//4452
f 5139//4789 5686//4708 5159//4452 4628//4501
f 4629//4502 5160//4453 5687//4710 5141//4791
f 5160//4453 4693//4566 5269//4869 5687//4710
f 5687//4710 5269//4869 4694//4567 5161//4454
f 5141//4791 5687//4710 5161//4454 4630//4503
f 4603//4443 5162//4443 5688//4699 5114//4699
f 5162//4443 4667//4540 5242//4842 5688//4699
f 5688//4699 5242//4842 4666//4539 5163//4442
f 5114//4699 5688//4699 5163//4442 4602//4442
f 4605//4445 5164//4445 5689//4701 5116//4701
f 5164//4445 4669//4542 5244//4844 5689//4701
f 5689//4701 5244//4844 4668//4541 5165//4444
f 5116//4701 5689//4701 5165//4444 4604//4444
f 4623//4496 5166//4447 5690//4704 5135//4785
f 5166//4447 4687//4560 5263//4863 5690//4704
f 5690//4704 5263//4863 4688//4561 5167//4448
f 5135//4785 5690//4704 5167//4448 4624//4497
f 4625//4498 5168//4449 5691//4706 5137//4787
f 5168//4449 4689//4562 5265//4865 5691//4706
f 5691//4706 5265//4865 4690//4563 5169//4450
f 5137//4787 5691//4706 5169//4450 4626//4499
f 4646//4519 5170//4438 5692//4695 5158//4808
f 5170//4438 4710//4583 5286//4886 5692//4695
f 5692//4695 5286//4886 4680//4553 5187//4439
f 5158//4808 5692//4695 5187//4439 4616//4489
f 4599//4439 5171//4439 5693//4695 5110//4695
f 5171//4439 4663//4536 5238//4838 5693//4695
f 5693//4695 5238//4838 4662//4535 5172//4438
f 5110//4695 5693//4695 5172//4438 4598//4438
f 4601//4441 5173//4441 5694//4697 5112//4697
f 5173//4441 4665//4538 5240//4840 5694//4697
f 5694//4697 5240//4840 4664//4537 5174//4440
f 5112//4697 5694//4697 5174//4440 4600//4440
f 4619//4492 5175//4443 5695//4700 5131//4781
f 5175//4443 4683//4556 5259//4859 5695//4700
f 5695//4700 5259//4859 4684//4557 5176//4444
f 5131//4781 5695//4700 5176//4444 4620//4493
f 4621//4494 5177//4445 5696//4702 5133//4783
f 5177//4445 4685//4558 5261//4861 5696//4702
f 5696//4702 5261//4861 4686//4559 5178//4446
f 5133//4783 5696//4702 5178//4446 4622//4495
f 4642//4515 5179//4434 5697//4691 5154//4804
f 5179//4434 4706//4579 5282//4882 5697//4691
f 5697//4691 5282//4882 4707//4580 5180//4435
f 5154//4804 5697//4691 5180//4435 4643//4516
f 4595//4435 5181//4435 5698//4691 5106//4691
f 5181//4435 4659//4532 5234//4834 5698//4691
f 5698//4691 5234//4834 4658//4531 5182//4434
f 5106//4691 5698//4691 5182//4434 4594//4434
f 4644//4517 5183//4436 5699//4693 5156//4806
f 5183//4436 4708//4581 5284//4884 5699//4693
f 5699//4693 5284//4884 4709//4582 5184//4437
f 5156//4806 5699//4693 5184//4437 4645//4518
f 4597//4437 5185//4437 5700//4693 5108//4693
f 5185//4437 4661//4534 5236//4836 5700//4693
f 5700//4693 5236//4836 4660//4533 5186//4436
f 5108//4693 5700//4693 5186//4436 4596//4436
f 4616//4489 5187//4439 5701//4696 5127//4777
f 5187//4439 4680//4553 5255//4855 5701//4696
f 5701//4696 5255//4855 4679//4552 5188//4440
f 5127//4777 5701//4696 5188//4440 4615//4488
f 4617//4490 5189//4441 5702//4698 5129//4779
f 5189//4441 4681//4554 5257//4857 5702//4698
f 5702//4698 5257//4857 4682//4555 5190//4442
f 5129//4779 5702//4698 5190//4442 4618//4491
f 4479//4479 5221//4821 5703//5111 4863//4736
f 5221//4821 4639//4512 5151//4801 5703//5111
f 5703//5111 5151//4801 4640//4513 5220//4820
f 4863//4736 5703//5111 5220//4820 4480//4480
f 4460//4460 4892//4755 5704//5112 4844//4717
f 4892//4755 4620//4493 5132//4782 5704//5112
f 5704//5112 5132//4782 4621//4494 4893//4756
f 4844//4717 5704//5112 4893//4756 4461//4461
f 4458//4458 5222//4822 5705//5113 4842//4715
f 5222//4822 4618//4491 5130//4780 5705//5113
f 5705//5113 5130//4780 4619//4492 4891//4754
f 4842//4715 5705//5113 4891//4754 4459//4459
f 4438//4438 4888//4438 5706//4694 4821//4694
f 4888//4438 4598//4438 5109//4694 5706//4694
f 5706//4694 5109//4694 4597//4437 4901//4437
f 4821//4694 5706//4694 4901//4437 4437//4437
f 4485//4485 4900//4761 5707//5114 4869//4742
f 4900//4761 4645//4518 5157//4807 5707//5114
f 5707//5114 5157//4807 4646//4519 4885//4752
f 4869//4742 5707//5114 4885//4752 4486//4486
f 4436//4436 4902//4436 5708//4692 4819//4692
f 4902//4436 4596//4436 5107//4692 5708//4692
f 5708//4692 5107//4692 4595//4435 4897//4435
f 4819//4692 5708//4692 4897//4435 4435//4435
f 4483//4483 4896//4759 5709//5115 4867//4740
f 4896//4759 4643//4516 5155//4805 5709//5115
f 5709//5115 5155//4805 4644//4517 4899//4760
f 4867//4740 5709//5115 4899//4760 4484//4484
f 4464//4464 4882//4749 5710//5116 4848//4721
f 4882//4749 4624//4497 5136//4786 5710//5116
f 5710//5116 5136//4786 4625//4498 4883//4750
f 4848//4721 5710//5116 4883//4750 4465//4465
f 4462//4462 4894//4757 5711//5117 4846//4719
f 4894//4757 4622//4495 5134//4784 5711//5117
f 5711//5117 5134//4784 4623//4496 4881//4748
f 4846//4719 5711//5117 4881//4748 4463//4463
f 4442//4442 4878//4442 5712//4698 4825//4698
f 4878//4442 4602//4442 5113//4698 5712//4698
f 5712//4698 5113//4698 4601//4441 4889//4441
f 4825//4698 5712//4698 4889//4441 4441//4441
f 4440//4440 4890//4440 5713//4696 4823//4696
f 4890//4440 4600//4440 5111//4696 5713//4696
f 5713//4696 5111//4696 4599//4439 4887//4439
f 4823//4696 5713//4696 4887//4439 4439//4439
f 4468//4468 4874//4745 5714//5118 4852//4725
f 4874//4745 4628//4501 5140//4790 5714//5118
f 5714//5118 5140//4790 4629//4502 4875//4746
f 4852//4725 5714//5118 4875//4746 4469//4469
f 4466//4466 4884//4751 5715//5119 4850//4723
f 4884//4751 4626//4499 5138//4788 5715//5119
f 5715//5119 5138//4788 4627//4500 4873//4744
f 4850//4723 5715//5119 4873//4744 4467//4467
f 4446//4446 5191//4446 5716//4702 4829//4702
f 5191//4446 4606//4446 5117//4702 5716//4702
f 5716//4702 5117//4702 4605//4445 4879//4445
f 4829//4702 5716//4702 4879//4445 4445//4445
f 4444//4444 4880//4444 5717//4700 4827//4700
f 4880//4444 4604//4444 5115//4700 5717//4700
f 5717//4700 5115//4700 4603//4443 4877//4443
f 4827//4700 5717//4700 4877//4443 4443//4443
f 4425//4425 5193//4425 5718//4681 4808//4681
f 5193//4425 4585//4425 5096//4681 5718//4681
f 5718//4681 5096//4681 4583//4424 5198//4424
f 4808//4681 5718//4681 5198//4424 4424//4424
f 4472//4472 5199//4811 5719//5120 4856//4729
f 5199//4811 4632//4505 5144//4794 5719//5120
f 5719//5120 5144//4794 4633//4506 5196//4810
f 4856//4729 5719//5120 5196//4810 4473//4473
f 4470//4470 4876//4747 5720//5121 4854//4727
f 4876//4747 4630//4503 5142//4792 5720//5121
f 5720//5121 5142//4792 4631//4504 5200//4812
f 4854//4727 5720//5121 5200//4812 4471//4471
f 4450//4450 5203//4450 5721//4706 4833//4706
f 5203//4450 4610//4450 5121//4706 5721//4706
f 5721//4706 5121//4706 4609//4449 4871//4449
f 4833//4706 5721//4706 4871//4449 4449//4449
f 4448//4448 4872//4448 5722//4704 4831//4704
f 4872//4448 4608//4448 5119//4704 5722//4704
f 5722//4704 5119//4704 4607//4447 5192//4447
f 4831//4704 5722//4704 5192//4447 4447//4447
f 4429//4429 5205//4429 5723//4685 4812//4685
f 5205//4429 4589//4429 5100//4685 5723//4685
f 5723//4685 5100//4685 4588//4428 5210//4428
f 4812//4685 5723//4685 5210//4428 4428//4428
f 4476//4476 5211//4815 5724//5122 4860//4733
f 5211//4815 4636//4509 5148//4798 5724//5122
f 5724//5122 5148//4798 4637//4510 5208//4814
f 4860//4733 5724//5122 5208//4814 4477//4477
f 4427//4427 5209//4427 5725//4683 4810//4683
f 5209//4427 4587//4427 5098//4683 5725//4683
f 5725//4683 5098//4683 4586//4426 5194//4426
f 4810//4683 5725//4683 5194//4426 4426//4426
f 4474//4474 5195//4809 5726//5123 4858//4731
f 5195//4809 4634//4507 5146//4796 5726//5123
f 5726//5123 5146//4796 4635//4508 5212//4816
f 4858//4731 5726//5123 5212//4816 4475//4475
f 4454//4454 5215//4454 5727//4710 4837//4710
f 5215//4454 4614//4454 5125//4710 5727//4710
f 5727//4710 5125//4710 4613//4453 5202//4453
f 4837//4710 5727//4710 5202//4453 4453//4453
f 4452//4452 5201//4452 5728//4708 4835//4708
f 5201//4452 4612//4452 5123//4708 5728//4708
f 5728//4708 5123//4708 4611//4451 5204//4451
f 4835//4708 5728//4708 5204//4451 4451//4451
f 4433//4433 5216//4433 5729//4689 4816//4689
f 5216//4433 4593//4433 5104//4689 5729//4689
f 5729//4689 5104//4689 4592//4432 5219//4432
f 4816//4689 5729//4689 5219//4432 4432//4432
f 4480//4480 5220//4820 5730//5124 4864//4737
f 5220//4820 4640//4513 5152//4802 5730//5124
f 5730//5124 5152//4802 4641//4514 5217//4819
f 4864//4737 5730//5124 5217//4819 4481//4481
f 4431//4431 5218//4431 5731//4687 4814//4687
f 5218//4431 4591//4431 5102//4687 5731//4687
f 5731//4687 5102//4687 4590//4430 5206//4430
f 4814//4687 5731//4687 5206//4430 4430//4430
f 4478//4478 5207//4813 5732//5125 4862//4735
f 5207//4813 4638//4511 5150//4800 5732//5125
f 5732//5125 5150//4800 4639//4512 5221//4821
f 4862//4735 5732//5125 5221//4821 4479//4479
f 4457//4457 5213//4817 5733//5126 4841//4714
f 5213//4817 4617//4490 5129//4779 5733//5126
f 5733//5126 5129//4779 4618//4491 5222//4822
f 4841//4714 5733//5126 5222//4822 4458//4458
f 4455//4455 4886//4753 5734//5127 4839//4712
f 4886//4753 4616//4489 5127//4777 5734//5127
f 5734//5127 5127//4777 4615//4488 5214//4818
f 4839//4712 5734//5127 5214//4818 4456//4456
f 4649//4522 5316//4916 5735//5128 5224//4824
f 5316//4916 4713//4586 5352//4920 5735//5128
f 5735//5128 5352//4920 4711//4584 5311//4911
f 5224//4824 5735//5128 5311//4911 4647//4520
f 4668//4541 5474//5042 5736//5129 5243//4843
f 5474//5042 4732//4605 5371//4939 5736//5129
f 5736//5129 5371//4939 4731//4604 5473//5041
f 5243//4843 5736//5129 5473//5041 4667//4540
f 4670//4543 5318//4918 5737//5130 5245//4845
f 5318//4918 4734//4607 5373//4941 5737//5130
f 5737//5130 5373//4941 4733//4606 5472//5040
f 5245//4845 5737//5130 5472//5040 4669//4542
f 4690//4563 5471//5039 5738//5131 5266//4866
f 5471//5039 4754//4627 5394//4962 5738//5131
f 5738//5131 5394//4962 4755//4628 5470//5038
f 5266//4866 5738//5131 5470//5038 4691//4564
f 4692//4565 5469//5037 5739//5132 5268//4868
f 5469//5037 4756//4629 5396//4964 5739//5132
f 5739//5132 5396//4964 4757//4630 5468//5036
f 5268//4868 5739//5132 5468//5036 4693//4566
f 4664//4537 5467//5035 5740//5133 5239//4839
f 5467//5035 4728//4601 5367//4935 5740//5133
f 5740//5133 5367//4935 4727//4600 5466//5034
f 5239//4839 5740//5133 5466//5034 4663//4536
f 4666//4539 5465//5033 5741//5134 5241//4841
f 5465//5033 4730//4603 5369//4937 5741//5134
f 5741//5134 5369//4937 4729//4602 5464//5032
f 5241//4841 5741//5134 5464//5032 4665//4538
f 4686//4559 5463//5031 5742//5135 5262//4862
f 5463//5031 4750//4623 5390//4958 5742//5135
f 5742//5135 5390//4958 4751//4624 5462//5030
f 5262//4862 5742//5135 5462//5030 4687//4560
f 4688//4561 5461//5029 5743//5136 5264//4864
f 5461//5029 4752//4625 5392//4960 5743//5136
f 5743//5136 5392//4960 4753//4626 5460//5028
f 5264//4864 5743//5136 5460//5028 4689//4562
f 4707//4580 5459//5027 5744//5137 5283//4883
f 5459//5027 4771//4644 5411//4979 5744//5137
f 5744//5137 5411//4979 4772//4645 5458//5026
f 5283//4883 5744//5137 5458//5026 4708//4581
f 4660//4533 5457//5025 5745//5138 5235//4835
f 5457//5025 4724//4597 5363//4931 5745//5138
f 5745//5138 5363//4931 4723//4596 5456//5024
f 5235//4835 5745//5138 5456//5024 4659//4532
f 4709//4582 5455//5023 5746//5139 5285//4885
f 5455//5023 4773//4646 5413//4981 5746//5139
f 5746//5139 5413//4981 4774//4647 5454//5022
f 5285//4885 5746//5139 5454//5022 4710//4583
f 4662//4535 5453//5021 5747//5140 5237//4837
f 5453//5021 4726//4599 5365//4933 5747//5140
f 5747//5140 5365//4933 4725//4598 5452//5020
f 5237//4837 5747//5140 5452//5020 4661//4534
f 4682//4555 5451//5019 5748//5141 5258//4858
f 5451//5019 4746//4619 5386//4954 5748//5141
f 5748//5141 5386//4954 4747//4620 5450//5018
f 5258//4858 5748//5141 5450//5018 4683//4556
f 4684//4557 5449//5017 5749//5142 5260//4860
f 5449//5017 4748//4621 5388//4956 5749//5142
f 5749//5142 5388//4956 4749//4622 5448//5016
f 5260//4860 5749//5142 5448//5016 4685//4558
f 4703//4576 5447//5015 5750//5143 5279//4879
f 5447//5015 4767//4640 5407//4975 5750//5143
f 5750//5143 5407//4975 4768//4641 5287//4887
f 5279//4879 5750//5143 5287//4887 4704//4577
f 4656//4529 5288//4888 5751//5144 5231//4831
f 5288//4888 4720//4593 5359//4927 5751//5144
f 5751//5144 5359//4927 4719//4592 5289//4889
f 5231//4831 5751//5144 5289//4889 4655//4528
f 4705//4578 5290//4890 5752//5145 5281//4881
f 5290//4890 4769//4642 5409//4977 5752//5145
f 5752//5145 5409//4977 4770//4643 5291//4891
f 5281//4881 5752//5145 5291//4891 4706//4579
f 4658//4531 5292//4892 5753//5146 5233//4833
f 5292//4892 4722//4595 5361//4929 5753//5146
f 5753//5146 5361//4929 4721//4594 5293//4893
f 5233//4833 5753//5146 5293//4893 4657//4530
f 4648//4521 5312//4912 5754//5147 5254//4854
f 5312//4912 4712//4585 5382//4950 5754//5147
f 5754//5147 5382//4950 4742//4615 5294//4894
f 5254//4854 5754//5147 5294//4894 4678//4551
f 4679//4552 5295//4895 5755//5148 5256//4856
f 5295//4895 4743//4616 5384//4952 5755//5148
f 5755//5148 5384//4952 4745//4618 5296//4896
f 5256//4856 5755//5148 5296//4896 4681//4554
f 4699//4572 5297//4897 5756//5149 5275//4875
f 5297//4897 4763//4636 5403//4971 5756//5149
f 5756//5149 5403//4971 4764//4637 5298//4898
f 5275//4875 5756//5149 5298//4898 4700//4573
f 4652//4525 5299//4899 5757//5150 5227//4827
f 5299//4899 4716//4589 5355//4923 5757//5150
f 5757//5150 5355//4923 4715//4588 5300//4900
f 5227//4827 5757//5150 5300//4900 4651//4524
f 4701//4574 5301//4901 5758//5151 5277//4877
f 5301//4901 4765//4638 5405//4973 5758//5151
f 5758//5151 5405//4973 4766//4639 5302//4902
f 5277//4877 5758//5151 5302//4902 4702//4575
f 4654//4527 5303//4903 5759//5152 5229//4829
f 5303//4903 4718//4591 5357//4925 5759//5152
f 5759//5152 5357//4925 4717//4590 5304//4904
f 5229//4829 5759//5152 5304//4904 4653//4526
f 4675//4548 5305//4905 5760//5153 5250//4850
f 5305//4905 4739//4612 5378//4946 5760//5153
f 5760//5153 5378//4946 4738//4611 5306//4906
f 5250//4850 5760//5153 5306//4906 4674//4547
f 4677//4550 5307//4907 5761//5154 5252//4852
f 5307//4907 4741//4614 5380//4948 5761//5154
f 5761//5154 5380//4948 4740//4613 5308//4908
f 5252//4852 5761//5154 5308//4908 4676//4549
f 4695//4568 5309//4909 5762//5155 5271//4871
f 5309//4909 4759//4632 5399//4967 5762//5155
f 5762//5155 5399//4967 4760//4633 5310//4910
f 5271//4871 5762//5155 5310//4910 4696//4569
f 4647//4520 5311//4911 5763//5156 5223//4823
f 5311//4911 4711//4584 5351//4919 5763//5156
f 5763//5156 5351//4919 4712//4585 5312//4912
f 5223//4823 5763//5156 5312//4912 4648//4521
f 4697//4570 5313//4913 5764//5157 5273//4873
f 5313//4913 4761//4634 5401//4969 5764//5157
f 5764//5157 5401//4969 4762//4635 5314//4914
f 5273//4873 5764//5157 5314//4914 4698//4571
f 4650//4523 5315//4915 5765//5158 5225//4825
f 5315//4915 4714//4587 5353//4921 5765//5158
f 5765//5158 5353//4921 4713//4586 5316//4916
f 5225//4825 5765//5158 5316//4916 4649//4522
f 4671//4544 5317//4917 5766//5159 5246//4846
f 5317//4917 4735//4608 5374//4942 5766//5159
f 5766//5159 5374//4942 4734//4607 5318//4918
f 5246//4846 5766//5159 5318//4918 4670//4543
f 4641//4514 5346//4433 5767//4690 5153//4803
f 5346//4433 4705//4578 5281//4881 5767//4690
f 5767//4690 5281//4881 4706//4579 5179//4434
f 5153//4803 5767//4690 5179//4434 4642//4515
f 4592//4432 5348//4432 5768//4688 5103//4688
f 5348//4432 4656//4529 5231//4831 5768//4688
f 5768//4688 5231//4831 4655//4528 5347//4431
f 5103//4688 5768//4688 5347//4431 4591//4431
f 4639//4512 5350//4431 5769//4688 5151//4801
f 5350//4431 4703//4576 5279//4879 5769//4688
f 5769//4688 5279//4879 4704//4577 5349//4432
f 5151//4801 5769//4688 5349//4432 4640//4513
f 4620//4493 5176//4444 5770//4701 5132//4782
f 5176//4444 4684//4557 5260//4860 5770//4701
f 5770//4701 5260//4860 4685//4558 5177//4445
f 5132//4782 5770//4701 5177//4445 4621//4494
f 4618//4491 5190//4442 5771//4699 5130//4780
f 5190//4442 4682//4555 5258//4858 5771//4699
f 5771//4699 5258//4858 4683//4556 5175//4443
f 5130//4780 5771//4699 5175//4443 4619//4492
f 4598//4438 5172//4438 5772//4694 5109//4694
f 5172//4438 4662//4535 5237//4837 5772//4694
f 5772//4694 5237//4837 4661//4534 5185//4437
f 5109//4694 5772//4694 5185//4437 4597//4437
f 4645//4518 5184//4437 5773//4694 5157//4807
f 5184//4437 4709//4582 5285//4885 5773//4694
f 5773//4694 5285//4885 4710//4583 5170//4438
f 5157//4807 5773//4694 5170//4438 4646//4519
f 4596//4436 5186//4436 5774//4692 5107//4692
f 5186//4436 4660//4533 5235//4835 5774//4692
f 5774//4692 5235//4835 4659//4532 5181//4435
f 5107//4692 5774//4692 5181//4435 4595//4435
f 4643//4516 5180//4435 5775//4692 5155//4805
f 5180//4435 4707//4580 5283//4883 5775//4692
f 5775//4692 5283//4883 4708//4581 5183//4436
f 5155//4805 5775//4692 5183//4436 4644//4517
f 4624//4497 5167//4448 5776//4705 5136//4786
f 5167//4448 4688//4561 5264//4864 5776//4705
f 5776//4705 5264//4864 4689//4562 5168//4449
f 5136//4786 5776//4705 5168//4449 4625//4498
f 4622//4495 5178//4446 5777//4703 5134//4784
f 5178//4446 4686//4559 5262//4862 5777//4703
f 5777//4703 5262//4862 4687//4560 5166//4447
f 5134//4784 5777//4703 5166//4447 4623//4496
f 4602//4442 5163//4442 5778//4698 5113//4698
f 5163//4442 4666//4539 5241//4841 5778//4698
f 5778//4698 5241//4841 4665//4538 5173//4441
f 5113//4698 5778//4698 5173//4441 4601//4441
f 4600//4440 5174//4440 5779//4696 5111//4696
f 5174//4440 4664//4537 5239//4839 5779//4696
f 5779//4696 5239//4839 4663//4536 5171//4439
f 5111//4696 5779//4696 5171//4439 4599//4439
f 4628//4501 5159//4452 5780//4709 5140//4790
f 5159//4452 4692//4565 5268//4868 5780//4709
f 5780//4709 5268//4868 4693//4566 5160//4453
f 5140//4790 5780//4709 5160//4453 4629//4502
f 4626//4499 5169//4450 5781//4707 5138//4788
f 5169//4450 4690//4563 5266//4866 5781//4707
f 5781//4707 5266//4866 4691//4564 5319//4451
f 5138//4788 5781//4707 5319//4451 4627//4500
f 4606//4446 5322//4446 5782//4702 5117//4702
f 5322//4446 4670//4543 5245//4845 5782//4702
f 5782//4702 5245//4845 4669//4542 5164//4445
f 5117//4702 5782//4702 5164//4445 4605//4445
f 4604//4444 5165//4444 5783//4700 5115//4700
f 5165//4444 4668//4541 5243//4843 5783//4700
f 5783//4700 5243//4843 4667//4540 5162//4443
f 5115//4700 5783//4700 5162//4443 4603//4443
f 4585//4425 5324//4425 5784//4681 5096//4681
f 5324//4425 4649//4522 5224//4824 5784//4681
f 5784//4681 5224//4824 4647//4520 5329//4424
f 5096//4681 5784//4681 5329//4424 4583//4424
f 4632//4505 5330//4424 5785//4681 5144//4794
f 5330//4424 4696//4569 5272//4872 5785//4681
f 5785//4681 5272//4872 4697//4570 5327//4425
f 5144//4794 5785//4681 5327//4425 4633//4506
f 4630//4503 5161//4454 5786//4711 5142//4792
f 5161//4454 4694//4567 5270//4870 5786//4711
f 5786//4711 5270//4870 4695//4568 5331//4423
f 5142//4792 5786//4711 5331//4423 4631//4504
f 4610//4450 5334//4450 5787//4706 5121//4706
f 5334//4450 4674//4547 5249//4849 5787//4706
f 5787//4706 5249//4849 4673//4546 5321//4449
f 5121//4706 5787//4706 5321//4449 4609//4449
f 4608//4448 5320//4448 5788//4704 5119//4704
f 5320//4448 4672//4545 5247//4847 5788//4704
f 5788//4704 5247//4847 4671//4544 5323//4447
f 5119//4704 5788//4704 5323//4447 4607//4447
f 4589//4429 5336//4429 5789//4685 5100//4685
f 5336//4429 4653//4526 5228//4828 5789//4685
f 5789//4685 5228//4828 4652//4525 5341//4428
f 5100//4685 5789//4685 5341//4428 4588//4428
f 4636//4509 5342//4428 5790//4685 5148//4798
f 5342//4428 4700//4573 5276//4876 5790//4685
f 5790//4685 5276//4876 4701//4574 5339//4429
f 5148//4798 5790//4685 5339//4429 4637//4510
f 4587//4427 5340//4427 5791//4683 5098//4683
f 5340//4427 4651//4524 5226//4826 5791//4683
f 5791//4683 5226//4826 4650//4523 5325//4426
f 5098//4683 5791//4683 5325//4426 4586//4426
f 4634//4507 5326//4426 5792//4683 5146//4796
f 5326//4426 4698//4571 5274//4874 5792//4683
f 5792//4683 5274//4874 4699//4572 5343//4427
f 5146//4796 5792//4683 5343//4427 4635//4508
f 4614//4454 5344//4454 5793//4710 5125//4710
f 5344//4454 4678//4551 5253//4853 5793//4710
f 5793//4710 5253//4853 4677//4550 5333//4453
f 5125//4710 5793//4710 5333//4453 4613//4453
f 4612//4452 5332//4452 5794//4708 5123//4708
f 5332//4452 4676//4549 5251//4851 5794//4708
f 5794//4708 5251//4851 4675//4548 5335//4451
f 5123//4708 5794//4708 5335//4451 4611//4451
f 4593//4433 5345//4433 5795//4689 5104//4689
f 5345//4433 4657//4530 5232//4832 5795//4689
f 5795//4689 5232//4832 4656//4529 5348//4432
f 5104//4689 5795//4689 5348//4432 4592//4432
f 4640//4513 5349//4432 5796//4689 5152//4802
f 5349//4432 4704//4577 5280//4880 5796//4689
f 5796//4689 5280//4880 4705//4578 5346//4433
f 5152//4802 5796//4689 5346//4433 4641//4514
f 4591//4431 5347//4431 5797//4687 5102//4687
f 5347//4431 4655//4528 5230//4830 5797//4687
f 5797//4687 5230//4830 4654//4527 5337//4430
f 5102//4687 5797//4687 5337//4430 4590//4430
f 4638//4511 5338//4430 5798//4687 5150//4800
f 5338//4430 4702//4575 5278//4878 5798//4687
f 5798//4687 5278//4878 4703//4576 5350//4431
f 5150//4800 5798//4687 5350//4431 4639//4512
f 4711//4584 5416//4984 5799//5160 5351//4919
f 5416//4984 4743//4616 5383//4951 5799//5160
f 5799//5160 5383//4951 4744//4617 5415//4983
f 5351//4919 5799//5160 5415//4983 4712//4585
f 4730//4603 5418//4986 5800//5161 5369//4937
f 5418//4986 4762//4635 5401//4969 5800//5161
f 5800//5161 5401//4969 4761//4634 5417//4985
f 5369//4937 5800//5161 5417//4985 4729//4602
f 4721//4594 5420//4988 5801//5162 5360//4928
f 5420//4988 4753//4626 5392//4960 5801//5162
f 5801//5162 5392//4960 4752//4625 5419//4987
f 5360//4928 5801//5162 5419//4987 4720//4593
f 4740//4613 5422//4990 5802//5163 5379//4947
f 5422//4990 4772//4645 5411//4979 5802//5163
f 5802//5163 5411//4979 4771//4644 5421//4989
f 5379//4947 5802//5163 5421//4989 4739//4612
f 4731//4604 5423//4991 5803//5164 5370//4938
f 5423//4991 4763//4636 5402//4970 5803//5164
f 5803//5164 5402//4970 4762//4635 5418//4986
f 5370//4938 5803//5164 5418//4986 4730//4603
f 4725//4598 5425//4993 5804//5165 5364//4932
f 5425//4993 4757//4630 5396//4964 5804//5165
f 5804//5165 5396//4964 4756//4629 5424//4992
f 5364//4932 5804//5165 5424//4992 4724//4597
f 4716//4589 5427//4995 5805//5166 5355//4923
f 5427//4995 4748//4621 5387//4955 5805//5166
f 5805//5166 5387//4955 4747//4620 5426//4994
f 5355//4923 5805//5166 5426//4994 4715//4588
f 4734//4607 5429//4997 5806//5167 5373//4941
f 5429//4997 4766//4639 5405//4973 5806//5167
f 5806//5167 5405//4973 4765//4638 5428//4996
f 5373//4941 5806//5167 5428//4996 4733//4606
f 4735//4608 5430//4998 5807//5168 5374//4942
f 5430//4998 4767//4640 5406//4974 5807//5168
f 5807//5168 5406//4974 4766//4639 5429//4997
f 5374//4942 5807//5168 5429//4997 4734//4607
f 4729//4602 5417//4985 5808//5169 5368//4936
f 5417//4985 4761//4634 5400//4968 5808//5169
f 5808//5169 5400//4968 4760//4633 5431//4999
f 5368//4936 5808//5169 5431//4999 4728//4601
f 4720//4593 5419//4987 5809//5170 5359//4927
f 5419//4987 4752//4625 5391//4959 5809//5170
f 5809//5170 5391//4959 4751//4624 5432//5000
f 5359//4927 5809//5170 5432//5000 4719//4592
f 4738//4611 5434//5002 5810//5171 5377//4945
f 5434//5002 4770//4643 5409//4977 5810//5171
f 5810//5171 5409//4977 4769//4642 5433//5001
f 5377//4945 5810//5171 5433//5001 4737//4610
f 4714//4587 5436//5004 5811//5172 5353//4921
f 5436//5004 4746//4619 5385//4953 5811//5172
f 5811//5172 5385//4953 4745//4618 5435//5003
f 5353//4921 5811//5172 5435//5003 4713//4586
f 4739//4612 5421//4989 5812//5173 5378//4946
f 5421//4989 4771//4644 5410//4978 5812//5173
f 5812//5173 5410//4978 4770//4643 5434//5002
f 5378//4946 5812//5173 5434//5002 4738//4611
f 4742//4615 5438//5006 5813//5174 5381//4949
f 5438//5006 4774//4647 5413//4981 5813//5174
f 5813//5174 5413//4981 4773//4646 5437//5005
f 5381//4949 5813//5174 5437//5005 4741//4614
f 4724//4597 5424//4992 5814//5175 5363//4931
f 5424//4992 4756//4629 5395//4963 5814//5175
f 5814//5175 5395//4963 4755//4628 5439//5007
f 5363//4931 5814//5175 5439//5007 4723//4596
f 4715//4588 5426//4994 5815//5176 5354//4922
f 5426//4994 4747//4620 5386//4954 5815//5176
f 5815//5176 5386//4954 4746//4619 5436//5004
f 5354//4922 5815//5176 5436//5004 4714//4587
f 4733//4606 5428//4996 5816//5177 5372//4940
f 5428//4996 4765//4638 5404//4972 5816//5177
f 5816//5177 5404//4972 4764//4637 5440//5008
f 5372//4940 5816//5177 5440//5008 4732//4605
f 4718//4591 5442//5010 5817//5178 5357//4925
f 5442//5010 4750//4623 5389//4957 5817//5178
f 5817//5178 5389//4957 4749//4622 5441//5009
f 5357//4925 5817//5178 5441//5009 4717//4590
f 4712//4585 5415//4983 5818//5179 5382//4950
f 5415//4983 4744//4617 5414//4982 5818//5179
f 5818//5179 5414//4982 4774//4647 5438//5006
f 5382//4950 5818//5179 5438//5006 4742//4615
f 4719//4592 5432//5000 5819//5180 5358//4926
f 5432//5000 4751//4624 5390//4958 5819//5180
f 5819//5180 5390//4958 4750//4623 5442//5010
f 5358//4926 5819//5180 5442//5010 4718//4591
f 4737//4610 5433//5001 5820//5181 5376//4944
f 5433//5001 4769//4642 5408//4976 5820//5181
f 5820//5181 5408//4976 4768//4641 5443//5011
f 5376//4944 5820//5181 5443//5011 4736//4609
f 4728//4601 5431//4999 5821//5182 5367//4935
f 5431//4999 4760//4633 5399//4967 5821//5182
f 5821//5182 5399//4967 4759//4632 5444//5012
f 5367//4935 5821//5182 5444//5012 4727//4600
f 4713//4586 5435//5003 5822//5183 5352//4920
f 5435//5003 4745//4618 5384//4952 5822//5183
f 5822//5183 5384//4952 4743//4616 5416//4984
f 5352//4920 5822//5183 5416//4984 4711//4584
f 4722//4595 5445//5013 5823//5184 5361//4929
f 5445//5013 4754//4627 5393//4961 5823//5184
f 5823//5184 5393//4961 4753//4626 5420//4988
f 5361//4929 5823//5184 5420//4988 4721//4594
f 4741//4614 5437//5005 5824//5185 5380//4948
f 5437//5005 4773//4646 5412//4980 5824//5185
f 5824//5185 5412//4980 4772//4645 5422//4990
f 5380//4948 5824//5185 5422//4990 4740//4613
f 4732//4605 5440//5008 5825//5186 5371//4939
f 5440//5008 4764//4637 5403//4971 5825//5186
f 5825//5186 5403//4971 4763//4636 5423//4991
f 5371//4939 5825//5186 5423//4991 4731//4604
f 4723//4596 5439//5007 5826//5187 5362//4930
f 5439//5007 4755//4628 5394//4962 5826//5187
f 5826//5187 5394//4962 4754//4627 5445//5013
f 5362//4930 5826//5187 5445//5013 4722//4595
f 4726//4599 5446//5014 5827//5188 5365//4933
f 5446//5014 4758//4631 5397//4965 5827//5188
f 5827//5188 5397//4965 4757//4630 5425//4993
f 5365//4933 5827//5188 5425//4993 4725//4598
f 4717//4590 5441//5009 5828//5189 5356//4924
f 5441//5009 4749//4622 5388//4956 5828//5189
f 5828//5189 5388//4956 4748//4621 5427//4995
f 5356//4924 5828//5189 5427//4995 4716//4589
f 4736//4609 5443//5011 5829//5190 5375//4943
f 5443//5011 4768//4641 5407//4975 5829//5190
f 5829//5190 5407//4975 4767//4640 5430//4998
f 5375//4943 5829//5190 5430//4998 4735//4608
f 4727//4600 5444//5012 5830//5191 5366//4934
f 5444//5012 4759//4632 5398//4966 5830//5191
f 5830//5191 5398//4966 4758//4631 5446//5014
f 5366//4934 5830//5191 5446//5014 4726//4599
f 4696//4569 5310//4910 5831//5192 5272//4872
f 5310//4910 4760//4633 5400//4968 5831//5192
f 5831//5192 5400//4968 4761//4634 5313//4913
f 5272//4872 5831//5192 5313//4913 4697//4570
f 4694//4567 5475//5043 5832//5193 5270//4870
f 5475//5043 4758//4631 5398//4966 5832//5193
f 5832//5193 5398//4966 4759//4632 5309//4909
f 5270//4870 5832//5193 5309//4909 4695//4568
f 4674//4547 5306//4906 5833//5194 5249//4849
f 5306//4906 4738//4611 5377//4945 5833//5194
f 5833//5194 5377//4945 4737//4610 5476//5044
f 5249//4849 5833//5194 5476//5044 4673//4546
f 4672//4545 5477//5045 5834//5195 5247//4847
f 5477//5045 4736//4609 5375//4943 5834//5195
f 5834//5195 5375//4943 4735//4608 5317//4917
f 5247//4847 5834//5195 5317//4917 4671//4544
f 4653//4526 5304//4904 5835//5196 5228//4828
f 5304//4904 4717//4590 5356//4924 5835//5196
f 5835//5196 5356//4924 4716//4589 5299//4899
f 5228//4828 5835//5196 5299//4899 4652//4525
f 4700//4573 5298//4898 5836//5197 5276//4876
f 5298//4898 4764//4637 5404//4972 5836//5197
f 5836//5197 5404//4972 4765//4638 5301//4901
f 5276//4876 5836//5197 5301//4901 4701//4574
f 4651//4524 5300//4900 5837//5198 5226//4826
f 5300//4900 4715//4588 5354//4922 5837//5198
f 5837//5198 5354//4922 4714//4587 5315//4915
f 5226//4826 5837//5198 5315//4915 4650//4523
f 4698//4571 5314//4914 5838//5199 5274//4874
f 5314//4914 4762//4635 5402//4970 5838//5199
f 5838//5199 5402//4970 4763//4636 5297//4897
f 5274//4874 5838//5199 5297//4897 4699//4572
f 4678//4551 5294//4894 5839//5200 5253//4853
f 5294//4894 4742//4615 5381//4949 5839//5200
f 5839//5200 5381//4949 4741//4614 5307//4907
f 5253//4853 5839//5200 5307//4907 4677//4550
f 4676//4549 5308//4908 5840//5201 5251//4851
f 5308//4908 4740//4613 5379//4947 5840//5201
f 5840//5201 5379//4947 4739//4612 5305//4905
f 5251//4851 5840//5201 5305//4905 4675//4548
f 4657//4530 5293//4893 5841//5202 5232//4832
f 5293//4893 4721//4594 5360//4928 5841//5202
f 5841//5202 5360//4928 4720//4593 5288//4888
f 5232//4832 5841//5202 5288//4888 4656//4529
f 4704//4577 5287//4887 5842//5203 5280//4880
f 5287//4887 4768//4641 5408//4976 5842//5203
f 5842//5203 5408//4976 4769//4642 5290//4890
f 5280//4880 5842//5203 5290//4890 4705//4578
f 4655//4528 5289//4889 5843//5204 5230//4830
f 5289//4889 4719//4592 5358//4926 5843//5204
f 5843//5204 5358//4926 4718//4591 5303//4903
f 5230//4830 5843//5204 5303//4903 4654//4527
f 4702//4575 5302//4902 5844//5205 5278//4878
f 5302//4902 4766//4639 5406//4974 5844//5205
f 5844//5205 5406//4974 4767//4640 5447//5015
f 5278//4878 5844//5205 5447//5015 4703//4576
f 4681//4554 5296//4896 5845//5206 5257//4857
f 5296//4896 4745//4618 5385//4953 5845//5206
f 5845//5206 5385//4953 4746//4619 5451//5019
f 5257//4857 5845//5206 5451//5019 4682//4555
f 4680//4553 5478//5046 5846//5207 5255//4855
f 5478//5046 4744//4617 5383//4951 5846//5207
f 5846//5207 5383//4951 4743//4616 5295//4895
f 5255//4855 5846//5207 5295//4895 4679//4552
f 4661//4534 5452//5020 5847//5208 5236//4836
f 5452//5020 4725//4598 5364//4932 5847//5208
f 5847//5208 5364//4932 4724//4597 5457//5025
f 5236//4836 5847//5208 5457//5025 4660//4533
f 4708//4581 5458//5026 5848//5209 5284//4884
f 5458//5026 4772//4645 5412//4980 5848//5209
f 5848//5209 5412//4980 4773//4646 5455//5023
f 5284//4884 5848//5209 5455//5023 4709//4582
f 4659//4532 5456//5024 5849//5210 5234//4834
f 5456//5024 4723//4596 5362//4930 5849//5210
f 5849//5210 5362//4930 4722//4595 5292//4892
f 5234//4834 5849//5210 5292//4892 4658//4531
f 4706//4579 5291//4891 5850//5211 5282//4882
f 5291//4891 4770//4643 5410//4978 5850//5211
f 5850//5211 5410//4978 4771//4644 5459//5027
f 5282//4882 5850//5211 5459//5027 4707//4580
f 4685//4558 5448//5016 5851//5212 5261//4861
f 5448//5016 4749//4622 5389//4957 5851//5212
f 5851//5212 5389//4957 4750//4623 5463//5031
f 5261//4861 5851//5212 5463//5031 4686//4559
f 4683//4556 5450//5018 5852//5213 5259//4859
f 5450//5018 4747//4620 5387//4955 5852//5213
f 5852//5213 5387//4955 4748//4621 5449//5017
f 5259//4859 5852//5213 5449//5017 4684//4557
f 4665//4538 5464//5032 5853//5214 5240//4840
f 5464//5032 4729//4602 5368//4936 5853//5214
f 5853//5214 5368//4936 4728//4601 5467//5035
f 5240//4840 5853//5214 5467//5035 4664//4537
f 4663//4536 5466//5034 5854//5215 5238//4838
f 5466//5034 4727//4600 5366//4934 5854//5215
f 5854//5215 5366//4934 4726//4599 5453//5021
f 5238//4838 5854//5215 5453//5021 4662//4535
f 4710//4583 5454//5022 5855//5216 5286//4886
f 5454//5022 4774//4647 5414//4982 5855//5216
f 5855//5216 5414//4982 4744//4617 5478//5046
f 5286//4886 5855//5216 5478//5046 4680//4553
f 4689//4562 5460//5028 5856//5217 5265//4865
f 5460//5028 4753//4626 5393//4961 5856//5217
f 5856//5217 5393//4961 4754//4627 5471//5039
f 5265//4865 5856//5217 5471//5039 4690//4563
f 4687//4560 5462//5030 5857//5218 5263//4863
f 5462//5030 4751//4624 5391//4959 5857//5218
f 5857//5218 5391//4959 4752//4625 5461//5029
f 5263//4863 5857//5218 5461//5029 4688//4561
f 4669//4542 5472//5040 5858//5219 5244//4844
f 5472//5040 4733//4606 5372//4940 5858//5219
f 5858//5219 5372//4940 4732//4605 5474//5042
f 5244//4844 5858//5219 5474//5042 4668//4541
f 4667//4540 5473//5041 5859//5220 5242//4842
f 5473//5041 4731//4604 5370//4938 5859//5220
f 5859//5220 5370//4938 4730//4603 5465//5033
f 5242//4842 5859//5220 5465//5033 4666//4539
f 4693//4566 5468//5036 5860//5221 5269//4869
f 5468//5036 4757//4630 5397//4965 5860//5221
f 5860//5221 5397//4965 4758//4631 5475//5043
f 5269//4869 5860//5221 5475//5043 4694//4567
f 4691//4564 5470//5038 5861//5222 5267//4867
f 5470//5038 4755//4628 5395//4963 5861//5222
f 5861//5222 5395//4963 4756//4629 5469//5037
f 5267//4867 5861//5222 5469//5037 4692//4565
f 4673//4546 5476//5044 5862//5223 5248//4848
f 5476//5044 4737//4610 5376//4944 5862//5223
f 5862//5223 5376//4944 4736//4609 5477//5045
f 5248//4848 5862//5223 5477//5045 4672//4545
f 4457//4457 5507//5063 5863//5224 4840//4713
f 5507//5063 4803//4676 5511//5064 5863//5224
f 5863//5224 5511//5064 4791//4664 4951//4770
f 4840//4713 5863//5224 4951//4770 4456//4456
f 4466//4466 5483//5049 5864//5225 4849//4722
f 5483//5049 4779//4652 5512//5065 5864//5225
f 5864//5225 5512//5065 4789//4662 4949//4769
f 4849//4722 5864//5225 4949//4769 4465//4465
f 4463//4463 5503//5060 5865//5226 4846//4719
f 5503//5060 4799//4672 5513//5066 5865//5226
f 5865//5226 5513//5066 4806//4679 4966//4776
f 4846//4719 5865//5226 4966//4776 4462//4462
f 4472//4472 5506//5062 5866//5227 4855//4728
f 5506//5062 4802//4675 5514//5067 5866//5227
f 5866//5227 5514//5067 4785//4658 4945//4767
f 4855//4728 5866//5227 4945//4767 4471//4471
f 4481//4481 5504//5061 5867//5228 4864//4737
f 5504//5061 4800//4673 5515//5068 5867//5228
f 5867//5228 5515//5068 4787//4660 4947//4768
f 4864//4737 5867//5228 4947//4768 4480//4480
f 4455//4455 5494//5054 5868//5229 4870//4743
f 5494//5054 4790//4663 5516//5069 5868//5229
f 5868//5229 5516//5069 4805//4678 4965//4775
f 4870//4743 5868//5229 4965//4775 4486//4486
f 4462//4462 4966//4776 5869//5230 4845//4718
f 4966//4776 4806//4679 5517//5070 5869//5230
f 5869//5230 5517//5070 4784//4657 4944//4766
f 4845//4718 5869//5230 4944//4766 4461//4461
f 4468//4468 5502//5059 5870//5231 4851//4724
f 5502//5059 4798//4671 5518//5071 5870//5231
f 5870//5231 5518//5071 4780//4653 4940//4764
f 4851//4724 5870//5231 4940//4764 4467//4467
f 4477//4477 5500//5058 5871//5232 4860//4733
f 5500//5058 4796//4669 5519//5072 5871//5232
f 5871//5232 5519//5072 4778//4651 4938//4763
f 4860//4733 5871//5232 4938//4763 4476//4476
f 4459//4459 5499//5057 5872//5233 4842//4715
f 5499//5057 4795//4668 5520//5073 5872//5233
f 5872//5233 5520//5073 4804//4677 4964//4774
f 4842//4715 5872//5233 4964//4774 4458//4458
f 4486//4486 4965//4775 5873//5234 4869//4742
f 4965//4775 4805//4678 5521//5074 5873//5234
f 5873//5234 5521//5074 4776//4649 4936//4762
f 4869//4742 5873//5234 4936//4762 4485//4485
f 4483//4483 5498//5056 5874//5235 4866//4739
f 5498//5056 4794//4667 5522//5075 5874//5235
f 5874//5235 5522//5075 4801//4674 4961//4773
f 4866//4739 5874//5235 4961//4773 4482//4482
f 4458//4458 4964//4774 5875//5236 4841//4714
f 4964//4774 4804//4677 5523//5076 5875//5236
f 5875//5236 5523//5076 4803//4676 5507//5063
f 4841//4714 5875//5236 5507//5063 4457//4457
f 4473//4473 5496//5055 5876//5237 4856//4729
f 5496//5055 4792//4665 5524//5077 5876//5237
f 5876//5237 5524//5077 4802//4675 5506//5062
f 4856//4729 5876//5237 5506//5062 4472//4472
f 4482//4482 4961//4773 5877//5238 4865//4738
f 4961//4773 4801//4674 5525//5078 5877//5238
f 5877//5238 5525//5078 4800//4673 5504//5061
f 4865//4738 5877//5238 5504//5061 4481//4481
f 4464//4464 5492//5053 5878//5239 4847//4720
f 5492//5053 4788//4661 5526//5079 5878//5239
f 5878//5239 5526//5079 4799//4672 5503//5060
f 4847//4720 5878//5239 5503//5060 4463//4463
f 4479//4479 5490//5052 5879//5240 4862//4735
f 5490//5052 4786//4659 5527//5080 5879//5240
f 5879//5240 5527//5080 4797//4670 4957//4772
f 4862//4735 5879//5240 4957//4772 4478//4478
f 4469//4469 5485//5050 5880//5241 4852//4725
f 5485//5050 4781//4654 5528//5081 5880//5241
f 5880//5241 5528//5081 4798//4671 5502//5059
f 4852//4725 5880//5241 5502//5059 4468//4468
f 4478//4478 4957//4772 5881//5242 4861//4734
f 4957//4772 4797//4670 5529//5082 5881//5242
f 5881//5242 5529//5082 4796//4669 5500//5058
f 4861//4734 5881//5242 5500//5058 4477//4477
f 4460//4460 5487//5051 5882//5243 4843//4716
f 5487//5051 4783//4656 5530//5083 5882//5243
f 5882//5243 5530//5083 4795//4668 5499//5057
f 4843//4716 5882//5243 5499//5057 4459//4459
f 4475//4475 5481//5048 5883//5244 4858//4731
f 5481//5048 4777//4650 5531//5084 5883//5244
f 5883//5244 5531//5084 4793//4666 4953//4771
f 4858//4731 5883//5244 4953//4771 4474//4474
f 4484//4484 5479//5047 5884//5245 4867//4740
f 5479//5047 4775//4648 5532//5085 5884//5245
f 5884//5245 5532//5085 4794//4667 5498//5056
f 4867//4740 5884//5245 5498//5056 4483//4483
f 4474//4474 4953//4771 5885//5246 4857//4730
f 4953//4771 4793//4666 5533//5086 5885//5246
f 5885//5246 5533//5086 4792//4665 5496//5055
f 4857//4730 5885//5246 5496//5055 4473//4473
f 4456//4456 4951//4770 5886//5247 4839//4712
f 4951//4770 4791//4664 5534//5087 5886//5247
f 5886//5247 5534//5087 4790//4663 5494//5054
f 4839//4712 5886//5247 5494//5054 4455//4455
f 4465//4465 4949//4769 5887//5248 4848//4721
f 4949//4769 4789//4662 5535//5088 5887//5248
f 5887//5248 5535//5088 4788//4661 5492//5053
f 4848//4721 5887//5248 5492//5053 4464//4464
f 4480//4480 4947//4768 5888//5249 4863//4736
f 4947//4768 4787//4660 5536//5089 5888//5249
f 5888//5249 5536//5089 4786//4659 5490//5052
f 4863//4736 5888//5249 5490//5052 4479//4479
f 4471//4471 4945//4767 5889//5250 4854//4727
f 4945//4767 4785//4658 5537//5090 5889//5250
f 5889//5250 5537//5090 4782//4655 4942//4765
f 4854//4727 5889//5250 4942//4765 4470//4470
f 4461//4461 4944//4766 5890//5251 4844//4717
f 4944//4766 4784//4657 5538//5091 5890//5251
f 5890//5251 5538//5091 4783//4656 5487//5051
f 4844//4717 5890//5251 5487//5051 4460//4460
f 4470//4470 4942//4765 5891//5252 4853//4726
f 4942//4765 4782//4655 5539//5092 5891//5252
f 5891//5252 5539//5092 4781//4654 5485//5050
f 4853//4726 5891//5252 5485//5050 4469//4469
f 4467//4467 4940//4764 5892//5253 4850//4723
f 4940//4764 4780//4653 5540//5093 5892//5253
f 5892//5253 5540//5093 4779//4652 5483//5049
f 4850//4723 5892//5253 5483//5049 4466//4466
f 4476//4476 4938//4763 5893//5254 4859//4732
f 4938//4763 4778//4651 5541//5094 5893//5254
f 5893//5254 5541//5094 4777//4650 5481//5048
f 4859//4732 5893//5254 5481//5048 4475//4475
f 4485//4485 4936//4762 5894//5255 4868//4741
f 4936//4762 4776//4649 5542//5095 5894//5255
f 5894//5255 5542//5095 4775//4648 5479//5047
f 4868//4741 5894//5255 5479//5047 4484//4484
f 4552//4487 5032//4487 5895//4487 5031//4487
f 4553//4487 5033//4487 5895//4487 5032//4487
f 4554//4487 5034//4487 5895//4487 5033//4487
f 4555//4487 5035//4487 5895//4487 5034//4487
f 4556//4487 5036//4487 5895//4487 5035//4487
f 4557//4487 5037//4487 5895//4487 5036//4487
f 4558//4487 5038//4487 5895//4487 5037//4487
f 4559//4487 5039//4487 5895//4487 5038//4487
f 4560//4487 5040//4487 5895//4487 5039//4487
f 4561//4487 5041//4487 5895//4487 5040//4487
f 4562//4487 5042//4487 5895//4487 5041//4487
f 4563//4487 5043//4487 5895//4487 5042//4487
f 4564//4487 5044//4487 5895//4487 5043//4487
f 4565//4487 5045//4487 5895//4487 5044//4487
f 4566//4487 5046//4487 5895//4487 5045//4487
f 4567//4487 5047//4487 5895//4487 5046//4487
f 4568//4487 5048//4487 5895//4487 5047//4487
f 4569//4487 5049//4487 5895//4487 5048//4487
f 4570//4487 5050//4487 5895//4487 5049//4487
f 4571//4487 5051//4487 5895//4487 5050//4487
f 4572//4487 5052//4487 5895//4487 5051//4487
f 4573//4487 5053//4487 5895//4487 5052//4487
f 4574//4487 5054//4487 5895//4487 5053//4487
f 4575//4487 5055//4487 5895//4487 5054//4487
f 4576//4487 5056//4487 5895//4487 5055//4487
f 4577//4487 5057//4487 5895//4487 5056//4487
f 4578//4487 5058//4487 5895//4487 5057//4487
f 4579//4487 5059//4487 5895//4487 5058//4487
f 4580//4487 5060//4487 5895//4487 5059//4487
f 4581//4487 5061//4487 5895//4487 5060//4487
f 4582//4487 5062//4487 5895//4487 5061//4487
f 4551//4487 5031//4487 5895//4487 5062//4487
o Teapot
v 1.554819 2.358100 -0.212747
v 1.541756 2.457750 -0.156875
v 1.966380 2.457750 0.021174
v 1.996382 2.358100 -0.027595
v 1.533188 2.489250 -0.120224
v 1.946699 2.489250 0.053166
v 1.526907 2.489250 -0.093360
v 1.932274 2.489250 0.076614
v 1.525068 2.457750 -0.085492
v 1.928049 2.457750 0.083482
v 1.528365 2.400000 -0.099596
v 1.935623 2.400000 0.071171
v 1.093047 2.358100 -0.251027
v 1.097700 2.457750 -0.193687
v 1.100752 2.489250 -0.156073
v 1.102990 2.489250 -0.128503
v 1.103645 2.457750 -0.120428
v 1.102471 2.400000 -0.134903
v 0.648670 2.358100 -0.145158
v 0.670371 2.457750 -0.091879
v 0.684607 2.489250 -0.056929
v 0.695041 2.489250 -0.031312
v 0.698097 2.457750 -0.023810
v 0.692619 2.400001 -0.037259
v 0.253764 2.358100 0.097220
v 0.290615 2.457750 0.141200
v 0.314789 2.489250 0.170050
v 0.332507 2.489250 0.191197
v 0.337696 2.457750 0.197390
v 0.328394 2.400001 0.186288
v -0.056883 2.358100 0.461580
v -0.008115 2.457750 0.491582
v 0.023877 2.489250 0.511263
v 0.047326 2.489250 0.525689
v 0.054193 2.457750 0.529914
v 0.041882 2.400000 0.522340
v 2.670709 2.358100 1.584107
v 2.614838 2.457750 1.571045
v 2.436789 2.457750 1.995669
v 2.485557 2.358100 2.025671
v 2.578187 2.489250 1.562476
v 2.404797 2.489250 1.975988
v 2.551322 2.489250 1.556196
v 2.381348 2.489250 1.961562
v 2.543455 2.457750 1.554357
v 2.374481 2.457750 1.957338
v 2.557559 2.400000 1.557654
v 2.386792 2.400000 1.964911
v 2.708990 2.358100 1.122336
v 2.651650 2.457750 1.126989
v 2.614036 2.489250 1.130041
v 2.586465 2.489250 1.132278
v 2.578391 2.457750 1.132934
v 2.592866 2.400000 1.131759
v 2.603121 2.358100 0.677959
v 2.549842 2.457750 0.699660
v 2.514892 2.489250 0.713895
v 2.489275 2.489250 0.724330
v 2.481772 2.457750 0.727386
v 2.495222 2.400001 0.721907
v 2.360743 2.358100 0.283052
v 2.316763 2.457750 0.319903
v 2.287912 2.489250 0.344077
v 2.266766 2.489250 0.361796
v 2.260573 2.457750 0.366985
v 2.271675 2.400001 0.357682
v 0.873856 2.358100 2.699998
v 0.886918 2.457750 2.644126
v 0.462294 2.457750 2.466077
v 0.432292 2.358100 2.514846
v 0.895486 2.489250 2.607475
v 0.481975 2.489250 2.434086
v 0.901767 2.489250 2.580611
v 0.496400 2.489250 2.410637
v 0.903606 2.457750 2.572743
v 0.500625 2.457750 2.403769
v 0.900309 2.400000 2.586847
v 0.493052 2.400000 2.416080
v 1.335627 2.358100 2.738279
v 1.330974 2.457750 2.680938
v 1.327922 2.489250 2.643324
v 1.325684 2.489250 2.615754
v 1.325029 2.457750 2.607680
v 1.326204 2.400000 2.622154
v 1.780004 2.358100 2.632409
v 1.758303 2.457750 2.579131
v 1.744068 2.489250 2.544181
v 1.733633 2.489250 2.518563
v 1.730577 2.457750 2.511061
v 1.736055 2.400001 2.524510
v 2.174911 2.358100 2.390031
v 2.138059 2.457750 2.346051
v 2.113886 2.489250 2.317201
v 2.096167 2.489250 2.296054
v 2.090978 2.457750 2.289861
v 2.100280 2.400001 2.300963
v -0.242035 2.358100 0.903144
v -0.186163 2.457750 0.916206
v -0.149512 2.489250 0.924775
v -0.122648 2.489250 0.931055
v -0.114781 2.457750 0.932895
v -0.128885 2.400000 0.929597
v -0.280316 2.358100 1.364916
v -0.222976 2.457750 1.360263
v -0.185362 2.489250 1.357210
v -0.157791 2.489250 1.354973
v -0.149717 2.457750 1.354318
v -0.164191 2.400000 1.355492
v -0.174447 2.358100 1.809292
v -0.121168 2.457750 1.787591
v -0.086218 2.489250 1.773356
v -0.060600 2.489250 1.762922
v -0.053098 2.457750 1.759866
v -0.066547 2.400001 1.765344
v 0.067931 2.358100 2.204199
v 0.111912 2.457750 2.167348
v 0.140762 2.489250 2.143174
v 0.161909 2.489250 2.125455
v 0.168102 2.457750 2.120266
v 0.156999 2.400001 2.129569
v 1.659958 0.905800 -0.662470
v 1.654874 1.180800 -0.640723
v 2.226198 1.180800 -0.401161
v 2.237876 0.905800 -0.420144
v 1.638275 1.473000 -0.569724
v 2.188073 1.473000 -0.339188
v 1.613602 1.776000 -0.464185
v 2.131400 1.776000 -0.247067
v 1.583545 2.086200 -0.335619
v 2.062363 2.086200 -0.134846
v 1.055593 0.905800 -0.712572
v 1.057404 1.180800 -0.690253
v 1.063317 1.473000 -0.617388
v 1.072107 1.776000 -0.509075
v 1.082814 2.086200 -0.377130
v 0.473994 0.905800 -0.574010
v 0.482441 1.180800 -0.553272
v 0.510017 1.473000 -0.485568
v 0.551009 1.776000 -0.384928
v 0.600945 2.086200 -0.262329
v -0.042858 0.905800 -0.256787
v -0.028515 1.180800 -0.239668
v 0.018314 1.473000 -0.183780
v 0.087923 1.776000 -0.100704
v 0.172721 2.086200 0.000499
v -0.449432 0.905800 0.220087
v -0.430449 1.180800 0.231765
v -0.368477 1.473000 0.269890
v -0.276355 1.776000 0.326563
v -0.164135 2.086200 0.395600
v 3.120433 0.905800 1.689247
v 3.098686 1.180800 1.684162
v 2.859124 1.180800 2.255486
v 2.917800 0.900000 2.291583
v 3.027686 1.473000 1.667564
v 2.797151 1.473000 2.217361
v 2.922148 1.776000 1.642890
v 2.705029 1.776000 2.160689
v 2.793582 2.086200 1.612833
v 2.592809 2.086200 2.091651
v 3.170535 0.905800 1.084882
v 3.148216 1.180800 1.086693
v 3.075351 1.473000 1.092606
v 2.967038 1.776000 1.101395
v 2.835093 2.086200 1.112103
v 3.031973 0.905800 0.503283
v 3.011235 1.180800 0.511729
v 2.943531 1.473000 0.539306
v 2.842890 1.776000 0.580298
v 2.720291 2.086200 0.630234
v 2.714749 0.905800 -0.013570
v 2.697631 1.180800 0.000774
v 2.641743 1.473000 0.047602
v 2.558666 1.776000 0.117212
v 2.457464 2.086200 0.202009
v 0.768716 0.905800 3.149721
v 0.773800 1.180800 3.127974
v 0.202477 1.180800 2.888412
v 0.190799 0.905800 2.907395
v 0.790399 1.473000 3.056975
v 0.240602 1.473000 2.826440
v 0.815073 1.776000 2.951436
v 0.297274 1.776000 2.734318
v 0.845130 2.086200 2.822871
v 0.366311 2.086200 2.622097
v 1.373081 0.905800 3.199823
v 1.371270 1.180800 3.177504
v 1.365357 1.473000 3.104639
v 1.356568 1.776000 2.996326
v 1.345860 2.086200 2.864381
v 1.954680 0.905800 3.061262
v 1.946233 1.180800 3.040524
v 1.918657 1.473000 2.972820
v 1.877665 1.776000 2.872179
v 1.827729 2.086200 2.749580
v 2.471533 0.905800 2.744038
v 2.457189 1.180800 2.726919
v 2.410360 1.473000 2.671031
v 2.340751 1.776000 2.587955
v 2.255953 2.086200 2.486753
v -0.691758 0.905800 0.798005
v -0.670011 1.180800 0.803089
v -0.599012 1.473000 0.819688
v -0.493473 1.776000 0.844361
v -0.364908 2.086200 0.874418
v -0.741861 0.905800 1.402370
v -0.719541 1.180800 1.400558
v -0.646677 1.473000 1.394646
v -0.538363 1.776000 1.385856
v -0.406418 2.086200 1.375149
v -0.603299 0.905800 1.983969
v -0.582561 1.180800 1.975522
v -0.514857 1.473000 1.947945
v -0.414216 1.776000 1.906953
v -0.291617 2.086200 1.857017
v -0.286075 0.905800 2.500821
v -0.268957 1.180800 2.486478
v -0.213069 1.473000 2.439649
v -0.129992 1.776000 2.370039
v -0.028790 2.086200 2.285242
v 1.550796 0.150000 -0.195541
v 1.565152 0.220200 -0.256945
v 2.020116 0.220200 -0.066174
v 2.000305 0.150000 -0.033971
v 1.591171 0.324000 -0.368240
v 2.079880 0.324000 -0.163320
v 1.622574 0.471000 -0.502563
v 2.152008 0.471000 -0.280566
v 1.648593 0.664800 -0.613858
v 2.211772 0.664800 -0.377712
v 1.245481 0.150000 -0.244920
v 1.089366 0.220200 -0.296388
v 1.080097 0.324000 -0.410609
v 1.068910 0.471000 -0.548461
v 1.059642 0.664800 -0.662682
v 0.515364 0.150000 -0.070976
v 0.631503 0.220200 -0.187305
v 0.588275 0.324000 -0.293436
v 0.536104 0.471000 -0.421524
v 0.492875 0.664800 -0.527655
v 0.265112 0.150000 0.110764
v 0.224612 0.220200 0.062428
v 0.151205 0.324000 -0.025179
v 0.062611 0.471000 -0.130913
v -0.010796 0.664800 -0.218521
v -0.063260 0.150000 0.457657
v -0.095462 0.220200 0.437847
v -0.192609 0.324000 0.378083
v -0.309854 0.471000 0.305954
v -0.407000 0.664800 0.246191
v 2.653503 0.150000 1.580085
v 2.714908 0.220200 1.594440
v 2.524137 0.220200 2.049405
v 2.491934 0.150000 2.029594
v 2.826203 0.324000 1.620459
v 2.621283 0.324000 2.109168
v 2.960526 0.471000 1.651862
v 2.738528 0.471000 2.181297
v 3.071821 0.664800 1.677882
v 2.835675 0.664800 2.241060
v 2.702883 0.150000 1.274770
v 2.754350 0.220200 1.118655
v 2.868571 0.324000 1.109386
v 3.006424 0.471000 1.098199
v 3.120645 0.664800 1.088930
v 2.528938 0.150000 0.544653
v 2.645268 0.220200 0.660792
v 2.751399 0.324000 0.617564
v 2.879487 0.471000 0.565392
v 2.985617 0.664800 0.522164
v 2.347199 0.150000 0.294401
v 2.395534 0.220200 0.253900
v 2.483142 0.324000 0.180494
v 2.588876 0.471000 0.091899
v 2.676484 0.664800 0.018493
v 0.877878 0.150000 2.682792
v 0.863523 0.220200 2.744196
v 0.408558 0.220200 2.553425
v 0.428369 0.150000 2.521223
v 0.837503 0.324000 2.855492
v 0.348794 0.324000 2.650571
v 0.806100 0.471000 2.989814
v 0.276666 0.471000 2.767817
v 0.780081 0.664800 3.101110
v 0.216902 0.664800 2.864963
v 1.183193 0.150000 2.732172
v 1.339308 0.220200 2.783639
v 1.348577 0.324000 2.897860
v 1.359764 0.471000 3.035713
v 1.369033 0.664800 3.149934
v 1.913310 0.150000 2.558227
v 1.797171 0.220200 2.674556
v 1.840399 0.324000 2.780687
v 1.892571 0.471000 2.908775
v 1.935799 0.664800 3.014906
v 2.163562 0.150000 2.376487
v 2.204062 0.220200 2.424823
v 2.277469 0.324000 2.512431
v 2.366064 0.471000 2.618165
v 2.439470 0.664800 2.705772
v -0.224829 0.150000 0.907167
v -0.286234 0.220200 0.892811
v -0.397529 0.324000 0.866792
v -0.531851 0.471000 0.835389
v -0.643147 0.664800 0.809369
v -0.274209 0.150000 1.212481
v -0.325676 0.220200 1.368597
v -0.439897 0.324000 1.377866
v -0.577750 0.471000 1.389052
v -0.691971 0.664800 1.398321
v -0.100264 0.150000 1.942598
v -0.216594 0.220200 1.826460
v -0.322724 0.324000 1.869688
v -0.450813 0.471000 1.921859
v -0.556943 0.664800 1.965087
v 0.081475 0.150000 2.192851
v 0.033140 0.220200 2.233351
v -0.054468 0.324000 2.306757
v -0.160202 0.471000 2.395352
v -0.247810 0.664800 2.468759
v 3.792006 1.792336 2.674410
v 3.739770 1.992067 2.642275
v 3.693054 2.001643 2.768514
v 3.746287 1.792383 2.801262
v 3.591081 2.120112 2.550803
v 3.540995 2.136072 2.674968
v 3.343847 2.187505 2.398706
v 3.287719 2.206824 2.519155
v 2.998592 2.214461 2.186308
v 2.933370 2.235125 2.301162
v 2.572002 2.221200 1.923872
v 2.494887 2.242200 2.031410
v 3.771453 1.792220 2.577233
v 3.721694 1.968264 2.546621
v 3.581383 2.080440 2.460303
v 3.349167 2.139480 2.317445
v 3.026518 2.163096 2.118953
v 2.629488 2.169000 1.874704
v 3.701116 1.792080 2.533962
v 3.654346 1.939536 2.505189
v 3.524147 2.032560 2.425092
v 3.310056 2.081520 2.293384
v 3.014689 2.101104 2.111677
v 2.653337 2.106000 1.889375
v 3.605110 1.791964 2.559433
v 3.560817 1.915733 2.532184
v 3.438996 1.992888 2.457241
v 3.239923 2.033496 2.334773
v 2.967161 2.049740 2.166972
v 2.635370 2.053800 1.962856
v 3.512499 1.791918 2.657438
v 3.469202 1.906157 2.630802
v 3.350752 1.976928 2.557932
v 3.157720 2.014176 2.439181
v 2.894053 2.029075 2.276975
v 2.574155 2.032800 2.080175
v 3.466780 1.791964 2.784290
v 3.422487 1.915733 2.757041
v 3.300666 1.992888 2.682098
v 3.101592 2.033496 2.559630
v 2.828831 2.049740 2.391829
v 2.497040 2.053800 2.187713
v 3.487333 1.792080 2.881468
v 3.440563 1.939536 2.852695
v 3.310364 2.032560 2.772598
v 3.096272 2.081520 2.640891
v 2.800906 2.101104 2.459183
v 2.439553 2.106000 2.236882
v 3.557670 1.792220 2.924739
v 3.507911 1.968264 2.894127
v 3.367600 2.080440 2.807809
v 3.135384 2.139480 2.664952
v 2.812734 2.163096 2.466460
v 2.415705 2.169000 2.222210
v 3.653676 1.792336 2.899267
v 3.601440 1.992067 2.867132
v 3.452751 2.120112 2.775660
v 3.205517 2.187504 2.623563
v 2.860262 2.214461 2.411165
v 2.433671 2.221200 2.148730
v 2.912694 0.638400 2.133464
v 3.227622 0.845887 2.327205
v 3.161096 0.822563 2.441257
v 2.835579 0.610400 2.241002
v 3.478898 1.067880 2.481788
v 3.421180 1.048280 2.601259
v 3.655635 1.303812 2.590516
v 3.604436 1.288272 2.713997
v 3.760141 1.549349 2.654807
v 3.712980 1.540053 2.780772
v 2.970181 0.708000 2.084296
v 3.258788 0.903864 2.261845
v 3.488170 1.116600 2.402958
v 3.648704 1.342440 2.501718
v 3.743171 1.572456 2.559834
v 2.994029 0.792000 2.098967
v 3.250871 0.973836 2.256974
v 3.453828 1.175400 2.381832
v 3.594806 1.389060 2.468561
v 3.677159 1.600344 2.519223
v 2.976063 0.861600 2.172448
v 3.206584 1.031813 2.314263
v 3.387647 1.224120 2.425651
v 3.512422 1.427688 2.502412
v 3.584736 1.623451 2.546899
v 3.134779 1.055137 2.425067
v 3.307034 1.243720 2.531038
v 3.425291 1.443228 2.603788
v 3.493567 1.632748 2.645791
v 2.837733 0.861600 2.397305
v 3.068254 1.031813 2.539120
v 3.249316 1.224120 2.650508
v 3.374092 1.427688 2.727269
v 3.446406 1.623451 2.771756
v 2.780246 0.792000 2.446474
v 3.037087 0.973836 2.604480
v 3.240045 1.175400 2.729338
v 3.381023 1.389060 2.816067
v 3.463375 1.600344 2.866729
v 2.756397 0.708000 2.431802
v 3.045005 0.903864 2.609351
v 3.274386 1.116600 2.750465
v 3.434921 1.342440 2.849224
v 3.529388 1.572456 2.907340
v 2.774364 0.638400 2.358321
v 3.089292 0.845887 2.552062
v 3.340568 1.067880 2.706645
v 3.517305 1.303812 2.815373
v 3.621810 1.549349 2.879664
v -1.435674 2.357954 -0.518566
v -1.189059 2.085240 -0.391186
v -1.291803 2.075440 -0.298133
v -1.540065 2.356675 -0.450862
v -1.006044 1.698792 -0.327735
v -1.123468 1.674152 -0.194575
v -0.838313 1.291752 -0.283853
v -0.978387 1.248912 -0.105322
v -0.553090 0.945912 -0.157524
v -0.707845 0.884872 0.061113
v -0.081443 0.705600 0.105519
v -0.233606 0.628600 0.352862
v -1.290426 2.361132 -0.501170
v -1.068977 2.109600 -0.402544
v -0.892022 1.760040 -0.369624
v -0.719338 1.398240 -0.355044
v -0.440175 1.097640 -0.259246
v 0.001555 0.897000 -0.029396
v -1.153886 2.364968 -0.417171
v -0.969958 2.139000 -0.341629
v -0.814752 1.833960 -0.322089
v -0.653516 1.526760 -0.314551
v -0.396103 1.280760 -0.232133
v 0.001555 1.128000 -0.029396
v -1.072867 2.368147 -0.295370
v -0.925952 2.163360 -0.229324
v -0.800730 1.895208 -0.201427
v -0.663415 1.633248 -0.176257
v -0.435984 1.432488 -0.085482
v -0.081443 1.319400 0.105519
v -1.086230 2.369425 -0.171666
v -0.962683 2.173160 -0.095661
v -0.866640 1.919848 -0.036576
v -0.759608 1.676088 0.029269
v -0.561358 1.493528 0.151231
v -0.233606 1.396400 0.352862
v -1.190620 2.368147 -0.103962
v -1.065426 2.163360 -0.002608
v -0.984064 1.895208 0.096584
v -0.899683 1.633248 0.207799
v -0.716113 1.432488 0.369869
v -0.385770 1.319400 0.600204
v -1.335868 2.364968 -0.121359
v -1.185509 2.139000 0.008750
v -1.098087 1.833960 0.138473
v -1.018658 1.526760 0.278990
v -0.829028 1.280760 0.471591
v -0.468768 1.128000 0.735119
v -1.472409 2.361132 -0.205357
v -1.284528 2.109600 -0.052165
v -1.175356 1.760040 0.090937
v -1.084480 1.398240 0.238497
v -0.873100 1.097640 0.444478
v -0.468768 0.897000 0.735119
v -1.553428 2.357954 -0.327158
v -1.328534 2.085241 -0.164470
v -1.189378 1.698792 -0.029724
v -1.074581 1.291752 0.100203
v -0.833218 0.945912 0.297826
v -0.385770 0.705600 0.600204
v -1.433012 2.400000 -0.462493
v -1.522588 2.445557 -0.524212
v -1.598978 2.446901 -0.487105
v -1.499393 2.400000 -0.425841
v -1.576000 2.468658 -0.569056
v -1.663956 2.470548 -0.527079
v -1.585060 2.466696 -0.589094
v -1.683685 2.468376 -0.539216
v -1.548571 2.442026 -0.578631
v -1.653514 2.442991 -0.520655
v -1.335108 2.400000 -0.444530
v -1.405527 2.442216 -0.498071
v -1.440570 2.463960 -0.538151
v -1.435635 2.462520 -0.557470
v -1.393818 2.439624 -0.550266
v -1.239714 2.400001 -0.385845
v -1.288955 2.438184 -0.426357
v -1.305349 2.458290 -0.454964
v -1.287775 2.457480 -0.466507
v -1.243047 2.436727 -0.457514
v -1.179537 2.400001 -0.306557
v -1.212841 2.434844 -0.333658
v -1.216699 2.453592 -0.348016
v -1.192173 2.453304 -0.347393
v -1.147953 2.434325 -0.332174
v -1.182322 2.400000 -0.230781
v -1.211517 2.433499 -0.248742
v -1.214508 2.451702 -0.250582
v -1.192224 2.451624 -0.236873
v -1.152383 2.433359 -0.212363
v -1.248702 2.400000 -0.194129
v -1.287909 2.434843 -0.211636
v -1.302464 2.453592 -0.208605
v -1.290849 2.453304 -0.186995
v -1.257326 2.434325 -0.154387
v -1.346606 2.400000 -0.212092
v -1.404968 2.438184 -0.237777
v -1.437894 2.458290 -0.239510
v -1.440273 2.457480 -0.218619
v -1.412079 2.436727 -0.182752
v -1.442000 2.400001 -0.270777
v -1.521540 2.442217 -0.309491
v -1.573115 2.463960 -0.322697
v -1.588134 2.462520 -0.309582
v -1.562849 2.439624 -0.275504
v -1.502177 2.400001 -0.350065
v -1.597655 2.445557 -0.402190
v -1.661765 2.468658 -0.429644
v -1.683736 2.466697 -0.428696
v -1.657943 2.442026 -0.400844
v 1.265562 2.705000 1.024480
v 1.258790 2.806800 1.053212
v 1.316557 2.806800 1.077466
v 1.332010 2.705000 1.052347
v 1.275225 2.922000 0.982507
v 1.354482 2.922000 1.015819
v 1.289527 3.030000 0.921039
v 1.387459 3.030000 0.962215
v 1.276319 3.108000 0.977737
v 1.357029 3.108000 1.011679
v 1.214337 3.143951 1.243626
v 1.196081 2.705000 1.018714
v 1.198441 2.806800 1.048168
v 1.192494 2.922000 0.975546
v 1.187334 3.030000 0.912420
v 1.192079 3.108000 0.970622
v 1.129222 2.705000 1.034643
v 1.140396 2.806800 1.061997
v 1.112959 2.922000 0.994495
v 1.089102 3.030000 0.935823
v 1.111109 3.108000 0.989912
v 1.069804 2.705000 1.071118
v 1.088803 2.806800 1.093710
v 1.042254 2.922000 1.038011
v 1.001772 3.030000 0.989594
v 1.039126 3.108000 1.034246
v 1.023059 2.705000 1.125952
v 1.048177 2.806800 1.141405
v 0.986531 2.922000 1.103481
v 0.932926 3.030000 1.070504
v 0.982390 3.108000 1.100934
v 1.433483 2.705000 1.294850
v 1.404751 2.806800 1.288079
v 1.380497 2.806800 1.345846
v 1.405616 2.705000 1.361299
v 1.475456 2.922000 1.304513
v 1.442144 2.922000 1.383770
v 1.536924 3.030000 1.318816
v 1.495748 3.030000 1.416748
v 1.480226 3.108000 1.305607
v 1.446284 3.108000 1.386318
v 1.439249 2.705000 1.225369
v 1.409795 2.806800 1.227729
v 1.482416 2.922000 1.221783
v 1.545542 3.030000 1.216622
v 1.487341 3.108000 1.221368
v 1.423320 2.705000 1.158510
v 1.395966 2.806800 1.169684
v 1.463468 2.922000 1.142247
v 1.522139 3.030000 1.118390
v 1.468051 3.108000 1.140397
v 1.386845 2.705000 1.099093
v 1.364253 2.806800 1.118092
v 1.419952 2.922000 1.071542
v 1.468369 3.030000 1.031060
v 1.423717 3.108000 1.068415
v 1.163113 2.705000 1.462771
v 1.169884 2.806800 1.434039
v 1.112117 2.806800 1.409785
v 1.096664 2.705000 1.434904
v 1.153450 2.922000 1.504744
v 1.074192 2.922000 1.471432
v 1.139147 3.030000 1.566213
v 1.041215 3.030000 1.525037
v 1.152356 3.108000 1.509515
v 1.071645 3.108000 1.475573
v 1.232594 2.705000 1.468537
v 1.230234 2.806800 1.439083
v 1.236180 2.922000 1.511705
v 1.241340 3.030000 1.574831
v 1.236595 3.108000 1.516630
v 1.299453 2.705000 1.452608
v 1.288278 2.806800 1.425254
v 1.315716 2.922000 1.492756
v 1.339573 3.030000 1.551428
v 1.317565 3.108000 1.497339
v 1.358870 2.705000 1.416134
v 1.339871 2.806800 1.393541
v 1.386420 2.922000 1.449241
v 1.426902 3.030000 1.497657
v 1.389548 3.108000 1.453005
v 0.995192 2.705000 1.192401
v 1.023924 2.806800 1.199173
v 0.953219 2.922000 1.182738
v 0.891750 3.030000 1.168435
v 0.948448 3.108000 1.181644
v 0.989426 2.705000 1.261882
v 1.018880 2.806800 1.259522
v 0.946258 2.922000 1.265468
v 0.883132 3.030000 1.270629
v 0.941333 3.108000 1.265884
v 1.005354 2.705000 1.328741
v 1.032708 2.806800 1.317567
v 0.965207 2.922000 1.345004
v 0.906535 3.030000 1.368861
v 0.960624 3.108000 1.346854
v 1.041829 2.705000 1.388159
v 1.064422 2.806800 1.369159
v 1.008722 2.922000 1.415709
v 0.960306 3.030000 1.456191
v 1.004957 3.108000 1.418836
v 1.524834 2.397589 -0.084492
v 1.494204 2.472006 0.046526
v 1.857158 2.472006 0.198716
v 1.927512 2.397589 0.084355
v 1.432590 2.526402 0.310073
v 1.715638 2.526402 0.428757
v 1.365968 2.574001 0.595042
v 1.562615 2.574000 0.677498
v 1.305495 2.629200 0.853708
v 1.423716 2.629200 0.903279
v 1.103728 2.397589 -0.119402
v 1.114640 2.472006 0.015060
v 1.136589 2.526402 0.285534
v 1.160321 2.574001 0.577993
v 1.181864 2.629200 0.843459
v 0.698485 2.397589 -0.022856
v 0.749374 2.472006 0.102082
v 0.851737 2.526402 0.353398
v 0.962422 2.574001 0.625142
v 1.062890 2.629200 0.871803
v 0.338356 2.397589 0.198177
v 0.424771 2.472006 0.301310
v 0.598597 2.526402 0.508765
v 0.786553 2.574001 0.733083
v 0.957160 2.629200 0.936696
v 0.055066 2.397589 0.530451
v 0.169428 2.472006 0.600805
v 0.399469 2.526402 0.742325
v 0.648209 2.574000 0.895348
v 0.873990 2.629200 1.034247
v 2.542455 2.397589 1.554123
v 2.411437 2.472006 1.523492
v 2.259246 2.472006 1.886446
v 2.373608 2.397589 1.956801
v 2.147890 2.526402 1.461879
v 2.029205 2.526402 1.744927
v 1.862921 2.574001 1.395256
v 1.780465 2.574000 1.591903
v 1.604255 2.629200 1.334784
v 1.554684 2.629200 1.453004
v 2.577365 2.397589 1.133017
v 2.442903 2.472006 1.143928
v 2.172429 2.526402 1.165877
v 1.879969 2.574001 1.189610
v 1.614504 2.629200 1.211152
v 2.480819 2.397589 0.727774
v 2.355881 2.472006 0.778662
v 2.104565 2.526402 0.881026
v 1.832821 2.574001 0.991710
v 1.586160 2.629200 1.092178
v 2.259786 2.397589 0.367644
v 2.156652 2.472006 0.454059
v 1.949198 2.526402 0.627886
v 1.724880 2.574001 0.815842
v 1.521267 2.629200 0.986449
v 0.903840 2.397589 2.571743
v 0.934470 2.472006 2.440725
v 0.571517 2.472006 2.288535
v 0.501162 2.397589 2.402897
v 0.996084 2.526402 2.177179
v 0.713036 2.526402 2.058494
v 1.062706 2.574001 1.892210
v 0.866059 2.574000 1.809754
v 1.123179 2.629200 1.633544
v 1.004958 2.629200 1.583972
v 1.324946 2.397589 2.606653
v 1.314034 2.472006 2.472191
v 1.292086 2.526402 2.201717
v 1.268353 2.574001 1.909258
v 1.246810 2.629200 1.643793
v 1.730189 2.397589 2.510107
v 1.679300 2.472006 2.385169
v 1.576937 2.526402 2.133854
v 1.466252 2.574001 1.862110
v 1.365784 2.629200 1.615448
v 2.090318 2.397589 2.289074
v 2.003903 2.472006 2.185941
v 1.830077 2.526402 1.978486
v 1.642121 2.574001 1.754169
v 1.471514 2.629200 1.550556
v -0.113781 2.397589 0.933128
v 0.017237 2.472006 0.963759
v 0.280784 2.526402 1.025373
v 0.565753 2.574001 1.091995
v 0.824419 2.629200 1.152468
v -0.148691 2.397589 1.354234
v -0.014228 2.472006 1.343323
v 0.256245 2.526402 1.321374
v 0.548705 2.574001 1.297641
v 0.814170 2.629200 1.276099
v -0.052144 2.397589 1.759477
v 0.072793 2.472006 1.708589
v 0.324109 2.526402 1.606225
v 0.595853 2.574001 1.495541
v 0.842515 2.629200 1.395073
v 0.168889 2.397589 2.119607
v 0.272022 2.472006 2.033192
v 0.479477 2.526402 1.859365
v 0.703794 2.574001 1.671410
v 0.907407 2.629200 1.500802
v 0.081475 0.150000 2.192851
v 0.105945 0.106200 2.172347
v 0.458224 0.106200 2.472693
v 0.187964 0.066000 2.103623
v 0.514175 0.066000 2.381744
v 0.376020 0.033000 1.946052
v 0.642461 0.033000 2.173215
v 0.696845 0.011111 1.677270
v 0.861308 0.011111 1.817478
v 1.214337 0.001568 1.243626
v -0.128396 0.106200 1.790535
v -0.029036 0.066000 1.750065
v 0.198779 0.033000 1.657274
v 0.587407 0.011111 1.498990
v -0.230755 0.106200 1.360894
v -0.123820 0.066000 1.352216
v 0.121361 0.033000 1.332320
v 0.539611 0.011111 1.298371
v -0.224829 0.150000 0.907167
v -0.193743 0.106200 0.914434
v -0.089547 0.066000 0.938794
v 0.149354 0.033000 0.994646
v 0.556908 0.011111 1.089897
v -0.014730 0.106200 0.487512
v 0.076219 0.066000 0.543464
v 0.284748 0.033000 0.671749
v 0.640485 0.011111 0.890596
v 2.163562 0.150000 2.376487
v 2.143059 0.106200 2.352017
v 2.443405 0.106200 1.999739
v 2.074335 0.066000 2.269998
v 2.352456 0.066000 1.943788
v 1.916763 0.033000 2.081943
v 2.143926 0.033000 1.815502
v 1.647981 0.011111 1.761117
v 1.788189 0.011111 1.596655
v 1.761247 0.106200 2.586359
v 1.720776 0.066000 2.486998
v 1.627985 0.033000 2.259184
v 1.469701 0.011111 1.870556
v 1.331605 0.106200 2.688717
v 1.322928 0.066000 2.581783
v 1.303031 0.033000 2.336602
v 1.269083 0.011111 1.918352
v 0.877878 0.150000 2.682792
v 0.885146 0.106200 2.651706
v 0.909505 0.066000 2.547510
v 0.965358 0.033000 2.308609
v 1.060609 0.011111 1.901054
v 2.347199 0.150000 0.294401
v 2.322729 0.106200 0.314904
v 1.970450 0.106200 0.014558
v 2.240710 0.066000 0.383628
v 1.914499 0.066000 0.105507
v 2.052655 0.033000 0.541199
v 1.786214 0.033000 0.314037
v 1.731829 0.011111 0.809982
v 1.567367 0.011111 0.669774
v 2.557070 0.106200 0.696716
v 2.457710 0.066000 0.737186
v 2.229896 0.033000 0.829978
v 1.841267 0.011111 0.988261
v 2.659429 0.106200 1.126358
v 2.552494 0.066000 1.135035
v 2.307313 0.033000 1.154931
v 1.889063 0.011111 1.188880
v 2.653503 0.150000 1.580085
v 2.622417 0.106200 1.572817
v 2.518221 0.066000 1.548457
v 2.279320 0.033000 1.492605
v 1.871766 0.011111 1.397354
v 0.265112 0.150000 0.110764
v 0.285615 0.106200 0.135234
v 0.354339 0.066000 0.217253
v 0.511911 0.033000 0.405308
v 0.780693 0.011111 0.726134
v 0.667427 0.106200 -0.099107
v 0.707898 0.066000 0.000253
v 0.800689 0.033000 0.228067
v 0.958973 0.011111 0.616696
v 1.097069 0.106200 -0.201466
v 1.105747 0.066000 -0.094532
v 1.125643 0.033000 0.150650
v 1.159592 0.011111 0.568900
v 1.550796 0.150000 -0.195541
v 1.543528 0.106200 -0.164454
v 1.519169 0.066000 -0.060259
v 1.463317 0.033000 0.178643
v 1.368065 0.011111 0.586197
v 1.405178 2.806800 1.198159
v 1.308439 3.128851 1.090662
v 2.172016 2.526402 1.313769
v 1.577904 2.526402 0.358129
v 2.832534 1.325325 2.239129
v 1.180614 0.005511 0.827343
v 2.181711 0.150000 0.125178
v 2.236158 1.040225 -0.417352
v 1.369164 2.574000 1.893496
v 3.117235 1.040225 1.688499
v 1.076150 2.922000 1.013266
v 3.123170 2.224955 2.417926
v 1.433769 2.863950 1.294817
v 3.687553 1.872450 2.525618
v 1.385034 3.030000 1.528235
v 1.101590 0.220200 2.782975
v 0.022110 0.561825 -0.179249
v 1.039114 2.922000 1.445924
v 1.430809 3.030000 0.993733
v -0.740522 1.676670 -0.322250
v 1.029817 2.550051 2.032890
v -0.508823 0.391875 1.383459
v 0.246963 0.150000 2.362073
v 1.727256 2.599801 1.363540
v 1.021740 2.753125 1.259271
v -1.465814 2.440201 -0.269474
v 3.360306 1.072201 2.324298
v 0.525414 2.550051 0.819805
v 0.510953 2.397589 0.072535
v -0.314875 0.648950 0.484965
v -0.263465 0.150000 1.116617
v -1.128507 2.096160 -0.407205
v 2.125546 2.477438 2.331116
v -0.687141 0.988905 0.582774
v 2.244791 2.457751 2.135509
v 0.871710 0.182625 2.709177
v 2.275923 2.493188 0.354123
v 2.613433 2.489250 1.346100
v 2.583488 0.085425 1.563716
v 1.461432 3.074400 1.036870
v 1.367301 3.128851 1.337728
v 3.552846 1.981397 2.890071
v -0.060931 2.436600 0.945484
v -0.279672 2.358100 1.134200
v 2.162826 0.048375 0.448887
v -1.066813 2.369087 -0.230181
v 3.573713 1.559707 2.902908
v 2.995134 2.072765 2.131347
v 1.956192 2.477438 0.037735
v -0.274117 0.779975 2.490802
v 0.237063 2.358100 2.372738
v 1.299675 2.705000 1.035765
v 2.667318 2.052531 2.292468
v 0.330633 1.930425 2.680092
v -1.008652 2.170570 -0.040484
v 1.372815 1.040225 3.196541
v 1.546771 2.425606 -0.178322
v 1.433924 2.705000 1.191311
v 1.398857 2.550051 0.454361
v -1.677161 2.457053 -0.418039
v 0.821802 0.391875 2.922653
v 1.591326 2.086200 2.826002
v 1.626780 1.623375 -0.520552
v -1.496591 2.357013 -0.494577
v 0.627034 2.237638 -0.198277
v 0.997865 3.030000 1.493518
v 1.043640 3.030000 0.959016
v 2.905178 0.804555 2.523330
v 1.703452 2.599801 1.044404
v 3.663119 2.032101 2.510586
v -0.291554 1.776000 2.148098
v -0.565840 1.521780 -0.143341
v 2.236969 0.266925 2.464095
v 3.074549 1.473000 1.379874
v -0.167066 2.358100 0.676450
v 1.662047 2.599801 1.519054
v 1.194862 2.922000 1.511547
v 1.389560 2.922000 1.041327
v 1.437190 2.526402 2.179029
v 1.401984 2.753125 1.287466
v 2.620211 1.473000 2.460444
v 0.274219 2.501305 0.665272
v 1.121258 2.629201 0.852935
v 0.019250 0.085425 0.508417
v 3.259545 0.938850 2.251744
v 2.094466 2.430844 2.294024
v 0.065315 0.048375 1.711635
v 0.850770 2.526402 2.129122
v 1.141204 3.074400 1.557402
v 2.261347 2.477438 0.366336
v 1.722127 0.066000 0.006861
v 2.117228 0.020364 1.170358
v 1.686755 0.020364 0.475707
v 1.095679 2.086200 2.863683
v -0.092133 0.066000 1.554882
v 1.450968 2.978250 1.045608
v -1.301824 2.450912 -0.442577
v -1.509164 2.417029 -0.558506
v 0.801895 1.623375 3.007803
v 3.025624 0.905317 1.987981
v 1.780821 0.127942 2.601005
v 1.124392 2.472006 2.471662
v 0.008446 2.477438 0.501771
v 2.958585 2.094066 2.556186
v 0.652217 0.150000 2.611382
v 1.537321 2.477438 -0.137902
v -1.129704 2.369087 -0.127952
v 3.739566 1.668493 2.797128
v 3.512076 1.908688 2.574405
v 1.510772 2.663876 1.219570
v 1.329936 3.128851 1.381663
v -0.143042 0.127942 1.810109
v 2.650804 1.930425 2.127329
v 0.411043 2.472006 2.171726
v 1.920536 1.473000 -0.476378
v 1.534427 0.085425 -0.125525
v 2.834235 1.776000 1.908723
v 1.072148 3.107700 1.006538
v 2.936631 0.741002 2.458147
v -0.228217 0.152667 1.587303
v 3.172417 1.048973 2.365450
v 0.191705 0.266925 0.023156
v -0.738460 1.760016 -0.192772
v -0.336125 0.266925 0.881147
v -0.114070 2.457750 0.698209
v 0.900561 3.074400 1.170493
v 1.394924 2.806800 1.317729
v -1.517568 2.460000 -0.258633
v 1.111863 2.489250 2.642721
v 0.136589 0.085425 2.146671
v 0.162582 0.048375 0.596594
v 2.986821 0.750000 2.083966
v 1.315140 2.806800 1.411572
v -0.626837 0.816819 0.440252
v 0.375400 0.020364 1.585335
v 3.427000 2.178082 2.604840
v 2.333645 2.425607 0.305757
v -1.252305 2.455698 -0.402678
v -0.244978 1.325325 2.466386
v 1.387116 2.863950 1.098993
v 2.153404 0.033000 0.679601
v 3.572893 2.131854 2.611819
v 2.754068 0.471000 0.318828
v 1.729028 0.011189 1.689101
v -1.206043 2.453943 -0.245374
v -0.001748 2.436600 1.738950
v -0.184759 2.489250 1.141151
v 1.314793 2.489250 -0.127911
v 0.599140 2.574000 0.991038
v -0.026835 2.425606 0.480065
v 1.116368 0.066000 2.581206
v 3.636629 1.292379 2.651029
v 3.262888 2.115495 2.743392
v 0.508139 1.473000 2.963629
v 1.781513 2.358100 -0.137777
v 0.929728 3.030000 1.414323
v 1.258177 2.753125 1.055979
v 3.555637 1.791930 2.601203
v 2.149741 2.526402 1.020773
v 1.599078 1.930425 -0.402061
v -0.035329 0.324000 0.162009
v 2.860024 1.930425 1.628366
v 1.948186 1.180800 -0.543722
v 1.496037 0.048375 0.038684
v -0.325557 1.623375 0.296294
v 1.350585 1.473000 -0.616586
v -1.317233 2.243763 -0.454922
v 3.647357 1.673387 2.895380
v -0.423531 0.664800 2.227367
v 2.221270 0.220200 0.080246
v 1.584183 2.629200 1.395477
v 1.422198 2.705000 1.328963
v 1.332995 2.086200 -0.376432
v 1.352524 2.922000 1.473985
v 0.512254 0.561825 -0.480079
v -0.864598 1.013928 0.385513
v -0.542465 1.392150 -0.288132
v 1.109109 2.457750 2.680319
v 0.053335 2.477438 0.529386
v -1.508429 2.461126 -0.276351
v 3.531855 1.281623 2.429833
v 0.991484 2.526402 0.308222
v 0.791745 0.561825 3.051219
v 0.334573 0.020364 1.037944
v 2.255725 2.400000 2.144973
v 1.732632 2.430844 2.516104
v 0.647161 2.358100 2.625028
v 0.269468 0.106200 2.335298
v 0.042586 0.471000 2.597430
v 2.360335 1.776000 -0.080425
v 0.317175 2.489250 2.280179
v -0.283558 1.040225 2.498712
v 2.585874 2.489250 1.344081
v 0.650312 0.033000 0.304559
v 0.823646 2.629201 1.336705
v 3.479750 2.160126 2.482313
v 1.441704 2.663876 1.053117
v 1.074773 0.664800 3.149112
v 2.651031 2.457750 1.348854
v -1.209619 2.415170 -0.443313
v -1.466494 2.444060 -0.518375
v 1.394394 3.128851 1.228970
v 0.274554 2.457750 2.329422
v 3.716773 1.425651 2.628128
v 2.229718 0.779975 -0.406884
v 1.090598 2.753125 1.095903
v -0.934160 2.170570 -0.161571
v 2.650091 2.077200 1.919079
v 0.328840 2.526402 0.880059
v 1.422494 3.107700 1.423949
v 1.759754 2.457750 -0.084781
v -0.593638 0.905800 0.501308
v 3.491666 1.586400 2.894701
v 1.622017 1.776000 2.954822
v 1.956655 0.905800 -0.564350
v 1.864207 2.574000 1.088799
v 2.386088 0.471000 -0.110179
v 1.879434 1.776000 -0.376272
v 1.420019 0.020364 0.363861
v 1.904887 0.066000 2.393348
v -0.403860 1.325325 0.248123
v -1.245834 2.078030 -0.353310
v 3.670224 1.542510 2.837242
v 1.315261 2.400000 -0.134309
v -0.178189 2.086200 2.080009
v -0.251231 0.391875 0.342019
v 0.204176 0.033000 0.828874
v 1.366189 2.629200 0.873779
v 2.180965 0.182625 2.397257
v 0.049577 2.430844 0.527074
v 1.439604 2.863950 1.225285
v 3.095080 0.944811 2.245667
v 3.423923 1.926404 2.810759
v -1.697010 2.467932 -0.488369
v 1.730959 2.477438 2.511999
v -1.379551 2.255297 -0.133982
v 0.312730 0.391875 2.709194
v 1.107936 0.127942 -0.223364
v 1.257054 2.599801 1.770027
v 0.946416 2.922000 1.224150
v 1.776457 0.150000 -0.124131
v 2.476124 0.150000 0.463931
v 1.982255 0.020364 1.716043
v 1.045946 3.074400 1.517347
v -0.600249 1.040225 1.982726
v 3.102421 1.180800 0.793804
v 2.224498 0.033000 1.658377
v 1.708756 2.526402 2.066802
v 1.336151 3.074400 1.543026
v 3.321214 2.201718 2.456988
v 0.862745 0.011189 0.658251
v 2.040009 0.033000 1.958265
v -1.118690 2.414328 -0.318290
v 3.068223 1.325325 1.677041
v 0.810585 2.599801 1.581929
v 1.234351 3.107700 0.967895
v -0.405560 1.776000 0.578529
v 0.334208 2.430844 0.193227
v 1.164455 0.011189 1.924649
v 3.453724 1.859908 2.776258
v 0.078861 2.472006 0.777422
v 3.069443 0.561825 1.093085
v 0.799586 0.033000 2.253787
v -0.798180 1.867752 -0.269880
v 2.759643 0.669600 2.402098
v 3.392735 1.981146 2.500988
v 2.545088 2.397589 0.926584
v 3.789460 1.792284 2.620010
v 0.928572 2.472006 0.044152
v -1.419659 2.239124 -0.376789
v -0.206953 0.324000 2.097285
v 2.306842 0.033000 1.323644
v 0.584645 0.011189 0.985085
v -1.087343 1.899703 -0.350638
v 3.692736 1.953900 2.518239
v -0.363452 0.561825 0.272981
v 2.568142 0.471000 2.415377
v 1.866485 0.391875 2.844731
v -0.337484 2.237638 1.369555
v 0.275270 0.033000 1.807651
v 2.385427 2.397589 0.540242
v 2.332785 0.150000 2.211000
v 1.848333 2.472006 2.299188
v 1.421093 3.074400 1.490720
v 1.829534 2.574000 1.496213
v 1.076299 3.128851 1.359224
v 3.759202 1.559707 2.601395
v -0.325013 0.220200 1.130879
v -0.368039 2.086200 1.620615
v 1.280069 2.550051 2.053636
v 0.682548 0.085425 -0.061985
v -1.243343 2.436342 -0.381094
v -0.738578 1.040225 1.402103
v 3.031282 1.473000 0.810752
v 2.364059 0.066000 0.553076
v 1.513737 3.074400 1.121812
v 3.183440 2.204774 2.300025
v 1.794603 0.020364 1.936144
v 2.852205 0.664800 0.259884
v 1.200088 2.806800 1.438982
v -0.314875 1.376050 0.484965
v -0.222356 2.457750 1.138398
v 0.881904 2.425606 2.665574
v -1.174016 2.444759 -0.225671
v 1.316811 2.489250 -0.155470
v 0.883335 3.030000 1.219593
v -0.046362 2.457750 0.726008
v 0.844491 2.629200 1.091774
v 1.928976 0.033000 0.417954
v 1.134319 0.033000 2.336131
v 1.335446 0.324000 -0.409896
v 1.092523 3.074400 0.944226
v 3.449336 2.032101 2.858093
v 0.780922 1.325325 3.097512
v -1.645636 2.464824 -0.367569
v -0.505666 1.473000 0.537427
v 1.012039 2.922000 1.068403
v 3.483224 1.700235 2.878941
v 2.937498 0.391875 1.103792
v -0.640048 1.477396 0.270442
v 0.781464 1.473000 -0.573319
v 2.161669 1.623375 -0.296268
v -0.928567 1.492734 -0.309724
v 0.050958 0.220200 0.236692
v 1.659210 1.040225 -0.659272
v 0.897296 2.397589 -0.087125
v 2.319693 2.501305 1.153927
v -1.231739 2.414328 -0.134528
v 2.833563 2.167155 2.000249
v 3.105242 0.779975 1.685695
v 0.064615 0.066000 1.934175
v 0.562189 0.391875 -0.357480
v 1.533486 0.005511 0.975996
v 1.466925 2.574000 0.628429
v -0.509367 0.561825 1.945709
v 0.289539 0.471000 -0.296105
v 3.643101 1.495904 2.498271
v 1.059510 2.574000 0.593756
v -0.439184 0.324000 1.122516
v 3.147382 1.180800 1.385208
v -0.496860 1.776000 1.651305
v 2.091627 2.477438 2.290635
v 1.197880 2.705000 1.468438
v -0.663173 1.196595 0.597519
v -0.244923 2.358100 1.591283
v 2.535113 2.038350 2.138930
v 0.534294 0.471000 2.899925
v 2.675256 1.180800 2.508086
v 1.928577 2.477438 0.082623
v 1.629089 0.033000 0.233465
v -0.059740 2.400000 0.720516
v 2.500368 2.493187 0.719811
v 1.556964 0.182625 -0.221925
v 2.925534 1.776000 0.835946
v 1.420841 2.629201 1.587443
v 1.501052 2.978250 1.126964
v 3.667915 1.412844 2.753049
v 0.132721 0.324000 2.493291
v 3.697007 1.700235 2.531434
v -0.297739 2.237638 0.890121
v -0.602607 1.473000 1.676499
v 0.089972 0.127875 2.185731
v 1.709662 2.436600 2.459710
v 1.023828 2.663876 1.016259
v 1.906856 0.020364 0.663360
v 3.304233 1.089720 2.737126
v -0.676900 1.573930 0.080151
v -0.029569 0.791400 0.021197
v 3.210562 2.016999 2.626667
v 0.218834 1.325325 2.861823
v -0.573011 1.180800 0.509777
v 0.964445 3.030000 1.027154
v 0.769464 1.040225 3.146523
v 2.708346 2.358100 1.353052
v 1.977897 2.425606 0.002453
v 0.647854 0.127942 -0.113753
v 1.146811 2.663876 1.532467
v 0.808800 0.005511 1.148647
v 1.230795 2.705000 1.018813
v -1.626160 2.466553 -0.374984
v 0.128898 1.930425 -0.051802
v -1.067702 1.680664 -0.269969
v 2.567685 0.266925 2.076195
v 1.903260 2.550051 1.667446
v 3.199055 2.154609 2.225097
v 2.679888 0.182625 1.586253
v 0.764515 1.180800 -0.644459
v 1.925720 2.400000 2.428034
v 1.334251 2.599801 0.730707
v -0.599988 1.235700 -0.323519
v 1.307416 2.629201 1.634317
v 0.230596 0.664800 -0.394242
v 1.056858 0.779975 -0.696982
v 1.472878 0.011189 0.613933
v 1.026690 2.753125 1.199786
v 3.304390 1.125367 2.374433
v 2.099834 2.526402 1.607193
v -0.576978 0.471000 1.112424
v 3.469326 1.792016 2.838690
v 1.309316 0.005511 0.838088
v 0.479128 0.085425 2.438713
v 0.938606 3.107700 1.223612
v 1.320544 2.436600 2.552415
v 0.580342 2.472006 0.188063
v 1.018981 2.806800 1.229376
v -1.364888 2.359379 -0.519994
v 2.695428 0.905317 2.524717
v 2.462900 0.127875 2.011732
v 1.120235 3.128851 1.396589
v 2.301828 2.477438 0.332417
v 1.362060 2.753125 1.119886
v 1.879521 0.011189 1.085151
v 2.658806 0.106200 1.349423
v 0.628962 0.011189 1.595218
v 0.962217 2.663875 1.088523
v -1.513321 2.464824 -0.582649
v 0.450777 2.425606 2.484798
v 0.593055 2.550051 1.764198
v 1.451424 3.107700 1.101437
v 0.955796 0.011189 1.873318
v -0.283613 2.086200 0.628598
v 1.129137 2.863950 1.034287
v -0.922405 1.913336 0.038819
v 1.044444 2.705000 1.096571
v -1.430000 2.449536 -0.202080
v 1.351394 1.930425 2.932570
v 2.719483 0.182692 1.134128
v 3.509795 1.717295 2.655774
v 3.738334 1.981397 2.588558
v 0.880017 2.457750 -0.159652
v 0.265849 0.048375 2.038364
v 2.451102 0.066000 1.751416
v -0.647589 1.585512 -0.256761
v 0.095029 2.425607 2.181494
v 0.434642 0.150000 -0.018161
v -1.567153 2.444060 -0.354754
v 0.050745 1.623375 -0.145074
v 3.348893 2.016999 2.401811
v 2.637663 0.220200 1.828014
v 0.759324 0.905800 -0.666249
v 3.462441 1.630291 2.709415
v 1.148605 2.550051 0.433615
v 3.557481 2.056500 2.435032
v 0.060706 0.182625 2.210253
v 1.918251 2.457750 2.415598
v 1.605028 2.629201 1.150546
v -0.437644 0.791400 0.684526
v 1.083135 0.471000 3.034940
v 2.895069 0.905800 0.234139
v 2.455510 2.425606 2.007186
v 2.409424 0.085425 1.978835
v 1.412354 2.978250 1.480256
v 2.115684 2.400000 0.202238
v 2.306009 0.106200 2.188494
v -1.679767 2.472527 -0.536806
v -1.064760 1.676670 0.204802
v 1.173396 3.128851 1.418958
v -1.572584 2.457053 -0.588032
v 3.632834 1.613093 2.523655
v 3.659195 1.321128 2.539872
v 0.490951 0.664800 3.005492
v 0.322454 2.457751 2.274079
v -0.688279 1.325325 1.398021
v 1.393300 2.753125 1.170750
v 1.439149 2.705000 1.260083
v 1.341345 0.150000 -0.234177
v 2.551918 0.066000 1.341594
v 2.050720 2.086200 2.636152
v 0.668920 2.457750 2.572032
v -1.511157 2.466552 -0.561922
v 1.345539 0.471000 -0.547689
v -0.695537 0.905800 1.698639
v 2.398746 2.400000 0.532243
v 1.520894 2.550051 1.996261
v 1.086562 2.806800 1.391194
v 1.498947 3.030000 1.072929
v 1.113413 2.400000 2.621560
v 0.276469 2.425607 0.124317
v 2.363359 0.048375 0.775616
v 3.744105 1.542510 2.717147
v 3.543495 1.887588 2.916019
v 3.169692 0.905800 1.386842
v -1.620587 2.440949 -0.336089
v 2.460047 2.236650 2.092750
v -0.115764 2.477438 0.932665
v -1.674948 2.470049 -0.482522
v -1.442904 2.460439 -0.231415
v 2.067997 0.324000 2.664916
v 0.192516 1.040225 2.904603
v 0.177784 2.489250 0.346464
v 2.802104 2.132100 2.470487
v 0.806658 1.776000 -0.467571
v 1.994032 0.150000 2.505413
v 1.069705 2.863950 1.070847
v 2.868158 0.779492 2.261044
v 0.866680 2.358100 -0.215634
v 0.095890 0.150000 0.276252
v 1.922417 2.489250 2.422535
v -0.446641 1.040225 0.221804
v 3.318501 1.325688 2.693070
v 2.523126 2.436600 1.137418
v 1.340266 2.237638 2.795447
v 2.495352 0.182625 2.031697
v 1.778362 0.033000 2.182692
v -1.483821 2.422665 -0.292114
v -0.973043 1.940940 -0.377569
v 0.360677 0.324000 -0.177665
v 0.913841 2.978250 1.173575
v 1.432120 0.005511 0.889618
v 2.117382 0.085425 2.321374
v 1.409693 2.806800 1.257875
v -0.163597 2.400000 1.142701
v 0.567305 0.048375 2.295381
v 1.023497 2.806800 1.289092
v -0.979153 1.106070 0.186021
v 0.339387 0.066000 2.254516
v 3.556020 1.410372 2.476400
v -0.174363 1.623375 2.407217
v -1.531284 2.416187 -0.249721
v 0.683194 2.489250 2.537268
v 1.389669 3.128851 1.284567
v 1.632670 2.501305 2.270687
v 2.519947 0.085425 0.711836
v 1.614332 2.629201 1.272923
v 3.062772 0.871877 2.588581
v 1.489765 2.599801 0.795915
v -0.408198 1.437911 0.245454
v -0.029569 1.233600 0.021197
v 3.371455 1.959641 2.725647
v -0.778769 0.901004 0.185101
v -0.120070 2.430844 0.931658
v 2.420228 2.477438 1.985481
v 1.368733 1.325325 3.146241
v -1.218142 2.363051 -0.465696
v 1.016320 2.978250 1.006995
v 2.764799 0.266925 1.606104
v 1.899133 2.436600 0.130485
v -1.491193 2.438176 -0.223067
v 0.895179 2.489250 -0.096010
v 3.166060 1.125368 2.599290
v -0.325394 0.471000 2.168424
v 1.895360 0.011189 1.293508
v 1.059235 2.663875 1.495745
v 2.430422 2.436600 0.748301
v 2.266092 0.048375 1.890657
v -1.195434 1.883112 -0.238848
v 2.654428 0.664800 2.490060
v -0.812068 1.576080 -0.366264
v -0.109714 1.776000 0.097627
v 1.355920 1.180800 -0.689420
v 1.558154 2.629201 1.037121
v 1.916421 0.561825 2.967330
v -0.726270 0.779975 1.401104
v 2.636285 2.425606 1.576059
v 1.917721 2.397589 2.414716
v 1.067412 1.623375 -0.566924
v 2.577803 2.457750 1.343490
v 2.003602 2.550051 1.428146
v 1.281863 2.663876 0.954784
v 1.338076 2.753125 1.391348
v 2.271718 2.489250 2.158815
v -1.675127 2.458423 -0.533952
v 1.325111 2.477438 2.608689
v 1.444697 2.922000 1.105438
v -1.644308 2.467932 -0.574036
v 0.243693 0.561825 2.821415
v 0.891353 2.477438 2.625154
v -0.153419 0.150000 0.681505
v 1.304036 2.501305 2.348981
v 1.503179 2.663876 1.311152
v 0.719918 2.526402 0.420449
v 0.989525 2.705000 1.227168
v 1.601108 0.005511 1.086027
v -0.474607 1.930425 1.380682
v 1.536500 3.074400 1.217357
v -0.208537 0.561825 2.435852
v 0.899047 2.493187 2.592244
v 2.281431 0.033000 0.989398
v 2.653060 2.219094 2.283696
v 2.805649 2.052531 2.067610
v -1.377695 2.420461 -0.226826
v -0.828501 1.664766 0.128262
v -0.404605 1.364472 -0.173169
v 1.361262 1.623375 3.054175
v 1.113534 2.806800 1.075680
v 2.805553 0.266925 1.114500
v 1.735018 2.489250 -0.024536
v 3.438195 1.908688 2.694499
v 1.007581 3.074400 0.996531
v 0.925495 2.663876 1.176099
v 3.593401 2.102329 2.499396
v 3.363086 1.228440 2.805032
v 1.994032 0.150000 2.505413
v 0.860330 0.005511 1.025843
v 1.342113 2.806800 1.096057
v 1.104840 0.182692 -0.261520
v -0.027261 0.106200 1.989359
v 0.184659 2.397589 0.352414
v -1.585429 2.466030 -0.319095
v 2.805295 0.830400 2.430183
v 3.017487 0.779975 0.509183
v -0.191537 1.473000 0.026807
v 1.171620 2.599801 0.717225
v 3.562747 1.292379 2.771123
v 2.796713 2.086200 0.866637
v 2.154455 2.501305 1.821979
v 2.656891 0.152667 0.899948
v 1.531378 2.397589 2.574377
v 1.358969 2.863950 1.416404
v 2.386309 2.457750 0.539712
v 1.326653 2.493187 2.627693
v 2.582094 0.150000 1.805746
v -0.945005 1.392150 0.366199
v -0.157200 2.489250 1.143170
v 2.482710 2.477438 0.727003
v -1.230273 2.455176 -0.408520
v -1.614672 2.417369 -0.496760
v -0.596213 1.623375 1.390550
v -0.105505 2.237638 0.431668
v 1.353901 0.664800 -0.661861
v 0.156956 2.489250 0.328437
v 1.323763 2.358100 -0.250383
v 2.895387 2.229664 2.360568
v 3.318854 1.981146 2.621081
v -0.673747 1.180800 1.693447
v 0.725222 2.599801 1.442847
v 2.274064 2.086200 0.019251
v 0.303128 2.477438 0.156135
v 2.619476 0.085425 1.129600
v 1.659813 0.011189 0.728934
v 1.189189 2.978250 0.935108
v 3.112530 2.043902 2.256402
v 2.792126 0.561825 2.214270
v -0.244987 2.425606 1.362049
v 0.480488 1.180800 3.030973
v 2.870637 0.471000 1.923669
v 1.525298 2.477438 -0.086476
v 1.263069 2.574000 0.578280
v 0.472019 0.905800 3.051601
v 1.512479 2.436600 -0.031643
v 2.106220 2.457751 0.213172
v 2.934340 1.473000 1.949824
v 3.352899 2.165976 2.351441
v 2.009054 0.220200 2.566779
v 1.104911 2.358100 2.737635
v 1.361391 2.705000 1.073732
v -1.551663 2.456095 -0.319719
v -1.002881 2.280750 -0.261536
v 2.595740 2.358100 1.810802
v 0.895188 0.005511 1.511255
v 1.354171 0.391875 2.966786
v 1.384230 2.705000 1.390680
v 1.228993 3.128851 1.423682
v 0.994905 2.863950 1.192435
v 3.552353 1.685553 2.921468
v 2.349813 2.472006 1.709829
v 1.329394 2.477438 2.661467
v 0.994750 2.705000 1.295941
v -1.138368 1.492734 0.031309
v -0.149129 2.457750 1.143761
v 1.007833 2.629201 0.899809
v 2.486816 2.430844 0.725331
v 0.128541 2.457750 0.303843
v 3.777031 1.792371 2.737403
v -0.081090 1.930425 2.329064
v 2.461513 0.779975 2.732080
v -0.006133 0.266925 2.266257
v 3.028924 1.040225 0.504525
v 1.924719 2.501305 2.091438
v -0.032839 0.779975 -0.244829
v 2.656240 2.237638 0.656323
v 2.874621 0.617800 2.182247
v 2.450951 0.048375 1.143275
v 1.669350 0.905800 3.153500
v 1.097675 2.978250 0.956910
v -1.185310 2.435402 -0.396930
v -0.826307 1.521780 0.280050
v 0.870520 2.629201 1.450130
v 3.499648 1.854862 2.649532
v 2.608994 2.038350 2.018836
v 1.938521 2.493187 0.066460
v 1.066769 2.806800 1.115850
v 3.021930 0.561825 1.666218
v 1.140234 2.806800 1.424212
v 0.917902 2.663876 1.267682
v 1.745481 2.489250 -0.050017
v 1.466137 2.501305 0.166580
v 3.238493 1.202280 2.696683
v 2.582094 0.150000 1.805746
v 1.647752 1.325325 -0.610260
v -1.358341 2.460000 -0.517457
v 2.978515 1.623375 1.656068
v -0.054036 2.477438 1.760248
v -1.478535 2.400000 -0.309103
v -0.152337 0.648950 0.220758
v 1.631178 0.471000 2.993276
v 3.509786 1.959641 2.500790
v 1.071121 0.905800 3.198980
v 1.021095 2.705000 1.359681
v 2.295953 0.324000 -0.006040
v 0.247710 0.182625 0.089995
v -0.034226 0.127875 0.475519
v -1.142971 1.797000 0.124865
v 2.250890 2.489250 2.140788
v 2.595865 2.477438 1.566610
v 1.233813 2.922000 0.975704
v 3.447346 1.613093 2.825168
v 1.343463 0.266925 2.834841
v 1.357554 0.905800 -0.711729
v 1.548273 0.127875 -0.184747
v 1.077281 1.930425 -0.445318
v 3.465425 1.540544 2.628479
v 2.416935 2.489250 0.521318
v 2.489606 2.436600 1.541767
v -0.847137 1.797000 -0.356016
v 2.152206 2.425607 2.362934
v 2.474087 2.397589 1.760854
v 1.483741 3.107700 1.179442
v -0.263442 0.905800 -0.035429
v 0.768862 0.011189 1.758317
v 1.062486 2.629200 1.613472
v 0.870841 2.574000 0.671726
v 2.592272 2.400000 1.344550
v 1.844029 0.011189 1.502166
v 1.369439 2.663875 0.991506
v 1.287213 2.753125 1.422588
v -1.126230 2.413989 -0.196274
v 0.312990 2.400000 2.285014
v 0.472482 2.477438 2.449516
v 0.085224 2.358100 0.266351
v -1.239773 2.124300 -0.013979
v 1.150154 3.107700 0.974222
v 2.858155 2.034537 2.337663
v 2.139135 0.471000 2.783357
v 2.982186 1.325325 0.523561
v 2.055461 2.436600 2.247473
v 3.362721 0.954870 2.410317
v 1.561995 2.358100 2.702885
v 0.337048 2.477438 0.196616
v 1.067283 2.705000 1.413519
v -1.172255 2.400000 -0.265975
v -0.948261 1.760016 0.148262
v 0.642437 2.574000 1.587122
v 3.045109 2.204774 2.524882
v 1.096555 2.863950 1.435081
v 1.799712 0.011189 0.892034
v 0.938899 2.663876 1.355814
v -1.425248 2.450913 -0.241949
v 2.209840 1.325325 -0.374572
v 0.256658 2.526402 1.173482
v 1.170497 2.753125 1.431273
v 2.932036 2.034537 2.217569
v 1.529627 2.493187 -0.104993
v 0.011739 2.489250 1.965934
v 1.731565 2.397589 -0.016125
v 2.377929 1.623375 2.632325
v 1.022882 2.863950 1.125844
v 3.047615 1.005823 2.579257
v -1.314704 2.438176 -0.509951
v -0.058142 2.430844 1.761920
v 1.516637 2.629200 1.505274
v 1.098738 3.128851 1.105588
v 3.592055 1.859908 2.551402
v 1.537740 3.030000 1.166577
v 3.247333 2.201718 2.577082
v 0.286236 2.472006 0.440332
v 1.565929 0.011189 1.829000
v 0.779115 2.574000 1.746467
v 2.393246 2.489250 0.535545
v 3.381214 1.053460 2.659445
v 2.717883 0.220200 0.885417
v 0.494273 1.325325 -0.524224
v 3.372661 1.343416 2.571411
v 0.521819 0.020364 1.823892
v 2.225227 0.066000 2.118576
v 1.416635 2.922000 1.418849
v 3.629685 2.078144 2.729530
v 0.908444 3.030000 1.118183
v -1.373009 2.422666 -0.472238
v -1.408153 2.363050 -0.156833
v 0.996554 0.005511 1.597633
v 2.673661 2.425606 1.125202
v 1.319565 2.457750 -0.193068
v 0.905819 2.978250 1.268774
v 0.870660 0.152667 -0.198928
v 1.072755 1.180800 3.176671
v 1.630620 0.005511 1.209903
v -0.741018 0.905800 1.100409
v 1.102149 2.663876 0.968188
v 1.098281 2.705000 1.050384
v 2.198078 0.664800 2.881493
v 2.896642 1.623375 0.558405
v 1.404846 2.663876 1.470992
v 0.324834 2.493188 0.182040
v 3.119823 0.664800 1.383190
v -1.201741 2.433855 -0.287645
v 3.074961 0.741002 2.233289
v 2.800740 0.617800 2.302341
v -0.208989 0.220200 0.659237
v 3.300874 0.933482 2.527248
v 2.726413 2.237638 1.597130
v -1.298724 2.446619 -0.212917
v 1.656407 0.779975 -0.647279
v 2.549933 0.106200 1.791994
v 3.198107 2.019282 2.381253
v 2.184982 0.561825 -0.334164
v 2.437097 1.325325 2.702940
v 0.665968 0.106200 2.579222
v 0.952190 2.978250 1.082355
v 1.680541 2.472006 0.108149
v 0.888766 2.489250 -0.122928
v -0.487862 0.747589 0.196445
v -1.184850 2.255297 -0.450469
v 2.024347 2.550051 1.177894
v 1.960070 0.106200 2.485224
v 1.894380 0.471000 -0.412674
v 0.377954 2.086200 -0.148900
v 1.533495 2.489250 2.583262
v -1.634626 2.460388 -0.419562
v 0.035428 2.489250 1.951706
v -0.408589 1.189200 -0.261213
v 1.795261 0.182692 2.636457
v 2.542744 2.457750 1.789043
v 1.141069 0.020364 0.340734
v -1.203180 2.400000 -0.347519
v 0.475236 1.040225 -0.570961
v 2.956750 0.944811 2.470524
v 2.009076 0.048375 2.192114
v 0.446419 0.020364 0.771208
v 0.938909 2.599801 1.691336
v 1.382283 2.806800 1.142822
v -1.428239 2.456095 -0.520346
v 0.499698 0.033000 2.069298
v 3.677777 2.064935 2.604137
v 2.720228 1.776000 0.339153
v 0.892174 3.074400 1.269894
v 1.466457 2.663875 1.398728
v 0.373213 2.436600 0.239779
v 0.856129 0.220200 -0.259920
v -0.676567 0.779975 0.801556
v 0.691227 2.400000 2.517702
v 0.814342 2.629201 1.214329
v 1.151975 2.922000 0.981866
v 2.702792 0.779975 -0.003551
v 1.413559 2.599801 1.732741
v 1.034281 3.128851 1.258281
v 1.129000 2.705000 1.451487
v -1.331970 2.435402 -0.158534
v -1.128864 2.280750 -0.056750
v 3.539446 2.064935 2.828994
v -0.314555 0.324000 0.615894
v -0.155145 2.430844 1.354758
v -0.718686 1.106070 -0.237370
v 2.743229 0.324000 1.871358
v -0.032097 0.664800 2.683717
v 2.469423 1.040225 2.741521
v 1.649559 2.574000 0.740784
v -1.370035 2.461125 -0.501310
v -1.014713 2.124300 -0.379816
v 2.404591 2.237638 0.246312
v 3.416567 1.527737 2.753400
v 1.320738 0.127942 2.710616
v 1.740738 2.599801 1.200909
v 2.553973 2.489250 0.924468
v 0.944933 3.107700 1.307809
v 0.309864 1.776000 -0.262265
v -1.552198 2.424493 -0.377996
v 1.816549 0.266925 2.722132
v 1.539908 2.489250 2.610179
v 0.506257 2.489250 0.064716
v 1.762706 0.106200 -0.091971
v -1.059623 1.462500 0.271837
v 2.488414 2.400000 1.766736
v -0.780231 1.364472 0.437415
v 2.963987 0.471000 0.826785
v 1.481967 0.005511 1.562774
v 2.291382 2.501305 1.495425
v -1.611024 2.442737 -0.559961
v -0.246582 1.180800 -0.020835
v 1.372812 0.011189 1.908810
v -0.479143 1.012500 0.751983
v 1.548657 2.457750 2.646903
v 3.124225 2.019282 2.501347
v 3.731400 1.905176 2.792104
v 1.746126 0.085425 2.549236
v 1.185040 2.629201 1.643620
v 0.772267 0.779975 3.134530
v -0.645875 1.473000 1.107378
v 1.103205 2.430844 -0.125856
v -1.362588 2.455176 -0.193441
v 2.299776 1.930425 2.539053
v 1.188069 3.074400 0.921463
v -1.133411 1.990710 0.074843
v 3.003272 0.715434 2.344165
v 3.341419 2.160126 2.707169
v -0.252653 0.127942 1.350027
v 0.829561 0.324000 -0.371436
v 1.061374 3.128851 1.149524
v -0.020578 2.457751 1.985344
v 0.548992 2.574000 1.194894
v 0.042365 2.457750 1.947539
v -0.441962 0.471000 0.563583
v 3.393099 1.439121 2.666756
v 1.243634 2.629201 0.843631
v 2.115944 0.391875 -0.221943
v 2.546090 2.457750 0.926346
v -0.909495 1.260234 -0.204316
v 0.952689 2.629200 1.545926
v 3.298346 2.010672 2.733505
v 1.937724 0.664800 -0.518240
v 1.124638 2.501305 0.138270
v -0.386768 0.391875 1.895773
v 1.361905 2.806800 1.371401
v 1.801640 2.237638 2.685528
v 2.875893 1.180800 0.245657
v 1.100311 0.085425 -0.161514
v 2.829399 0.324000 0.858850
v 0.529116 1.623375 -0.438679
v 0.492029 2.489250 0.041028
v 1.520230 3.030000 1.369069
v 3.554898 1.527737 2.528543
v 2.327478 2.436600 1.928421
v 1.468564 0.033000 2.310720
v 0.497785 2.430844 2.408386
v -0.045413 2.397589 0.726398
v -0.123244 0.066000 1.145657
v 1.035374 2.753125 1.316501
v 2.604439 2.197800 1.890994
v -0.860614 1.189200 0.473557
v 3.499012 2.131855 2.731914
v -0.107335 0.391875 2.351055
v 1.332760 2.425606 2.702950
v 0.210490 2.436600 2.084749
v -0.153419 0.150000 0.681505
v 3.005652 0.471000 1.374827
v -1.261247 2.269216 -0.061202
v -0.141620 2.425606 1.795922
v -1.299662 2.455806 -0.199649
v -0.405720 2.086200 1.124967
v 3.024887 1.623375 1.096701
v 0.706547 0.066000 2.480390
v 2.976203 0.664800 1.967012
v 1.103563 2.477438 -0.121438
v 3.273119 1.238540 2.592946
v 1.853535 1.930425 2.812938
v -0.010038 2.086200 0.183899
v 2.478798 1.180800 -0.217293
v 2.413810 2.472006 0.957860
v 2.560222 2.400000 0.922979
v 1.657746 0.664800 3.104792
v 3.427424 2.061630 2.365588
v 1.228586 2.806800 1.048269
v -1.580764 2.453647 -0.294829
v 1.108130 2.436600 -0.065163
v 3.370531 1.410372 2.777913
v 3.092540 2.055024 2.606894
v 1.323834 0.182692 2.748771
v 1.531617 2.457750 2.575379
v 2.813289 1.473000 0.283258
v 2.475036 2.457750 1.761243
v 0.121832 0.033000 1.163607
v 1.528113 3.074400 1.316758
v -0.678372 1.462500 -0.347890
v -0.040749 1.040225 -0.254269
v 1.047014 3.128851 1.311730
v 3.456831 1.325688 2.468213
v 1.618089 2.599801 0.905322
v 0.479895 0.779975 -0.559524
v 0.502954 2.400000 0.059217
v 0.952577 2.922000 1.305988
v 1.482259 2.922000 1.263101
v 2.094102 0.020364 1.449307
v 1.239485 2.978250 1.552143
v 0.503955 2.501305 0.395813
v 0.366524 2.501305 1.954008
v -1.344002 2.436341 -0.217473
v -0.688560 1.040225 0.798752
v 2.625209 0.106200 0.907496
v 1.141461 2.753125 1.064663
v -1.019111 2.031948 0.047912
v 2.738272 2.031636 2.181139
v 2.159206 0.106200 0.151954
v 1.163146 2.863950 1.463058
v -0.150726 2.477438 1.354400
v 2.903281 1.930425 1.106569
v 0.204851 0.905800 -0.437106
v 1.956056 2.457751 2.478541
v 2.111499 2.489250 0.207072
v 1.102021 2.493187 -0.140442
v 3.403256 1.365750 2.840312
v -0.131548 2.400000 1.564272
v -0.094452 2.436600 1.349833
v 2.142438 2.472006 2.046920
v -1.057316 1.459204 -0.153879
v 2.181711 0.150000 0.125178
v -1.586149 2.470663 -0.582532
v 3.599897 1.992474 2.471692
v 0.890934 3.030000 1.320674
v -1.473927 2.440949 -0.574485
v -0.178495 0.182692 1.824549
v 1.568345 0.005511 1.461408
v 1.840783 2.526402 0.519850
v 2.580891 2.489250 0.918055
v -0.437644 1.233600 0.684526
v 0.741919 0.020364 2.011544
v 0.959528 3.107700 1.139135
v -1.266884 2.420460 -0.406950
v 2.809646 2.072765 2.432860
v 3.703150 1.792370 2.857497
v 0.024083 2.237638 2.240939
v 2.632178 2.477438 1.128569
v 1.550467 0.106200 2.654497
v 1.059941 1.325325 -0.658990
v 1.557833 2.574000 1.815526
v 1.240606 3.074400 1.565789
v 1.423675 2.863950 1.158425
v 3.489722 1.089720 2.435613
v 0.443028 2.358100 -0.040555
v 1.682346 0.048375 2.392648
v 1.006180 3.107700 1.063303
v -0.537608 1.776000 1.115307
v 0.693656 2.489250 2.511787
v -1.207441 2.455806 -0.349554
v 2.783649 1.930425 0.604427
v 0.203447 0.066000 0.368675
v -1.203517 2.452202 -0.295140
v 3.197339 0.828728 2.380781
v 2.292085 0.085425 0.340581
v 2.985271 2.154609 2.572603
v -0.488971 1.013928 -0.225070
v 0.434642 0.150000 -0.018161
v 2.534179 2.237638 2.055583
v -0.071694 2.493187 1.767440
v 2.442373 2.472006 1.333571
v 1.304282 2.472006 0.015590
v 1.113587 2.753125 1.407395
v -0.050124 1.180800 2.704544
v 0.837348 2.086200 -0.338751
v -0.069844 2.358100 2.014934
v 1.085211 0.266925 -0.347590
v -1.356571 2.416187 -0.533717
v 0.419621 0.220200 -0.079528
v 2.950056 0.883500 2.228654
v 2.838929 2.104470 2.003551
v -0.227565 2.237638 1.830929
v 2.449252 2.457751 0.501907
v 3.466980 1.439121 2.546662
v -1.629141 2.470049 -0.556980
v -0.232887 0.988905 -0.155619
v -0.264170 0.266925 1.845838
v 1.087329 0.150000 2.721428
v 2.418950 2.197800 2.192507
v 1.558015 0.152667 2.686180
v 1.489775 2.663876 1.131438
v 1.407579 2.705000 1.127570
v -0.819512 1.793546 -0.007584
v 0.586605 0.324000 2.772518
v 2.598404 2.493187 1.131310
v 0.893690 2.400000 -0.102259
v 0.272231 0.127875 0.119260
v 1.055859 1.040225 -0.709290
v -1.261407 2.366722 -0.102535
v 2.635627 0.324000 0.389966
v 0.876033 2.599801 0.839874
v -0.436172 0.779975 0.228244
v 0.903376 2.477438 2.573727
v -0.214035 0.127875 0.909690
v 0.962537 2.501305 2.320671
v 1.137289 3.030000 0.920223
v 2.509765 1.930425 0.158187
v -0.190802 0.085425 1.357652
v 3.522280 1.166647 2.663455
v -0.263465 0.150000 1.116617
v 0.564467 2.574000 1.398452
v 3.455095 1.053460 2.539351
v 0.986970 2.663876 1.434135
v 2.576777 2.397589 1.343415
v 2.619780 2.167155 2.347756
v -0.203504 2.477438 1.358683
v -1.276560 2.446130 -0.171592
v 1.276699 2.922000 1.505385
v 1.320135 0.106200 -0.200843
v 1.095914 2.425606 -0.215699
v 1.314127 2.397589 -0.118815
v 2.464003 0.324000 2.325242
v 1.074504 0.391875 -0.479535
v 1.050567 2.753125 1.142876
v 1.087329 0.150000 2.721428
v 2.300133 2.457750 2.183408
v 3.146523 1.072202 2.671804
v 3.347000 1.238540 2.472852
v 0.490154 2.493187 2.420791
v 1.982444 0.127875 -0.004937
v -1.568663 2.446546 -0.513373
v 1.066615 2.753125 1.367365
v -0.640768 0.561825 1.394166
v 2.548744 2.430844 1.555593
v -0.008423 1.325325 -0.215689
v 0.323125 2.397589 2.273304
v 2.673597 2.358100 0.895968
v 1.835619 2.550051 0.723054
v 2.156443 0.127875 2.367991
v 2.211651 2.237638 2.433879
v 1.325470 2.430844 2.613108
v -0.911021 2.048538 -0.063879
v 3.517786 1.792150 2.910769
v 2.579400 2.477438 1.132852
v 0.278933 2.526402 1.466478
v 1.461952 2.922000 1.345186
v 2.537491 0.220200 0.448909
v 0.897057 2.457750 -0.088127
v 0.693765 2.550051 0.622344
v 1.476484 2.978250 1.404896
v -1.191929 1.726248 0.038729
v 3.724062 1.999113 2.704817
v 0.635983 2.501305 2.183744
v -0.022277 0.048375 1.343976
v 0.916195 2.436600 2.518894
v 0.677741 2.477438 -0.073787
v 2.053274 0.020364 0.901916
v 1.165605 2.574000 1.908971
v -1.367308 2.455699 -0.215740
v 3.576440 1.184375 2.541795
v 3.034470 2.023721 2.363358
v 2.520807 0.066000 0.932369
v 2.118810 1.776000 2.749516
v 0.029929 2.400000 1.955009
v -0.169730 2.493187 1.355942
v 1.776457 0.150000 -0.124131
v 0.701418 2.599801 1.123712
v 1.259803 2.806800 1.434466
v 2.129526 2.489250 0.186245
v 1.619874 0.005511 1.338604
v 3.252500 1.146000 2.747567
v 2.945131 0.669600 2.100585
v 1.936645 2.489250 2.446223
v 2.244015 2.397589 2.134837
v 2.321766 0.391875 2.565298
v -0.938957 2.152441 -0.290595
v 2.912750 0.881258 2.527989
v 1.636930 0.561825 -0.563967
v 1.798726 0.220200 -0.179700
v 2.379098 2.430844 1.960178
v -1.551723 2.425227 -0.458034
v -1.066546 2.269216 -0.377690
v 1.041559 2.863950 1.388258
v 1.284388 2.978250 0.943130
v -1.090406 1.339488 0.180707
v 2.720437 2.239989 2.170167
v 2.617615 2.457750 0.909305
v 2.507980 2.489250 1.774769
v 1.113987 0.048375 0.007012
v 1.599113 0.324000 2.858687
v -1.026438 2.285389 -0.134883
v 1.086019 1.776000 2.995571
v 1.525594 0.066000 2.550095
v 3.167411 2.165976 2.652955
v 1.034014 3.107700 1.451783
v -1.249323 2.452202 -0.220681
v 1.829365 2.086200 -0.254325
v 0.101196 2.436600 0.558830
v 3.777324 1.900130 2.665378
v 1.556046 0.020364 2.082563
v 0.122665 0.106200 0.298757
v 0.311446 0.020364 1.316894
v 2.607169 0.182692 0.662702
v 1.381660 3.128851 1.175521
v 0.662041 2.425606 -0.112332
v 0.246963 0.150000 2.362073
v 3.483835 2.010673 2.431992
v 0.043247 2.397589 1.947009
v 1.109847 3.107700 1.498434
v 3.638994 1.900130 2.890235
v 2.332785 0.150000 2.211000
v 2.174704 1.473000 2.842577
v -0.103075 2.477438 1.780222
v -1.171982 2.446130 -0.341584
v 2.893364 0.391875 1.636161
v 0.108981 2.501305 1.333324
v 1.266652 2.705000 1.463213
v 3.098536 1.048973 2.485544
v -0.064717 0.905800 2.721405
v 1.953438 1.040225 3.058212
v 2.460771 0.664800 -0.196465
v 2.681327 0.127942 1.137225
v 2.406564 0.561825 2.666500
v 3.785688 1.673387 2.670523
v 1.464230 3.030000 1.460098
v 0.860833 2.237638 2.755702
v 2.498518 2.358100 0.472317
v 3.429318 1.495904 2.845778
v 1.375608 2.978250 0.981479
v 1.238393 2.663876 1.540060
v 1.315897 2.922000 0.996011
v 0.914937 3.074400 1.365440
v 3.036330 0.938850 2.614581
v -1.669440 2.442736 -0.465007
v 0.510424 2.457750 0.071653
v 2.218184 2.436600 0.402502
v 1.572546 0.220200 2.747171
v 2.832289 2.191436 2.446790
v 1.766633 2.425606 2.599583
v -1.218980 1.940940 0.022202
v -1.522784 2.359379 -0.263332
v 0.629948 0.220200 2.666951
v -0.188940 2.457750 1.577946
v -0.116414 2.397589 1.560667
v 1.378107 2.753125 1.344375
v 3.075504 0.664800 0.800217
v 0.903081 0.066000 -0.062844
v 0.587892 2.526402 1.967401
v 0.766627 2.599801 0.968198
v -1.125979 2.152440 0.013411
v 1.291385 3.030000 1.567029
v 2.603037 1.623375 0.080034
v 1.371935 0.005511 1.630396
v 0.529541 2.436600 2.356766
v 0.634071 0.020364 0.551107
v -1.241833 2.433855 -0.222474
v -0.431350 1.930425 0.858885
v 3.124212 0.905800 0.788613
v 1.232678 2.863950 1.468893
v 1.114473 2.457750 2.607092
v 3.419547 1.946432 2.600255
v 3.609411 1.926403 2.509245
v 2.338702 0.127875 0.301520
v 3.123458 0.828727 2.500875
v 3.154944 0.779975 1.086147
v 2.712287 2.086200 1.858654
v 0.137292 2.501305 0.991826
v 3.438109 1.184375 2.766653
v 3.481755 1.791930 2.721297
v 2.679906 0.391875 2.145233
v 1.099280 2.477438 -0.174215
v 0.633413 0.182692 -0.149206
v 1.934401 1.325325 3.011475
v 2.343450 2.358100 2.220900
v -1.636833 2.462115 -0.510393
v 0.183884 2.457751 0.351743
v -0.134282 2.493187 0.928336
v 1.287470 3.074400 0.929850
v 3.602003 1.712401 2.557522
v 1.576815 0.266925 -0.306836
v -0.047450 0.150000 2.023320
v 0.711495 2.574000 0.808404
v -1.480498 2.424493 -0.494547
v 0.967242 3.074400 1.450382
v 2.763606 0.750000 2.446803
v 0.011930 1.012500 -0.046260
v 2.062150 2.501305 0.533243
v 2.464603 2.077200 2.220592
v 2.533928 2.236650 1.972656
v 1.490068 3.107700 1.263639
v 0.381767 0.266925 2.596973
v -0.466395 0.905800 2.253112
v -0.269222 1.368681 0.001647
v 3.475715 1.146000 2.384730
v 1.006476 2.705000 1.158288
v 2.570294 2.425606 0.691329
v 0.960110 0.033000 0.176531
v 0.549153 0.011189 1.402101
v 2.017631 2.472006 0.315525
v 1.514833 2.978250 1.313677
v -0.230132 0.106200 1.137828
v 2.455935 0.106200 0.497893
v -0.091273 0.085425 1.775415
v 2.815443 0.391875 0.591478
v -0.152217 2.489250 1.569197
v -1.209195 2.400000 -0.205927
v 1.088894 3.030000 1.549518
v 1.088408 2.237638 -0.308195
v 0.446230 0.127875 2.492189
v 3.263312 1.999044 2.504140
v 0.880402 0.127875 2.671998
v 1.199682 3.128851 1.063569
v 1.930889 2.430844 0.078865
v -0.773592 1.339488 -0.334276
v -0.535313 0.471000 1.660467
v 3.116953 1.325325 1.089230
v 0.687936 2.599801 1.286343
v 3.578443 1.425651 2.852984
v 1.731954 2.457750 -0.017073
v 0.612125 0.266925 -0.234881
v 0.946708 0.005511 0.924477
v -1.622212 2.417029 -0.374744
v 2.867858 0.324000 1.364735
v 0.126846 2.477438 2.154834
v -0.868094 1.053920 -0.037470
v 1.475985 2.629200 0.941326
v 3.172369 2.094066 2.208680
v 3.017778 2.191436 2.145277
v 2.002408 0.182625 -0.037389
v 0.490562 2.526402 0.617180
v 1.339780 3.030000 0.937733
v -0.887475 1.990710 -0.324929
v 3.766136 1.685553 2.573961
v 1.004999 2.863950 1.328826
v 1.364878 0.561825 3.098731
v 2.046907 0.266925 -0.109722
v 2.562956 2.493187 1.558916
v 1.352375 3.128851 1.128027
v -0.964404 1.585512 0.258223
v -1.103511 2.366722 -0.359196
v 0.851859 0.266925 2.794087
v 1.738152 2.493187 2.529656
v -1.419144 2.453646 -0.557544
v 2.105549 2.397589 0.213948
v 1.488058 3.074400 1.412017
v 1.405793 2.863950 1.361408
v -1.231601 2.452068 -0.202053
v 2.531750 2.477438 0.707029
v 1.055862 0.011189 0.578442
v 1.033750 2.806800 1.169522
v 1.326525 2.663876 1.519063
v 0.790516 2.550051 1.932549
v 1.330393 2.705000 1.436867
v 2.712232 1.040225 -0.011461
v 2.692844 0.266925 0.641414
v -0.588813 0.779975 1.978068
v 0.311292 0.085425 0.165878
v -0.639549 1.325325 0.810211
v 0.158774 2.472006 1.877621
v -1.559482 2.357013 -0.392348
v 2.876175 0.883500 2.348749
v 1.162022 2.705000 1.024039
v 0.404327 2.550051 1.309357
v 1.526305 2.430844 -0.090781
v 1.312306 0.066000 -0.093955
v 1.194323 3.107700 1.519356
v 1.238369 3.030000 0.912623
v 1.063797 0.561825 -0.611480
v 1.255278 3.128851 1.068294
v 3.126533 0.881258 2.180482
v 0.198956 0.779975 2.894135
v -0.332908 0.816819 -0.037531
v 0.152751 2.493188 2.133129
v 1.190281 2.663876 0.947191
v -0.222130 1.930425 0.359922
v 3.318071 1.281623 2.777340
v 0.217023 2.237638 0.053372
v -1.472518 2.400000 -0.450695
v 2.646128 2.137500 1.874374
v -0.384614 1.473000 2.203993
v 2.422913 2.137500 2.237212
v 0.216368 1.180800 -0.417930
v 2.026294 2.237638 -0.076216
v 2.391503 2.493187 1.967809
v 1.288440 2.806800 1.063039
v 0.927622 2.978250 1.360287
v -1.285053 2.400000 -0.419020
v 3.757278 1.887588 2.568512
v -1.136306 1.576080 0.160788
v -1.044014 1.867752 0.129725
v 1.015115 2.599801 0.754511
v 0.426266 0.182625 2.524641
v 2.583819 2.430844 1.132493
v 0.014864 2.472006 1.529391
v -1.315529 2.096160 -0.103200
v 2.476124 0.150000 0.463931
v 2.098041 1.930425 -0.192841
v 1.094423 2.599801 1.756544
v 0.966722 2.922000 1.142065
v 0.878208 0.106200 -0.167246
v 2.673652 1.325325 0.020866
v 0.748134 2.472006 2.379102
v -0.117416 2.457750 1.560906
v 0.696043 2.430844 -0.028853
v 0.746328 0.048375 0.094604
v 1.053066 2.978250 1.505772
v -1.178899 2.452068 -0.287720
v 1.112777 2.922000 1.491241
v 2.431155 1.473000 -0.162248
v 0.523787 0.066000 0.093904
v 1.287605 0.020364 2.146517
v 1.168871 2.806800 1.052785
v 0.770928 0.664800 -0.617541
v 0.267006 1.623375 2.783520
v -1.218861 2.446619 -0.342734
v 1.113881 2.489250 2.615162
v 0.425073 2.550051 1.059106
v 1.144194 2.526402 2.201304
v 1.294356 0.033000 0.151120
v 3.248261 0.871877 2.287068
v -1.320326 2.078031 -0.232223
v 1.899558 1.623375 2.925930
v 2.834394 2.086200 1.362284
v 0.172949 2.400000 0.342279
v 0.391161 2.526402 1.738044
v -1.554763 2.460387 -0.549379
v 3.473770 1.872450 2.873125
v -1.344682 2.440201 -0.466374
v -0.167191 2.477438 0.920642
v 2.223824 0.905800 2.924358
v 1.717179 2.574000 1.678847
v -0.629155 0.901004 -0.058097
v 0.095890 0.150000 0.276252
v 2.692139 0.150000 1.370634
v 1.879683 2.574000 1.292358
v 1.332119 2.863950 1.052170
v 1.476097 2.922000 1.181263
v -0.139011 0.266925 0.411056
v 1.318827 3.107700 0.988817
v 3.025319 2.132100 2.107650
v 0.533314 0.011189 1.193743
v 0.697109 2.397589 2.503376
v 0.977707 2.978250 1.441643
v 3.536323 1.630291 2.589322
v 1.144286 2.978250 1.544121
v 1.567841 2.237638 -0.268450
v 1.394660 3.107700 1.035469
v 3.227908 1.146756 2.482359
v -0.289208 0.220200 1.601834
v 2.241398 2.501305 0.825292
v 1.545339 3.030000 1.267658
v 1.093228 0.324000 2.897147
v -0.447219 1.180800 2.241594
v -1.002528 1.235700 0.330812
v 3.626471 1.365750 2.477474
v 0.207404 0.220200 2.407005
v -0.464690 0.391875 0.851090
v -1.295924 2.400000 -0.196762
v -0.022427 0.066000 0.735835
v 3.334327 2.110500 2.297749
v 0.500097 2.477438 2.404628
v 1.469146 3.107700 1.348116
v 0.940616 3.074400 1.075235
v 1.078089 1.473000 3.103837
v 0.961750 2.574000 1.858823
v 3.233104 1.005823 2.277744
v 2.536009 0.391875 0.136196
v 0.872628 0.020364 0.404688
v 0.827566 0.005511 1.401224
v -0.013699 2.472006 1.153680
v -0.563151 1.368681 0.479431
v 0.829596 1.930425 2.889312
v 1.248060 0.005511 1.659909
v 0.894247 0.085425 2.612776
v 2.264736 2.430844 0.363496
v 1.146232 3.128851 1.076303
v -1.216654 2.444892 -0.251902
v 3.603971 1.792284 2.921523
v 3.167253 1.040225 1.085148
v 1.734909 2.550051 1.864907
v 1.264220 0.011189 0.562603
v 2.191612 2.358100 0.114513
v 1.985646 2.358100 2.527806
v 3.386114 1.992474 2.819199
v 1.792691 2.501305 0.303508
v 3.111112 2.110501 2.660587
v -0.139467 0.471000 0.071875
v 0.163938 2.430844 2.123755
v 2.375340 2.477438 1.957866
v 2.212306 1.180800 2.905181
v 1.056739 0.005511 0.856855
v 1.265528 2.863950 1.024194
v 1.606873 0.391875 -0.435402
v 1.948780 0.779975 3.046776
v 2.482498 2.489250 1.764307
v 0.575139 1.930425 -0.325687
v 3.490239 1.457484 2.883256
v -0.400725 0.324000 1.628402
v 1.966973 2.550051 0.937069
v 3.476671 2.115495 2.395885
v -1.442907 2.466030 -0.550766
v 0.796004 2.501305 0.216565
v -0.593256 0.561825 0.821033
v -1.194873 2.433615 -0.173057
v 2.606863 2.086200 0.407242
v 1.278521 3.107700 1.513030
v 2.434807 0.266925 0.220994
v -0.196535 0.106200 1.579755
v -0.002481 1.473000 2.649499
v 0.690523 2.493187 -0.042405
v -0.549841 1.623375 0.831183
v -0.148103 2.397589 1.143836
v 1.229983 2.753125 1.436223
v -0.490434 1.477396 0.027243
v -0.225754 0.664800 -0.002808
v 1.328363 0.085425 2.648765
v -0.053824 2.489250 0.722944
v 1.046391 2.806800 1.344429
v -1.198982 2.417899 -0.241030
v 0.549240 1.776000 2.863523
v 0.388665 0.033000 0.528986
v 0.461702 2.550051 1.550182
v 2.493391 0.905800 -0.234154
v 1.114548 2.397589 2.606066
v 3.576869 1.228440 2.457526
v 3.213641 2.061630 2.713095
v 1.534984 2.400000 2.589510
v 1.382728 3.074400 0.969905
v 1.842069 0.324000 -0.285266
v 0.253970 1.473000 -0.355326
v 1.315087 2.753125 1.079856
v 3.654815 1.792016 2.537178
v 1.786237 2.574000 0.900129
v 1.039005 3.128851 1.202685
v -0.691149 0.664800 1.104062
v 1.327084 0.220200 -0.295724
v 1.356526 3.107700 1.480713
v 3.028685 0.971245 2.359799
v 2.990784 0.830400 2.128671
v 0.719012 2.436600 0.027541
v -0.251214 0.182625 0.900998
v 1.949546 0.085425 0.048538
v -0.354975 1.930425 1.882824
v 2.571716 0.127942 0.677142
v 0.989070 2.863950 1.261967
v 1.406935 2.753125 1.227980
v -1.396661 2.400000 -0.237602
v -0.154814 0.085425 0.923536
v -0.718708 1.180800 1.102043
v -0.125299 2.489250 1.562784
v 0.696720 2.457750 2.504324
v 2.367968 0.182625 0.276998
v 3.463672 1.712401 2.782379
v 2.419279 0.048375 1.525326
v -1.136457 2.433615 -0.268011
v 2.766158 2.237638 1.117697
v 1.008656 0.020364 2.123390
v 0.797496 0.471000 -0.506025
v -1.198506 2.418634 -0.321068
v 3.407913 2.102328 2.800909
v 0.699646 0.011189 0.798150
v 0.187276 2.501305 1.661959
v 3.278028 2.055024 2.305381
v -0.547529 0.664800 0.520239
v 1.119359 0.005511 1.649163
v 1.341346 0.150000 -0.234177
v 1.664159 1.180800 3.131710
v -0.946094 1.726248 -0.360876
v 3.382259 1.008036 2.337803
v -0.207611 2.425606 0.911192
v -0.646829 0.664800 1.687034
v 0.983977 2.922000 1.381813
v 0.402380 2.237638 2.563468
v 3.469521 1.953900 2.881077
v -0.066678 0.182625 0.455555
v -0.121259 0.106200 0.695257
v 1.198692 2.753125 1.051028
v -1.678370 2.470664 -0.432627
v -0.702313 1.664766 -0.076859
v 2.878627 1.039742 2.267484
v 3.168475 1.008036 2.685309
v 2.966282 1.776000 1.371944
v 0.472619 2.457751 0.008711
v 1.750934 2.477438 2.561038
v -0.208919 1.196595 -0.140874
v 3.714881 1.586400 2.531863
v 3.741001 1.792150 2.547932
v -0.290809 0.182692 1.353123
v 1.342655 1.776000 -0.508320
v 2.269900 2.472006 0.609630
v 0.652217 0.150000 2.611382
v 0.037172 2.493187 0.519442
v 1.500103 2.472006 2.443099
v 1.190305 3.030000 1.574628
v 0.902370 2.430844 2.578032
v 0.009395 0.048375 0.961926
v 2.692139 0.150000 1.370634
v 0.468604 0.106200 0.002027
v -1.443216 2.243763 -0.250136
v 3.423981 1.202280 2.395170
v 2.637212 0.561825 0.051399
v 0.419599 0.048375 0.295137
v 3.650181 1.999113 2.824911
v -0.467968 1.623375 1.928847
v 1.284481 2.526402 0.285947
v 1.299537 2.863950 1.452964
v 2.538388 1.776000 2.389624
v 2.154120 2.457750 0.157830
v -1.385790 2.400000 -0.459860
v 2.969268 2.229664 2.240474
v 0.932637 0.048375 2.448567
v -1.300382 2.460439 -0.463086
v 1.552641 2.599801 1.647377
v 1.737447 2.400000 -0.030451
v 1.647210 1.473000 3.060570
v 3.118961 0.804555 2.175824
v 0.299148 2.489250 2.301007
v -1.035683 1.260234 0.000805
v 2.625145 2.104470 2.351057
v 0.167327 2.477438 2.120915
v -1.509459 2.400000 -0.390647
v -0.824489 1.913336 -0.120346
v -0.047450 0.150000 2.023320
v 0.599309 2.086200 2.741576
v 3.334266 2.056500 2.797869
v 1.195996 2.863950 1.018359
v 0.154611 2.086200 2.468000
v 2.544439 2.477438 1.554587
v 3.001685 1.180800 1.977474
v 3.224391 0.954870 2.635174
v 0.106908 0.391875 -0.078046
v -0.859976 2.031948 -0.210764
v 2.753687 0.220200 1.356373
v 0.912037 2.629200 0.981978
v 0.907780 2.550051 0.490990
v -1.384331 2.415170 -0.159317
v -0.376879 0.266925 1.372752
v 2.037513 2.526402 0.749207
v 1.522855 2.978250 1.218478
v 0.147243 0.033000 1.497853
v 2.103840 2.493188 2.305212
v 1.282442 3.128851 1.410948
v -1.246479 1.899702 -0.091963
v 2.938042 0.561825 0.541542
v 1.371816 0.779975 3.184233
v 0.697715 2.477438 -0.024747
v 1.314202 2.457750 -0.119841
v 2.642709 0.127875 1.577561
v -0.553512 1.325325 1.963690
v 2.438712 2.086200 2.303352
v 1.330999 2.978250 1.530341
v 2.791391 2.219094 2.058839
v 2.377717 0.220200 2.250559
v 1.314687 0.048375 2.480240
v -0.152337 1.376050 0.220758
v 0.068339 1.776000 2.567676
v 1.861369 0.048375 0.191871
v -1.270207 2.418633 -0.204517
v -1.268379 2.449536 -0.464795
v -1.165620 1.680664 -0.110805
v 0.798054 0.005511 1.277349
v 1.938112 2.526402 1.870071
v -0.079306 2.489250 0.712482
v 2.089287 0.066000 0.232735
v 1.108540 0.106200 2.688095
v -1.608756 2.446546 -0.448202
v 3.473707 1.321128 2.841385
v 3.704022 1.457484 2.535749
v 2.974200 2.043902 2.481259
v -0.108816 0.220200 2.038342
v 2.754231 1.623375 2.190957
v 0.977250 3.107700 1.385814
v 1.638158 2.550051 0.554702
v 1.768107 2.425606 -0.105125
v 1.752365 2.477437 -0.066785
v 1.739549 2.493187 -0.035570
v 1.732337 2.477437 -0.018006
v 1.734014 2.430844 -0.022090
v 1.321177 2.425606 -0.215070
v 1.318140 2.477437 -0.173605
v 1.315667 2.493187 -0.139845
v 1.314276 2.477437 -0.120849
v 1.314599 2.430844 -0.125266
v 0.874897 2.425606 -0.181142
v 0.884546 2.477437 -0.140641
v 0.892402 2.493187 -0.107667
v 0.896822 2.477437 -0.089113
v 0.895795 2.430844 -0.093427
v 0.461260 2.425607 -0.010201
v 0.482667 2.477437 0.025440
v 0.500096 2.493188 0.054458
v 0.509903 2.477438 0.070786
v 0.507622 2.430844 0.066990
v 0.111913 2.425607 0.289451
v 0.143251 2.477437 0.316574
v 0.168765 2.493188 0.338657
v 0.183121 2.477438 0.351083
v 0.179783 2.430844 0.348194
v 2.563088 2.425606 1.797395
v 2.524748 2.477437 1.781654
v 2.493533 2.493187 1.768837
v 2.475969 2.477437 1.761626
v 2.480052 2.430844 1.763303
v 2.673033 2.425606 1.350465
v 2.631567 2.477437 1.347428
v 2.597808 2.493187 1.344956
v 2.578812 2.477437 1.343564
v 2.583229 2.430844 1.343888
v 2.639104 2.425606 0.904186
v 2.598604 2.477437 0.913835
v 2.565629 2.493187 0.921691
v 2.547076 2.477437 0.926111
v 2.551390 2.430844 0.925083
v 2.468164 2.425607 0.490548
v 2.432522 2.477437 0.511955
v 2.403504 2.493188 0.529384
v 2.387176 2.477438 0.539191
v 2.390973 2.430844 0.536911
v 2.168512 2.425607 0.141202
v 2.141388 2.477437 0.172539
v 2.119305 2.493188 0.198053
v 2.106880 2.477438 0.212410
v 2.109769 2.430844 0.209072
v 0.660568 2.425606 2.592376
v 0.676309 2.477437 2.554036
v 0.689125 2.493187 2.522821
v 0.696337 2.477437 2.505257
v 0.694660 2.430844 2.509341
v 1.107498 2.425606 2.702321
v 1.110535 2.477437 2.660856
v 1.113007 2.493187 2.627097
v 1.114398 2.477437 2.608100
v 1.114075 2.430844 2.612517
v 1.553777 2.425606 2.668393
v 1.544128 2.477437 2.627892
v 1.536272 2.493187 2.594918
v 1.531852 2.477437 2.576364
v 1.532880 2.430844 2.580678
v 1.967414 2.425607 2.497452
v 1.946007 2.477437 2.461811
v 1.928578 2.493188 2.432793
v 1.918771 2.477438 2.416465
v 1.921052 2.430844 2.420261
v 2.316761 2.425607 2.197800
v 2.285423 2.477437 2.170677
v 2.259909 2.493188 2.148594
v 2.245553 2.477438 2.136168
v 2.248891 2.430844 2.139057
v -0.134413 2.425606 0.689856
v -0.096073 2.477437 0.705598
v -0.064858 2.493187 0.718414
v -0.047294 2.477437 0.725625
v -0.051378 2.430844 0.723949
v -0.244358 2.425606 1.136786
v -0.202893 2.477437 1.139823
v -0.169134 2.493187 1.142296
v -0.150138 2.477437 1.143687
v -0.154555 2.430844 1.143364
v -0.210430 2.425606 1.583066
v -0.169929 2.477437 1.573417
v -0.136955 2.493187 1.565561
v -0.118401 2.477437 1.561140
v -0.122715 2.430844 1.562168
v -0.039490 2.425607 1.996703
v -0.003848 2.477437 1.975296
v 0.025170 2.493188 1.957867
v 0.041498 2.477438 1.948060
v 0.037701 2.430844 1.950340
v 0.260162 2.425607 2.346049
v 0.287286 2.477437 2.314712
v 0.309369 2.493188 2.289198
v 0.321795 2.477438 2.274842
v 0.318905 2.430844 2.278179
v 1.955410 1.040225 -0.561316
v 1.936322 1.325325 -0.514828
v 1.901386 1.623375 -0.429737
v 1.855240 1.930425 -0.317346
v 1.803206 2.237638 -0.190613
v 1.357313 1.040225 -0.708448
v 1.353631 1.325325 -0.658170
v 1.346890 1.623375 -0.566144
v 1.337987 1.930425 -0.444590
v 1.327949 2.237638 -0.307527
v 0.760087 1.040225 -0.663045
v 0.771787 1.325325 -0.613936
v 0.793202 1.623375 -0.524050
v 0.821487 1.930425 -0.405324
v 0.853382 2.237638 -0.271448
v 0.206544 1.040225 -0.434286
v 0.232501 1.325325 -0.391070
v 0.280012 1.623375 -0.311968
v 0.342766 1.930425 -0.207486
v 0.413527 2.237638 -0.089673
v -0.260963 1.040225 -0.033282
v -0.222964 1.325325 -0.000394
v -0.153415 1.623375 0.059803
v -0.061549 1.930425 0.139315
v 0.042038 2.237638 0.228972
v 3.020107 1.040104 1.985207
v 2.972790 1.325325 1.965611
v 2.887700 1.623375 1.930675
v 2.775309 1.930425 1.884529
v 2.648576 2.237638 1.832495
v 3.166411 1.040225 1.386602
v 3.116133 1.325325 1.382919
v 3.024107 1.623375 1.376179
v 2.902553 1.930425 1.367276
v 2.765490 2.237638 1.357237
v 3.121007 1.040225 0.789376
v 3.071898 1.325325 0.801076
v 2.982013 1.623375 0.822490
v 2.863286 1.930425 0.850776
v 2.729411 2.237638 0.882671
v 2.892249 1.040225 0.235833
v 2.849032 1.325325 0.261790
v 2.769931 1.623375 0.309300
v 2.665449 1.930425 0.372054
v 2.547636 2.237638 0.442816
v 2.491245 1.040225 -0.231674
v 2.458357 1.325325 -0.193676
v 2.398160 1.623375 -0.124126
v 2.318648 1.930425 -0.032261
v 2.228991 2.237638 0.071326
v 0.473265 1.040225 3.048568
v 0.492352 1.325325 3.002079
v 0.527288 1.623375 2.916989
v 0.573434 1.930425 2.804597
v 0.625468 2.237638 2.677864
v 1.071361 1.040225 3.195699
v 1.075043 1.325325 3.145421
v 1.081784 1.623375 3.053395
v 1.090687 1.930425 2.931841
v 1.100726 2.237638 2.794778
v 1.668587 1.040225 3.150296
v 1.656887 1.325325 3.101187
v 1.635472 1.623375 3.011301
v 1.607187 1.930425 2.892575
v 1.575292 2.237638 2.758699
v 2.222130 1.040225 2.921538
v 2.196173 1.325325 2.878321
v 2.148663 1.623375 2.799219
v 2.085908 1.930425 2.694737
v 2.015147 2.237638 2.576924
v 2.690465 1.040104 2.521043
v 2.651639 1.325325 2.487645
v 2.582089 1.623375 2.427448
v 2.490223 1.930425 2.347937
v 2.386636 2.237638 2.258279
v -0.590605 1.040225 0.502553
v -0.544116 1.325325 0.521640
v -0.459026 1.623375 0.556577
v -0.346634 1.930425 0.602722
v -0.219902 2.237638 0.654756
v -0.737737 1.040225 1.100650
v -0.687459 1.325325 1.104332
v -0.595432 1.623375 1.111072
v -0.473879 1.930425 1.119975
v -0.336815 2.237638 1.130014
v -0.692333 1.040225 1.697875
v -0.643224 1.325325 1.686176
v -0.553338 1.623375 1.664761
v -0.434612 1.930425 1.636475
v -0.300737 2.237638 1.604580
v -0.463575 1.040225 2.251418
v -0.420358 1.325325 2.225461
v -0.341256 1.623375 2.177951
v -0.236775 1.930425 2.115197
v -0.118961 2.237638 2.044436
v -0.062571 1.040225 2.718925
v -0.029683 1.325325 2.680927
v 0.030515 1.623375 2.611377
v 0.110026 1.930425 2.519512
v 0.199683 2.237638 2.415925
v 1.785362 0.182625 -0.146929
v 1.818156 0.266925 -0.227023
v 1.868225 0.391875 -0.348970
v 1.918294 0.561825 -0.470918
v 1.950739 0.779975 -0.549941
v 1.327599 0.182625 -0.260040
v 1.330833 0.266925 -0.346904
v 1.340492 0.391875 -0.478792
v 1.350152 0.561825 -0.610681
v 1.356412 0.779975 -0.696145
v 0.864613 0.182892 -0.224308
v 0.844219 0.266925 -0.309910
v 0.813529 0.391875 -0.438730
v 0.782838 0.561825 -0.567551
v 0.762950 0.779975 -0.651028
v 0.435251 0.182625 -0.047445
v 0.393198 0.266925 -0.123520
v 0.325108 0.391875 -0.236885
v 0.257019 0.561825 -0.350250
v 0.212896 0.779975 -0.423711
v 0.077663 0.182625 0.259918
v 0.012278 0.266925 0.203214
v -0.087398 0.391875 0.116942
v -0.187074 0.561825 0.030670
v -0.251665 0.779975 -0.025235
v 2.604891 0.182625 1.814650
v 2.684986 0.266925 1.847444
v 2.806933 0.391875 1.897513
v 2.928880 0.561825 1.947582
v 3.008731 0.779854 1.980537
v 2.718003 0.182625 1.356887
v 2.804867 0.266925 1.360121
v 2.936755 0.391875 1.369781
v 3.068643 0.561825 1.379441
v 3.154108 0.779975 1.385701
v 2.682270 0.182892 0.893902
v 2.767873 0.266925 0.873508
v 2.896693 0.391875 0.842817
v 3.025514 0.561825 0.812127
v 3.108991 0.779975 0.792239
v 2.505408 0.182625 0.464540
v 2.581483 0.266925 0.422486
v 2.694848 0.391875 0.354397
v 2.808212 0.561825 0.286307
v 2.881674 0.779975 0.242185
v 2.198045 0.182625 0.106951
v 2.254749 0.266925 0.041566
v 2.341021 0.391875 -0.058110
v 2.427293 0.561825 -0.157785
v 2.483197 0.779975 -0.222376
v 0.643312 0.182625 2.634180
v 0.610519 0.266925 2.714274
v 0.560450 0.391875 2.836221
v 0.510380 0.561825 2.958169
v 0.477935 0.779975 3.037192
v 1.101075 0.182625 2.747291
v 1.097842 0.266925 2.834156
v 1.088182 0.391875 2.966044
v 1.078522 0.561825 3.097932
v 1.072262 0.779975 3.183396
v 1.564061 0.182892 2.711559
v 1.584455 0.266925 2.797161
v 1.615146 0.391875 2.925982
v 1.645836 0.561825 3.054802
v 1.665724 0.779975 3.138279
v 1.993423 0.182625 2.534696
v 2.035476 0.266925 2.610771
v 2.103566 0.391875 2.724136
v 2.171656 0.561825 2.837501
v 2.215778 0.779975 2.910962
v 2.351012 0.182625 2.227334
v 2.416397 0.266925 2.284038
v 2.516072 0.391875 2.370309
v 2.615748 0.561825 2.456581
v 2.681167 0.779854 2.512995
v -0.176217 0.182625 0.672601
v -0.256311 0.266925 0.639807
v -0.378259 0.391875 0.589738
v -0.500206 0.561825 0.539669
v -0.579229 0.779975 0.507224
v -0.289328 0.182625 1.130364
v -0.376193 0.266925 1.127130
v -0.508081 0.391875 1.117470
v -0.639969 0.561825 1.107810
v -0.725434 0.779975 1.101551
v -0.253596 0.182892 1.593349
v -0.339199 0.266925 1.613744
v -0.468019 0.391875 1.644434
v -0.596839 0.561825 1.675124
v -0.680316 0.779975 1.695013
v -0.076733 0.182625 2.022712
v -0.152809 0.266925 2.064765
v -0.266173 0.391875 2.132854
v -0.379538 0.561825 2.200944
v -0.453000 0.779975 2.245067
v 0.230629 0.182625 2.380300
v 0.173925 0.266925 2.445685
v 0.087654 0.391875 2.545361
v 0.001382 0.561825 2.645037
v -0.054523 0.779975 2.709627
v 3.762199 1.903842 2.728279
v 3.661057 2.074653 2.666057
v 3.459602 2.173336 2.542124
v 3.157760 2.219620 2.356432
v 2.757850 2.234467 2.110411
v 3.775005 1.894508 2.611118
v 3.677873 2.050216 2.551363
v 3.485037 2.140119 2.432732
v 3.197107 2.182286 2.255599
v 2.816963 2.195811 2.021737
v 3.727132 1.880019 2.539399
v 3.636224 2.012288 2.483473
v 3.456764 2.088563 2.373071
v 3.190427 2.124338 2.209223
v 2.840962 2.135813 1.994234
v 3.641531 1.865530 2.529006
v 3.556847 1.974359 2.476909
v 3.390764 2.037006 2.374735
v 3.146021 2.066390 2.224172
v 2.827235 2.075814 2.028056
v 3.542731 1.856195 2.593264
v 3.462056 1.949922 2.543633
v 3.304591 2.003789 2.446762
v 3.073761 2.029055 2.304757
v 2.774740 2.037158 2.120801
v 3.468850 1.856195 2.713358
v 3.388175 1.949923 2.663727
v 3.230710 2.003790 2.566856
v 2.999880 2.029055 2.424851
v 2.700859 2.037158 2.240895
v 3.456043 1.865530 2.830519
v 3.371359 1.974359 2.778421
v 3.205276 2.037006 2.676248
v 2.960533 2.066390 2.525684
v 2.641746 2.075814 2.329569
v 3.503917 1.880019 2.902237
v 3.413008 2.012288 2.846311
v 3.233549 2.088562 2.735909
v 2.967212 2.124338 2.572061
v 2.617747 2.135813 2.357072
v 3.589517 1.894508 2.912631
v 3.492384 2.050216 2.852875
v 3.299548 2.140119 2.734244
v 3.011618 2.182286 2.557112
v 2.631474 2.195811 2.323250
v 3.688318 1.903842 2.848373
v 3.587175 2.074653 2.786151
v 3.385721 2.173336 2.662218
v 3.083879 2.219621 2.476526
v 2.683969 2.234467 2.230505
v 3.040879 0.722191 2.284528
v 3.335880 0.939135 2.466011
v 3.555254 1.171332 2.600968
v 3.699489 1.416229 2.689700
v 3.770416 1.669786 2.733334
v 3.101353 0.769491 2.196692
v 3.378147 0.978703 2.366973
v 3.583300 1.204128 2.493182
v 3.717724 1.439921 2.575879
v 3.783591 1.678841 2.616399
v 3.127463 0.842906 2.170487
v 3.375998 1.040119 2.323385
v 3.559078 1.255031 2.436014
v 3.678278 1.476694 2.509345
v 3.736288 1.692894 2.545032
v 3.115847 0.916322 2.205608
v 3.336123 1.101534 2.341121
v 3.497130 1.305935 2.440171
v 3.601104 1.513467 2.504135
v 3.651258 1.706947 2.534989
v 3.064774 0.963838 2.299228
v 3.266782 1.141103 2.423502
v 3.413567 1.338731 2.513803
v 3.507733 1.537159 2.571733
v 3.552825 1.716001 2.599474
v 2.990893 0.963838 2.419322
v 3.192901 1.141103 2.543596
v 3.339686 1.338730 2.633897
v 3.433852 1.537159 2.691827
v 3.478944 1.716002 2.719568
v 2.930359 0.916322 2.507122
v 3.150635 1.101535 2.642634
v 3.311641 1.305935 2.741684
v 3.415616 1.513467 2.805648
v 3.465770 1.706947 2.836503
v 2.904248 0.842906 2.533325
v 3.152783 1.040119 2.686222
v 3.335863 1.255031 2.798851
v 3.455063 1.476694 2.872182
v 3.513073 1.692894 2.907870
v 2.915864 0.769491 2.498204
v 3.192658 0.978703 2.668486
v 3.397811 1.204128 2.794695
v 3.532236 1.439921 2.877392
v 3.598102 1.678841 2.917912
v 2.966998 0.722191 2.404623
v 3.261999 0.939135 2.586105
v 3.481373 1.171332 2.721062
v 3.625607 1.416229 2.809794
v 3.696535 1.669786 2.853428
v -1.375594 2.240350 -0.425065
v -1.145399 1.887497 -0.303288
v -0.994986 1.468066 -0.241072
v -0.793470 1.067703 -0.147418
v -0.407258 0.765886 0.070154
v -1.251817 2.248934 -0.462797
v -1.028435 1.918188 -0.375178
v -0.866231 1.530096 -0.351506
v -0.652923 1.164180 -0.296395
v -0.273904 0.893961 -0.113495
v -1.121403 2.262257 -0.421061
v -0.924834 1.965825 -0.360068
v -0.769143 1.626375 -0.355883
v -0.562347 1.313925 -0.320259
v -0.210882 1.092750 -0.164535
v -1.025349 2.275580 -0.323475
v -0.864633 2.013462 -0.274409
v -0.729273 1.722654 -0.267250
v -0.542808 1.463670 -0.228653
v -0.228023 1.291539 -0.085270
v -1.003217 2.284163 -0.195982
v -0.876063 2.044154 -0.137595
v -0.769789 1.784685 -0.102532
v -0.612411 1.560147 -0.036031
v -0.331817 1.419614 0.116565
v -1.070503 2.284163 -0.086607
v -0.961055 2.044153 0.000562
v -0.881841 1.784685 0.079611
v -0.751524 1.560148 0.190098
v -0.488801 1.419614 0.371745
v -1.194280 2.275580 -0.048876
v -1.078019 2.013462 0.072452
v -1.010597 1.722654 0.190044
v -0.892071 1.463670 0.339075
v -0.622155 1.291539 0.555395
v -1.324694 2.262257 -0.090611
v -1.181620 1.965825 0.057341
v -1.107685 1.626375 0.194421
v -0.982646 1.313925 0.362940
v -0.685177 1.092750 0.606435
v -1.420749 2.248934 -0.188197
v -1.241822 1.918188 -0.028318
v -1.147555 1.530096 0.105788
v -1.002185 1.164180 0.271334
v -0.668036 0.893961 0.527169
v -1.442880 2.240350 -0.315691
v -1.230392 1.887497 -0.165132
v -1.107039 1.468066 -0.058930
v -0.932583 1.067703 0.078712
v -0.564243 0.765886 0.325335
v -1.523226 2.425033 -0.483407
v -1.604369 2.461658 -0.538209
v -1.642585 2.472034 -0.569113
v -1.633919 2.458061 -0.571177
v -1.571537 2.417279 -0.537869
v -1.428857 2.423673 -0.490164
v -1.494196 2.458463 -0.542621
v -1.517492 2.468586 -0.575517
v -1.498760 2.455526 -0.582558
v -1.435311 2.416652 -0.556251
v -1.317502 2.421563 -0.443568
v -1.362309 2.453503 -0.485887
v -1.368500 2.463235 -0.512036
v -1.340196 2.451591 -0.516964
v -1.279242 2.415679 -0.494780
v -1.225703 2.419452 -0.365185
v -1.252202 2.448544 -0.393748
v -1.244659 2.457883 -0.407672
v -1.210154 2.447656 -0.405009
v -1.154003 2.414706 -0.383192
v -1.189183 2.418093 -0.277906
v -1.206464 2.445349 -0.293421
v -1.193972 2.454435 -0.293130
v -1.159371 2.445121 -0.279238
v -1.108987 2.414078 -0.253311
v -1.227478 2.418092 -0.215657
v -1.249117 2.445348 -0.224086
v -1.243226 2.454435 -0.213067
v -1.215225 2.445121 -0.188447
v -1.169365 2.414078 -0.155166
v -1.321847 2.419452 -0.208900
v -1.359290 2.448544 -0.219674
v -1.368319 2.457883 -0.206664
v -1.350384 2.447656 -0.177066
v -1.305591 2.414706 -0.136784
v -1.433202 2.421563 -0.255497
v -1.491178 2.453504 -0.276409
v -1.517310 2.463235 -0.270144
v -1.508947 2.451591 -0.242659
v -1.461661 2.415679 -0.198255
v -1.525002 2.423674 -0.333880
v -1.601285 2.458463 -0.368548
v -1.641151 2.468587 -0.374508
v -1.638989 2.455526 -0.354614
v -1.586900 2.416652 -0.309843
v -1.561521 2.425033 -0.421158
v -1.647023 2.461659 -0.468875
v -1.691838 2.472034 -0.489050
v -1.689773 2.458061 -0.480385
v -1.631916 2.417279 -0.439723
v 1.287391 2.753126 1.065650
v 1.299704 2.863950 1.035532
v 1.331198 2.978250 0.958677
v 1.336487 3.074363 0.945755
v 1.292284 3.125531 1.053594
v 1.228409 2.753126 1.051119
v 1.230725 2.863950 1.018485
v 1.236733 2.978250 0.935294
v 1.237734 3.074363 0.921300
v 1.229287 3.125531 1.037984
v 1.169538 2.753126 1.055584
v 1.161935 2.863950 1.023673
v 1.142567 2.978250 0.942378
v 1.139308 3.074363 0.928697
v 1.166467 3.125531 1.042694
v 1.114977 2.753126 1.078143
v 1.098195 2.863950 1.050059
v 1.055323 2.978250 0.978514
v 1.048119 3.074363 0.966474
v 1.108271 3.125531 1.066815
v 1.068883 2.753126 1.117707
v 1.044313 2.863950 1.096377
v 0.981549 2.978250 1.041978
v 0.971001 3.074363 1.032829
v 1.059080 3.125531 1.109154
v 1.392313 2.753126 1.316679
v 1.422431 2.863950 1.328992
v 1.499286 2.978250 1.360486
v 1.512208 3.074363 1.365775
v 1.404368 3.125531 1.321573
v 1.406844 2.753126 1.257698
v 1.439478 2.863950 1.260014
v 1.522668 2.978250 1.266021
v 1.536663 3.074363 1.267023
v 1.419979 3.125531 1.258575
v 1.402379 2.753126 1.198826
v 1.434289 2.863950 1.191224
v 1.515585 2.978250 1.171856
v 1.529266 3.074363 1.168596
v 1.415268 3.125531 1.195755
v 1.379819 2.753126 1.144265
v 1.407904 2.863950 1.127484
v 1.479449 2.978250 1.084612
v 1.491489 3.074363 1.077407
v 1.391148 3.125531 1.137560
v 1.340255 2.753126 1.098171
v 1.361586 2.863950 1.073601
v 1.415985 2.978250 1.010837
v 1.425134 3.074363 1.000290
v 1.348809 3.125531 1.088368
v 1.141283 2.753126 1.421602
v 1.128971 2.863950 1.451719
v 1.097476 2.978250 1.528574
v 1.092187 3.074363 1.541497
v 1.136390 3.125531 1.433657
v 1.200265 2.753126 1.436132
v 1.197949 2.863950 1.468766
v 1.191942 2.978250 1.551957
v 1.190940 3.074363 1.565952
v 1.199388 3.125531 1.449268
v 1.259137 2.753126 1.431668
v 1.266739 2.863950 1.463578
v 1.286107 2.978250 1.544874
v 1.289366 3.074363 1.558554
v 1.262208 3.125531 1.444557
v 1.313698 2.753126 1.409108
v 1.330479 2.863950 1.437192
v 1.373351 2.978250 1.508737
v 1.380555 3.074363 1.520777
v 1.320403 3.125531 1.420437
v 1.359791 2.753126 1.369544
v 1.384361 2.863950 1.390874
v 1.447126 2.978250 1.445273
v 1.457673 3.074363 1.454422
v 1.369594 3.125531 1.378098
v 1.036361 2.753126 1.170572
v 1.006243 2.863950 1.158259
v 0.929389 2.978250 1.126765
v 0.916466 3.074363 1.121476
v 1.024306 3.125531 1.165679
v 1.021830 2.753126 1.229553
v 0.989196 2.863950 1.227238
v 0.906006 2.978250 1.221230
v 0.892011 3.074363 1.220228
v 1.008695 3.125531 1.228676
v 1.026295 2.753126 1.288425
v 0.994385 2.863950 1.296028
v 0.913089 2.978250 1.315396
v 0.899409 3.074363 1.318655
v 1.013406 3.125531 1.291496
v 1.048855 2.753126 1.342986
v 1.020771 2.863950 1.359767
v 0.949225 2.978250 1.402640
v 0.937185 3.074363 1.409844
v 1.037526 3.125531 1.349692
v 1.088419 2.753126 1.389080
v 1.067088 2.863950 1.413650
v 1.012690 2.978250 1.476414
v 1.003540 3.074363 1.486962
v 1.079865 3.125531 1.398883
v 1.710983 2.436599 0.034004
v 1.633786 2.501306 0.222023
v 1.521712 2.550050 0.494990
v 1.414090 2.599801 0.757110
v 1.326824 2.663875 0.969653
v 1.310156 2.436599 -0.064599
v 1.295262 2.501306 0.138746
v 1.273639 2.550051 0.433964
v 1.252876 2.599801 0.717452
v 1.236039 2.663876 0.947319
v 0.909912 2.436599 -0.034171
v 0.957231 2.501305 0.164445
v 1.025928 2.550050 0.452796
v 1.091896 2.599801 0.729690
v 1.145386 2.663876 0.954210
v 0.538943 2.436600 0.119136
v 0.643924 2.501306 0.293923
v 0.796335 2.550050 0.547678
v 0.942690 2.599801 0.791351
v 1.061365 2.663876 0.988934
v 0.225633 2.436600 0.387878
v 0.379313 2.501306 0.520892
v 0.602427 2.550050 0.714003
v 0.816676 2.599801 0.899440
v 0.990402 2.663875 1.049803
v 2.423958 2.436599 1.740272
v 2.235939 2.501306 1.663075
v 1.962973 2.550050 1.551000
v 1.700852 2.599801 1.443379
v 1.488310 2.663875 1.356112
v 2.522562 2.436599 1.339444
v 2.319216 2.501306 1.324551
v 2.023998 2.550051 1.302928
v 1.740511 2.599801 1.282164
v 1.510644 2.663876 1.265327
v 2.492134 2.436599 0.939200
v 2.293518 2.501305 0.986519
v 2.005166 2.550050 1.055217
v 1.728273 2.599801 1.121184
v 1.503752 2.663876 1.174675
v 2.338826 2.436600 0.568231
v 2.164040 2.501306 0.673212
v 1.910284 2.550050 0.825624
v 1.666612 2.599801 0.971979
v 1.469029 2.663876 1.090653
v 2.070085 2.436600 0.254921
v 1.937071 2.501306 0.408602
v 1.743960 2.550050 0.631716
v 1.558523 2.599801 0.845964
v 1.408160 2.663875 1.019690
v 0.717691 2.436599 2.453247
v 0.794888 2.501306 2.265228
v 0.906963 2.550050 1.992261
v 1.014584 2.599801 1.730141
v 1.101850 2.663875 1.517598
v 1.118519 2.436599 2.551851
v 1.133412 2.501306 2.348505
v 1.155035 2.550051 2.053287
v 1.175798 2.599801 1.769800
v 1.192636 2.663876 1.539932
v 1.518762 2.436599 2.521422
v 1.471444 2.501305 2.322806
v 1.402746 2.550050 2.034455
v 1.336778 2.599801 1.757561
v 1.283288 2.663876 1.533041
v 1.889731 2.436600 2.368115
v 1.784751 2.501306 2.193329
v 1.632339 2.550050 1.939573
v 1.485984 2.599801 1.695900
v 1.367310 2.663876 1.498317
v 2.203042 2.436600 2.099373
v 2.049361 2.501306 1.966359
v 1.826247 2.550050 1.773249
v 1.611999 2.599801 1.587811
v 1.438273 2.663875 1.437448
v 0.004716 2.436599 0.746980
v 0.192735 2.501306 0.824176
v 0.465702 2.550050 0.936251
v 0.727822 2.599801 1.043872
v 0.940365 2.663875 1.131139
v -0.093888 2.436599 1.147807
v 0.109458 2.501306 1.162701
v 0.404676 2.550051 1.184323
v 0.688163 2.599801 1.205087
v 0.918031 2.663876 1.221924
v -0.063460 2.436599 1.548051
v 0.135156 2.501305 1.500732
v 0.423508 2.550050 1.432035
v 0.700401 2.599801 1.366067
v 0.924922 2.663876 1.312577
v 0.089848 2.436600 1.919020
v 0.264634 2.501306 1.814039
v 0.518390 2.550050 1.661628
v 0.762062 2.599801 1.515272
v 0.959645 2.663876 1.396598
v 0.358589 2.436600 2.232330
v 0.491603 2.501306 2.078650
v 0.684714 2.550050 1.855536
v 0.870151 2.599801 1.641287
v 1.020515 2.663875 1.467561
v 0.255577 0.127875 2.351476
v 0.295591 0.085425 2.305116
v 0.405781 0.048375 2.177806
v 0.623446 0.020374 1.926323
v 0.901747 0.006385 1.604846
v -0.043951 0.127875 2.003022
v 0.007066 0.085425 1.968741
v 0.151859 0.048375 1.881774
v 0.437880 0.020374 1.709984
v 0.803561 0.006385 1.490408
v -0.216344 0.128142 1.584474
v -0.157528 0.085425 1.570462
v 0.007006 0.048375 1.531263
v 0.332022 0.020374 1.453830
v 0.747513 0.006385 1.354843
v -0.251189 0.127875 1.133157
v -0.190196 0.085425 1.140753
v -0.021744 0.048375 1.153091
v 0.311011 0.020374 1.177463
v 0.736415 0.006385 1.208568
v -0.140953 0.127875 0.687080
v -0.084334 0.085425 0.710418
v 0.071422 0.048375 0.774368
v 0.379097 0.020374 0.900693
v 0.772455 0.006385 1.062152
v 2.322187 0.127875 2.202386
v 2.275828 0.085425 2.162372
v 2.148518 0.048375 2.052182
v 1.897035 0.020374 1.834517
v 1.575558 0.006385 1.556215
v 1.973733 0.127875 2.501914
v 1.939452 0.085425 2.450897
v 1.852486 0.048375 2.306103
v 1.680695 0.020374 2.020082
v 1.461120 0.006385 1.654401
v 1.555186 0.128142 2.674307
v 1.541174 0.085425 2.615491
v 1.501975 0.048375 2.450956
v 1.424542 0.020374 2.125941
v 1.325554 0.006385 1.710450
v 1.103869 0.127875 2.709152
v 1.111465 0.085425 2.648159
v 1.123803 0.048375 2.479707
v 1.148174 0.020374 2.146951
v 1.179280 0.006385 1.721547
v 0.657791 0.127875 2.598915
v 0.681129 0.085425 2.542296
v 0.745079 0.048375 2.386541
v 0.871404 0.020374 2.078866
v 1.032864 0.006385 1.685508
v 2.173097 0.127875 0.135775
v 2.133083 0.085425 0.182135
v 2.022893 0.048375 0.309445
v 1.805228 0.020374 0.560928
v 1.526927 0.006385 0.882405
v 2.472625 0.127875 0.484229
v 2.421609 0.085425 0.518510
v 2.276815 0.048375 0.605477
v 1.990794 0.020374 0.777268
v 1.625113 0.006385 0.996843
v 2.645018 0.128142 0.902777
v 2.586202 0.085425 0.916789
v 2.421668 0.048375 0.955988
v 2.096652 0.020374 1.033421
v 1.681161 0.006385 1.132408
v 2.679863 0.127875 1.354094
v 2.618871 0.085425 1.346498
v 2.450418 0.048375 1.334160
v 2.117663 0.020374 1.309788
v 1.692259 0.006385 1.278683
v 2.569627 0.127875 1.800171
v 2.513008 0.085425 1.776834
v 2.357252 0.048375 1.712883
v 2.049577 0.020374 1.586558
v 1.656219 0.006385 1.425099
v 0.106487 0.127875 0.284866
v 0.152846 0.085425 0.324880
v 0.280156 0.048375 0.435069
v 0.531639 0.020374 0.652734
v 0.853116 0.006385 0.931036
v 0.454941 0.127875 -0.014662
v 0.489222 0.085425 0.036354
v 0.576188 0.048375 0.181148
v 0.747979 0.020374 0.467169
v 0.967554 0.006385 0.832850
v 0.873488 0.128142 -0.187055
v 0.887501 0.085425 -0.128240
v 0.926700 0.048375 0.036295
v 1.004132 0.020374 0.361310
v 1.103120 0.006385 0.776802
v 1.324805 0.127875 -0.221901
v 1.317210 0.085425 -0.160908
v 1.304872 0.048375 0.007545
v 1.280500 0.020374 0.340300
v 1.249394 0.006385 0.765704
v 1.770883 0.127875 -0.111664
v 1.747545 0.085425 -0.055045
v 1.683595 0.048375 0.100711
v 1.557270 0.020374 0.408386
v 1.395811 0.006385 0.801743
vn 0.2131 0.4461 -0.8692
vn 0.1840 0.6347 -0.7505
vn 0.4052 0.6340 -0.6587
vn 0.4691 0.4454 -0.7626
vn 0.0970 0.9134 -0.3954
vn 0.2136 0.9131 -0.3472
vn -0.1462 0.7894 0.5963
vn -0.3221 0.7888 0.5236
vn -0.2375 -0.0744 0.9685
vn -0.5225 -0.0742 0.8494
vn -0.2283 -0.2816 0.9320
vn -0.5029 -0.2811 0.8174
vn -0.0681 0.4471 -0.8919
vn -0.0587 0.6357 -0.7697
vn -0.0309 0.9138 -0.4051
vn 0.0467 0.7900 0.6114
vn 0.0758 -0.0746 0.9943
vn 0.0730 -0.2823 0.9565
vn -0.3414 0.4471 -0.8268
vn -0.2946 0.6357 -0.7135
vn -0.1551 0.9138 -0.3755
vn 0.2340 0.7900 0.5667
vn 0.3806 -0.0746 0.9217
vn 0.3661 -0.2823 0.8867
vn -0.5822 0.4461 -0.6798
vn -0.5027 0.6347 -0.5869
vn -0.2649 0.9134 -0.3091
vn 0.3993 0.7894 0.4663
vn 0.6487 -0.0744 0.7574
vn 0.6240 -0.2816 0.7289
vn -0.7626 0.4454 -0.4691
vn -0.6587 0.6340 -0.4052
vn -0.3472 0.9131 -0.2136
vn 0.5236 0.7888 0.3221
vn 0.8494 -0.0742 0.5225
vn 0.8174 -0.2811 0.5029
vn 0.8692 0.4461 0.2131
vn 0.7505 0.6347 0.1840
vn 0.6587 0.6340 0.4052
vn 0.7626 0.4454 0.4691
vn 0.3954 0.9134 0.0970
vn 0.3472 0.9131 0.2136
vn -0.5963 0.7894 -0.1462
vn -0.5236 0.7888 -0.3221
vn -0.9685 -0.0744 -0.2375
vn -0.8494 -0.0742 -0.5225
vn -0.9320 -0.2816 -0.2283
vn -0.8174 -0.2811 -0.5029
vn 0.8919 0.4471 -0.0681
vn 0.7697 0.6357 -0.0587
vn 0.4051 0.9138 -0.0309
vn -0.6114 0.7900 0.0467
vn -0.9943 -0.0746 0.0758
vn -0.9565 -0.2823 0.0730
vn 0.8268 0.4471 -0.3414
vn 0.7135 0.6357 -0.2946
vn 0.3755 0.9138 -0.1551
vn -0.5667 0.7900 0.2340
vn -0.9217 -0.0746 0.3806
vn -0.8867 -0.2823 0.3661
vn 0.6798 0.4461 -0.5822
vn 0.5869 0.6347 -0.5027
vn 0.3092 0.9134 -0.2649
vn -0.4663 0.7894 0.3993
vn -0.7574 -0.0744 0.6487
vn -0.7289 -0.2816 0.6240
vn -0.2131 0.4461 0.8692
vn -0.1840 0.6347 0.7505
vn -0.4052 0.6340 0.6587
vn -0.4691 0.4454 0.7626
vn -0.0970 0.9134 0.3954
vn -0.2136 0.9131 0.3472
vn 0.1462 0.7894 -0.5963
vn 0.3221 0.7888 -0.5236
vn 0.2375 -0.0744 -0.9685
vn 0.5225 -0.0742 -0.8494
vn 0.2283 -0.2816 -0.9320
vn 0.5029 -0.2811 -0.8174
vn 0.0681 0.4471 0.8919
vn 0.0587 0.6357 0.7697
vn 0.0309 0.9138 0.4051
vn -0.0467 0.7900 -0.6114
vn -0.0758 -0.0746 -0.9943
vn -0.0730 -0.2823 -0.9565
vn 0.3414 0.4471 0.8268
vn 0.2946 0.6357 0.7135
vn 0.1551 0.9138 0.3755
vn -0.2340 0.7900 -0.5667
vn -0.3806 -0.0746 -0.9217
vn -0.3661 -0.2823 -0.8867
vn 0.5822 0.4461 0.6798
vn 0.5027 0.6347 0.5869
vn 0.2649 0.9134 0.3091
vn -0.3993 0.7894 -0.4663
vn -0.6487 -0.0744 -0.7574
vn -0.6240 -0.2816 -0.7289
vn -0.8692 0.4461 -0.2131
vn -0.7505 0.6347 -0.1840
vn -0.3954 0.9134 -0.0970
vn 0.5963 0.7894 0.1462
vn 0.9685 -0.0744 0.2375
vn 0.9320 -0.2816 0.2283
vn -0.8919 0.4471 0.0681
vn -0.7697 0.6357 0.0587
vn -0.4051 0.9138 0.0309
vn 0.6114 0.7900 -0.0467
vn 0.9943 -0.0746 -0.0758
vn 0.9565 -0.2823 -0.0730
vn -0.8268 0.4471 0.3414
vn -0.7135 0.6357 0.2946
vn -0.3755 0.9138 0.1551
vn 0.5667 0.7900 -0.2340
vn 0.9217 -0.0746 -0.3806
vn 0.8867 -0.2823 -0.3661
vn -0.6798 0.4461 0.5822
vn -0.5869 0.6347 0.5027
vn -0.3092 0.9134 0.2649
vn 0.4663 0.7894 -0.3993
vn 0.7574 -0.0744 -0.6487
vn 0.7289 -0.2816 -0.6240
vn 0.2378 -0.0493 -0.9701
vn 0.2345 0.1727 -0.9566
vn 0.5161 0.1724 -0.8390
vn 0.5233 -0.0492 -0.8507
vn 0.2276 0.2946 -0.9281
vn 0.5008 0.2940 -0.8141
vn 0.2214 0.3680 -0.9031
vn 0.4873 0.3674 -0.7922
vn 0.2174 0.4077 -0.8868
vn 0.4786 0.4070 -0.7780
vn -0.0760 -0.0494 -0.9959
vn -0.0749 0.1732 -0.9820
vn -0.0727 0.2953 -0.9526
vn -0.0707 0.3688 -0.9268
vn -0.0694 0.4086 -0.9101
vn -0.3812 -0.0494 -0.9232
vn -0.3759 0.1732 -0.9103
vn -0.3647 0.2953 -0.8831
vn -0.3548 0.3689 -0.8591
vn -0.3484 0.4086 -0.8436
vn -0.6496 -0.0493 -0.7586
vn -0.6407 0.1727 -0.7481
vn -0.6216 0.2946 -0.7258
vn -0.6048 0.3680 -0.7062
vn -0.5939 0.4077 -0.6935
vn -0.8507 -0.0492 -0.5233
vn -0.8390 0.1724 -0.5161
vn -0.8141 0.2940 -0.5008
vn -0.7922 0.3674 -0.4873
vn -0.7780 0.4070 -0.4786
vn 0.9710 -0.0494 0.2341
vn 0.9566 0.1735 0.2341
vn 0.8377 0.1806 0.5154
vn 0.7076 0.5565 0.4353
vn 0.9281 0.2946 0.2276
vn 0.8141 0.2940 0.5008
vn 0.9031 0.3680 0.2214
vn 0.7922 0.3674 0.4873
vn 0.8868 0.4077 0.2174
vn 0.7780 0.4070 0.4786
vn 0.9959 -0.0494 -0.0760
vn 0.9820 0.1732 -0.0749
vn 0.9526 0.2953 -0.0727
vn 0.9268 0.3688 -0.0707
vn 0.9101 0.4086 -0.0694
vn 0.9232 -0.0494 -0.3812
vn 0.9103 0.1732 -0.3759
vn 0.8831 0.2953 -0.3647
vn 0.8591 0.3688 -0.3548
vn 0.8436 0.4086 -0.3484
vn 0.7586 -0.0493 -0.6496
vn 0.7481 0.1727 -0.6407
vn 0.7258 0.2946 -0.6216
vn 0.7062 0.3680 -0.6048
vn 0.6935 0.4077 -0.5939
vn -0.2378 -0.0493 0.9701
vn -0.2345 0.1727 0.9566
vn -0.5161 0.1724 0.8390
vn -0.5233 -0.0492 0.8507
vn -0.2276 0.2946 0.9281
vn -0.5008 0.2940 0.8141
vn -0.2214 0.3680 0.9031
vn -0.4873 0.3674 0.7922
vn -0.2174 0.4077 0.8868
vn -0.4786 0.4070 0.7780
vn 0.0760 -0.0494 0.9959
vn 0.0749 0.1732 0.9820
vn 0.0727 0.2953 0.9526
vn 0.0707 0.3688 0.9268
vn 0.0694 0.4086 0.9101
vn 0.3812 -0.0494 0.9232
vn 0.3759 0.1732 0.9103
vn 0.3647 0.2953 0.8831
vn 0.3548 0.3689 0.8591
vn 0.3484 0.4086 0.8436
vn 0.6467 -0.0494 0.7611
vn 0.6403 0.1735 0.7483
vn 0.6216 0.2946 0.7258
vn 0.6048 0.3680 0.7062
vn 0.5939 0.4077 0.6935
vn -0.9701 -0.0493 -0.2378
vn -0.9566 0.1727 -0.2345
vn -0.9281 0.2946 -0.2276
vn -0.9031 0.3680 -0.2214
vn -0.8868 0.4077 -0.2174
vn -0.9959 -0.0494 0.0760
vn -0.9820 0.1732 0.0749
vn -0.9526 0.2953 0.0727
vn -0.9268 0.3688 0.0707
vn -0.9101 0.4086 0.0694
vn -0.9232 -0.0494 0.3812
vn -0.9103 0.1732 0.3759
vn -0.8831 0.2953 0.3647
vn -0.8591 0.3688 0.3548
vn -0.8436 0.4086 0.3484
vn -0.7586 -0.0493 0.6496
vn -0.7481 0.1727 0.6407
vn -0.7258 0.2946 0.6216
vn -0.7062 0.3680 0.6048
vn -0.6935 0.4077 0.5939
vn 0.1894 -0.6152 -0.7653
vn 0.1666 -0.7149 -0.6791
vn 0.3693 -0.7095 -0.6003
vn 0.4300 -0.5715 -0.6990
vn 0.1636 -0.7267 -0.6672
vn 0.3603 -0.7260 -0.5857
vn 0.1881 -0.6133 -0.7671
vn 0.4142 -0.6125 -0.6733
vn 0.2216 -0.3654 -0.9041
vn 0.4879 -0.3648 -0.7930
vn 0.0203 -0.5813 -0.8134
vn -0.0566 -0.7184 -0.6934
vn -0.0522 -0.7276 -0.6840
vn -0.0600 -0.6143 -0.7868
vn -0.0708 -0.3662 -0.9278
vn -0.3849 -0.5813 -0.7169
vn -0.2621 -0.7184 -0.6444
vn -0.2618 -0.7276 -0.6341
vn -0.3012 -0.6143 -0.7293
vn -0.3552 -0.3662 -0.8601
vn -0.5141 -0.6152 -0.5977
vn -0.4549 -0.7149 -0.5310
vn -0.4469 -0.7267 -0.5218
vn -0.5138 -0.6133 -0.5999
vn -0.6055 -0.3654 -0.7070
vn -0.6990 -0.5715 -0.4300
vn -0.6003 -0.7095 -0.3693
vn -0.5857 -0.7260 -0.3603
vn -0.6733 -0.6125 -0.4142
vn -0.7930 -0.3648 -0.4879
vn 0.7653 -0.6152 0.1894
vn 0.6791 -0.7149 0.1666
vn 0.6003 -0.7095 0.3693
vn 0.6990 -0.5715 0.4300
vn 0.6672 -0.7267 0.1636
vn 0.5857 -0.7260 0.3603
vn 0.7671 -0.6133 0.1881
vn 0.6733 -0.6125 0.4142
vn 0.9038 -0.3663 0.2211
vn 0.7898 -0.3743 0.4859
vn 0.8134 -0.5813 0.0203
vn 0.6934 -0.7184 -0.0566
vn 0.6840 -0.7276 -0.0522
vn 0.7868 -0.6143 -0.0600
vn 0.9278 -0.3662 -0.0708
vn 0.7169 -0.5813 -0.3849
vn 0.6444 -0.7184 -0.2621
vn 0.6341 -0.7276 -0.2618
vn 0.7293 -0.6143 -0.3012
vn 0.8601 -0.3662 -0.3552
vn 0.5977 -0.6152 -0.5141
vn 0.5310 -0.7149 -0.4549
vn 0.5218 -0.7267 -0.4469
vn 0.5999 -0.6133 -0.5138
vn 0.7070 -0.3654 -0.6055
vn -0.1894 -0.6152 0.7653
vn -0.1666 -0.7149 0.6791
vn -0.3693 -0.7095 0.6003
vn -0.4300 -0.5715 0.6990
vn -0.1636 -0.7267 0.6672
vn -0.3603 -0.7260 0.5857
vn -0.1881 -0.6133 0.7671
vn -0.4142 -0.6125 0.6733
vn -0.2216 -0.3654 0.9041
vn -0.4879 -0.3648 0.7930
vn -0.0203 -0.5813 0.8134
vn 0.0566 -0.7184 0.6934
vn 0.0522 -0.7276 0.6840
vn 0.0600 -0.6143 0.7868
vn 0.0708 -0.3662 0.9278
vn 0.3849 -0.5813 0.7169
vn 0.2621 -0.7184 0.6444
vn 0.2618 -0.7276 0.6341
vn 0.3012 -0.6143 0.7293
vn 0.3552 -0.3662 0.8601
vn 0.5141 -0.6152 0.5977
vn 0.4549 -0.7149 0.5310
vn 0.4469 -0.7267 0.5218
vn 0.5138 -0.6133 0.5999
vn 0.6049 -0.3663 0.7070
vn -0.7653 -0.6152 -0.1894
vn -0.6791 -0.7149 -0.1666
vn -0.6672 -0.7267 -0.1636
vn -0.7671 -0.6133 -0.1881
vn -0.9041 -0.3654 -0.2216
vn -0.8134 -0.5813 -0.0203
vn -0.6934 -0.7184 0.0566
vn -0.6840 -0.7276 0.0522
vn -0.7868 -0.6143 0.0600
vn -0.9278 -0.3662 0.0708
vn -0.7169 -0.5813 0.3849
vn -0.6444 -0.7184 0.2621
vn -0.6341 -0.7276 0.2618
vn -0.7293 -0.6143 0.3012
vn -0.8601 -0.3662 0.3552
vn -0.5977 -0.6152 0.5141
vn -0.5310 -0.7149 0.4549
vn -0.5218 -0.7267 0.4469
vn -0.5999 -0.6133 0.5138
vn -0.7070 -0.3654 0.6055
vn 0.9945 0.0431 0.0960
vn 0.8539 0.5201 0.0186
vn 0.7016 0.5669 0.4316
vn 0.8509 0.0451 0.5234
vn 0.5072 0.8504 -0.1398
vn 0.3381 0.9178 0.2080
vn 0.2907 0.9267 -0.2383
vn 0.1143 0.9910 0.0703
vn 0.2095 0.9358 -0.2835
vn 0.0277 0.9995 0.0171
vn 0.1858 0.9396 -0.2874
vn 0.0071 1.0000 0.0044
vn 0.8309 0.0238 -0.5559
vn 0.7635 0.2644 -0.5892
vn 0.6046 0.4446 -0.6610
vn 0.5049 0.4943 -0.7076
vn 0.4669 0.4981 -0.7307
vn 0.4432 0.5443 -0.7123
vn 0.1495 -0.0279 -0.9884
vn 0.2197 -0.2571 -0.9411
vn 0.3326 -0.4359 -0.8363
vn 0.4091 -0.4895 -0.7701
vn 0.4435 -0.4958 -0.7466
vn 0.4662 -0.4464 -0.7638
vn -0.5240 -0.0788 -0.8481
vn -0.3335 -0.6258 -0.7051
vn -0.0408 -0.8883 -0.4574
vn 0.1057 -0.9320 -0.3468
vn 0.1646 -0.9360 -0.3112
vn 0.1858 -0.9313 -0.3133
vn -0.8478 -0.0959 -0.5216
vn -0.6003 -0.7094 -0.3693
vn -0.2401 -0.9595 -0.1477
vn -0.0795 -0.9956 -0.0489
vn -0.0199 -0.9997 -0.0122
vn -0.0052 -1.0000 -0.0032
vn -0.9932 -0.0788 -0.0853
vn -0.7797 -0.6258 0.0202
vn -0.4266 -0.8883 0.1698
vn -0.2619 -0.9320 0.2507
vn -0.2036 -0.9360 0.2873
vn -0.1959 -0.9313 0.3071
vn -0.8148 -0.0279 0.5791
vn -0.7409 -0.2571 0.6204
vn -0.5964 -0.4359 0.6740
vn -0.5029 -0.4895 0.7124
vn -0.4665 -0.4958 0.7325
vn -0.4715 -0.4464 0.7605
vn -0.1215 0.0238 0.9923
vn -0.1817 0.2644 0.9471
vn -0.3174 0.4446 0.8376
vn -0.4039 0.4943 0.7698
vn -0.4417 0.4981 0.7462
vn -0.4360 0.5443 0.7167
vn 0.5341 0.0431 0.8444
vn 0.4016 0.5201 0.7538
vn 0.1039 0.8504 0.5157
vn -0.0816 0.9267 0.3669
vn -0.1586 0.9358 0.3148
vn -0.1727 0.9396 0.2954
vn 0.5519 -0.8329 -0.0414
vn 0.6142 -0.7879 -0.0448
vn 0.4519 -0.8476 0.2780
vn 0.4013 -0.8821 0.2469
vn 0.7344 -0.6787 -0.0041
vn 0.5706 -0.7424 0.3510
vn 0.8598 -0.5096 0.0337
vn 0.7011 -0.5679 0.4313
vn 0.9577 -0.2777 0.0755
vn 0.8095 -0.3109 0.4980
vn 0.6654 -0.5261 -0.5296
vn 0.6873 -0.4113 -0.5987
vn 0.7380 -0.3335 -0.5867
vn 0.7796 -0.2350 -0.5805
vn 0.8139 -0.1259 -0.5672
vn 0.3059 0.3534 -0.8840
vn 0.2196 0.4011 -0.8893
vn 0.1870 0.3142 -0.9308
vn 0.1714 0.2163 -0.9612
vn 0.1538 0.1173 -0.9811
vn -0.2128 0.8009 -0.5598
vn -0.2879 0.7529 -0.5918
vn -0.3845 0.6139 -0.6894
vn -0.4490 0.4473 -0.7735
vn -0.5013 0.2545 -0.8270
vn -0.5124 0.7988 -0.3153
vn -0.6445 0.6537 -0.3965
vn -0.7458 0.4829 -0.4588
vn -0.8178 0.2795 -0.5031
vn -0.5956 0.8009 0.0625
vn -0.6580 0.7529 0.0099
vn -0.7887 0.6139 -0.0323
vn -0.8929 0.4473 -0.0520
vn -0.9642 0.2544 -0.0745
vn -0.6511 0.3534 0.6717
vn -0.6948 0.4011 0.5970
vn -0.7465 0.3142 0.5866
vn -0.7806 0.2163 0.5864
vn -0.8064 0.1173 0.5796
vn -0.1727 -0.5261 0.8327
vn -0.2245 -0.4113 0.8834
vn -0.1909 -0.3335 0.9232
vn -0.1666 -0.2350 0.9576
vn -0.1392 -0.1259 0.9822
vn 0.2119 -0.8329 0.5113
vn 0.2369 -0.7879 0.5684
vn 0.3275 -0.6787 0.6574
vn 0.4178 -0.5096 0.7522
vn 0.4992 -0.2777 0.8208
vn -0.1332 -0.6229 -0.7708
vn -0.3002 -0.4538 -0.8390
vn -0.6847 -0.5948 -0.4212
vn -0.5139 -0.7974 -0.3162
vn -0.4963 -0.2741 -0.8238
vn -0.7964 -0.3545 -0.4900
vn -0.4846 -0.4097 -0.7728
vn -0.7466 -0.4813 -0.4593
vn -0.2002 -0.7173 -0.6674
vn -0.4862 -0.8211 -0.2991
vn -0.0274 -0.8119 -0.5832
vn -0.3149 -0.9291 -0.1937
vn 0.3435 -0.1170 -0.9318
vn 0.2497 -0.0532 -0.9669
vn 0.0641 -0.0039 -0.9979
vn 0.0156 -0.1150 -0.9932
vn 0.2186 -0.2938 -0.9305
vn 0.3287 -0.3586 -0.8737
vn 0.6408 0.3201 -0.6978
vn 0.6782 0.3052 -0.6685
vn 0.6880 0.3119 -0.6553
vn 0.6159 0.3468 -0.7074
vn 0.5410 0.3493 -0.7651
vn 0.5219 0.3125 -0.7937
vn 0.7749 0.5921 -0.2212
vn 0.8726 0.4782 -0.0998
vn 0.9122 0.4093 0.0181
vn 0.8141 0.5799 -0.0307
vn 0.5451 0.8022 -0.2436
vn 0.4189 0.8341 -0.3589
vn 0.6203 0.6853 0.3816
vn 0.7368 0.5017 0.4533
vn 0.7836 0.3920 0.4820
vn 0.6789 0.6039 0.4176
vn 0.3472 0.9132 0.2136
vn 0.1707 0.9797 0.1050
vn 0.1519 0.5921 0.7914
vn 0.3043 0.4782 0.8239
vn 0.4275 0.4093 0.8061
vn 0.3397 0.5799 0.7405
vn 0.0283 0.8022 0.5964
vn -0.1315 0.8341 0.5358
vn -0.3339 0.3201 0.8866
vn -0.2909 0.3052 0.9068
vn -0.2747 0.3119 0.9095
vn -0.3537 0.3468 0.8687
vn -0.4390 0.3493 0.8278
vn -0.4731 0.3125 0.8237
vn -0.6768 -0.1170 0.7268
vn -0.7504 -0.0532 0.6588
vn -0.8618 -0.0039 0.5072
vn -0.8795 -0.1150 0.4618
vn -0.7320 -0.2938 0.6147
vn -0.6316 -0.3586 0.6874
vn -0.7481 -0.6229 0.2287
vn -0.8843 -0.4538 0.1103
vn -0.9590 -0.2741 -0.0715
vn -0.9083 -0.4097 -0.0841
vn -0.6860 -0.7173 0.1223
vn -0.5329 -0.8119 0.2385
vn 0.0089 0.7996 0.6005
vn 0.0444 0.8675 0.4955
vn 0.2900 0.9402 0.1784
vn 0.3241 0.9248 0.1994
vn 0.0456 0.9750 0.2174
vn 0.1421 0.9860 0.0874
vn -0.1249 0.3100 -0.9425
vn -0.8509 0.0450 -0.5235
vn -0.0730 -0.6404 -0.7646
vn -0.4346 -0.8600 -0.2674
vn -0.4011 0.3602 0.8422
vn -0.2966 0.6006 0.7425
vn -0.0958 0.9401 0.3271
vn 0.2466 0.7645 -0.5957
vn 0.3716 0.0626 -0.9263
vn -0.6873 -0.1715 0.7059
vn -0.6301 0.1855 0.7541
vn -0.2600 0.8901 0.3744
vn 0.2893 0.9032 -0.3171
vn 0.5463 0.5611 -0.6218
vn -0.7699 -0.5960 0.2280
vn -0.8725 -0.3220 0.3676
vn -0.4947 0.8273 0.2660
vn 0.2809 0.9540 -0.1045
vn 0.5626 0.8001 -0.2081
vn -0.5708 -0.7422 -0.3512
vn -0.6808 -0.6010 -0.4188
vn -0.5085 0.8022 -0.3128
vn 0.2032 0.9711 0.1250
vn 0.4077 0.8780 0.2508
vn -0.1437 -0.5960 -0.7900
vn -0.0652 -0.3220 -0.9445
vn 0.0144 0.8273 -0.5615
vn 0.0334 0.9540 0.2979
vn 0.0679 0.8001 0.5960
vn 0.3202 -0.1715 -0.9317
vn 0.3890 0.1855 -0.9024
vn 0.2170 0.8901 -0.4009
vn -0.1526 0.9032 0.4012
vn -0.3087 0.5611 0.7680
vn 0.5709 0.3602 -0.7378
vn 0.5291 0.6006 -0.5995
vn 0.2488 0.9401 -0.2330
vn -0.4205 0.7645 0.4887
vn -0.6592 0.0626 0.7493
vn 0.5399 0.7996 -0.2628
vn 0.4623 0.8675 -0.1838
vn 0.2146 0.9750 -0.0574
vn -0.8976 0.3100 0.3135
vn -0.7153 -0.6404 0.2796
vn 0.1610 0.7372 -0.6562
vn 0.2303 -0.2662 -0.9360
vn 0.5052 -0.2653 -0.8212
vn 0.3544 0.7366 -0.5761
vn 0.1935 -0.5884 -0.7851
vn 0.4241 -0.5873 -0.6893
vn 0.2380 -0.1062 -0.9654
vn 0.5210 -0.1059 -0.8469
vn 0.0991 0.9113 -0.3996
vn 0.2161 0.9110 -0.3513
vn -0.0000 1.0000 -0.0000
vn -0.0513 0.7380 -0.6729
vn -0.0729 -0.2673 -0.9608
vn -0.0609 -0.5898 -0.8053
vn -0.0749 -0.1065 -0.9915
vn -0.0307 0.9119 -0.4093
vn -0.2576 0.7380 -0.6237
vn -0.3682 -0.2673 -0.8905
vn -0.3088 -0.5898 -0.7462
vn -0.3802 -0.1065 -0.9188
vn -0.1572 0.9119 -0.3792
vn -0.4396 0.7372 -0.5131
vn -0.6276 -0.2662 -0.7316
vn -0.5267 -0.5884 -0.6135
vn -0.6478 -0.1062 -0.7544
vn -0.2687 0.9113 -0.3120
vn -0.5761 0.7366 -0.3544
vn -0.8212 -0.2653 -0.5052
vn -0.6893 -0.5873 -0.4241
vn -0.8469 -0.1059 -0.5210
vn -0.3513 0.9110 -0.2161
vn 0.6562 0.7372 0.1610
vn 0.9360 -0.2662 0.2303
vn 0.8212 -0.2653 0.5052
vn 0.5761 0.7366 0.3544
vn 0.7851 -0.5884 0.1935
vn 0.6893 -0.5873 0.4241
vn 0.9654 -0.1062 0.2380
vn 0.8469 -0.1059 0.5210
vn 0.3996 0.9113 0.0991
vn 0.3513 0.9110 0.2161
vn 0.6729 0.7380 -0.0513
vn 0.9608 -0.2673 -0.0729
vn 0.8053 -0.5898 -0.0609
vn 0.9915 -0.1065 -0.0749
vn 0.4093 0.9119 -0.0307
vn 0.6237 0.7380 -0.2576
vn 0.8905 -0.2673 -0.3682
vn 0.7462 -0.5898 -0.3088
vn 0.9188 -0.1065 -0.3802
vn 0.3792 0.9119 -0.1572
vn 0.5131 0.7372 -0.4396
vn 0.7316 -0.2662 -0.6276
vn 0.6135 -0.5884 -0.5267
vn 0.7544 -0.1062 -0.6478
vn 0.3120 0.9113 -0.2687
vn -0.1610 0.7372 0.6562
vn -0.2303 -0.2662 0.9360
vn -0.5052 -0.2653 0.8212
vn -0.3544 0.7366 0.5761
vn -0.1935 -0.5884 0.7851
vn -0.4241 -0.5873 0.6893
vn -0.2380 -0.1062 0.9654
vn -0.5210 -0.1059 0.8469
vn -0.0991 0.9113 0.3996
vn -0.2161 0.9110 0.3513
vn 0.0513 0.7380 0.6729
vn 0.0729 -0.2673 0.9608
vn 0.0609 -0.5898 0.8053
vn 0.0749 -0.1065 0.9915
vn 0.0307 0.9119 0.4093
vn 0.2576 0.7380 0.6237
vn 0.3682 -0.2673 0.8905
vn 0.3088 -0.5898 0.7462
vn 0.3802 -0.1065 0.9188
vn 0.1572 0.9119 0.3792
vn 0.4396 0.7372 0.5131
vn 0.6276 -0.2662 0.7316
vn 0.5267 -0.5884 0.6135
vn 0.6478 -0.1062 0.7544
vn 0.2687 0.9113 0.3120
vn -0.6562 0.7372 -0.1610
vn -0.9360 -0.2662 -0.2303
vn -0.7851 -0.5884 -0.1935
vn -0.9654 -0.1062 -0.2380
vn -0.3996 0.9113 -0.0991
vn -0.6729 0.7380 0.0513
vn -0.9608 -0.2673 0.0729
vn -0.8053 -0.5898 0.0609
vn -0.9915 -0.1065 0.0749
vn -0.4093 0.9119 0.0307
vn -0.6237 0.7380 0.2576
vn -0.8905 -0.2673 0.3682
vn -0.7462 -0.5898 0.3088
vn -0.9188 -0.1065 0.3802
vn -0.3792 0.9119 0.1572
vn -0.5131 0.7372 0.4396
vn -0.7316 -0.2662 0.6276
vn -0.6135 -0.5884 0.5267
vn -0.7544 -0.1062 0.6478
vn -0.3120 0.9113 0.2687
vn 0.1387 0.8120 -0.5669
vn 0.0769 0.9465 -0.3135
vn 0.1694 0.9463 -0.2754
vn 0.3062 0.8114 -0.4978
vn 0.0388 0.9866 -0.1583
vn 0.0856 0.9866 -0.1391
vn 0.0411 0.9850 -0.1674
vn 0.0905 0.9850 -0.1471
vn 0.0643 0.9629 -0.2621
vn 0.1417 0.9627 -0.2303
vn -0.0444 0.8127 -0.5809
vn -0.0245 0.9467 -0.3211
vn -0.0124 0.9867 -0.1621
vn -0.0131 0.9851 -0.1714
vn -0.0205 0.9631 -0.2685
vn -0.2223 0.8127 -0.5386
vn -0.1229 0.9467 -0.2977
vn -0.0621 0.9867 -0.1503
vn -0.0656 0.9851 -0.1589
vn -0.1028 0.9631 -0.2489
vn -0.3795 0.8120 -0.4435
vn -0.2100 0.9465 -0.2451
vn -0.1060 0.9866 -0.1238
vn -0.1121 0.9850 -0.1309
vn -0.1756 0.9629 -0.2050
vn -0.4978 0.8114 -0.3062
vn -0.2754 0.9463 -0.1694
vn -0.1391 0.9866 -0.0856
vn -0.1471 0.9850 -0.0905
vn -0.2303 0.9627 -0.1417
vn 0.5669 0.8120 0.1387
vn 0.3135 0.9465 0.0769
vn 0.2754 0.9463 0.1694
vn 0.4978 0.8114 0.3062
vn 0.1583 0.9866 0.0388
vn 0.1391 0.9866 0.0856
vn 0.1674 0.9850 0.0411
vn 0.1471 0.9850 0.0905
vn 0.2621 0.9629 0.0643
vn 0.2303 0.9627 0.1417
vn 0.5809 0.8127 -0.0444
vn 0.3211 0.9467 -0.0245
vn 0.1621 0.9867 -0.0124
vn 0.1714 0.9851 -0.0131
vn 0.2685 0.9631 -0.0205
vn 0.5386 0.8127 -0.2223
vn 0.2977 0.9467 -0.1229
vn 0.1503 0.9867 -0.0621
vn 0.1589 0.9851 -0.0656
vn 0.2489 0.9631 -0.1028
vn 0.4435 0.8120 -0.3795
vn 0.2451 0.9465 -0.2100
vn 0.1238 0.9866 -0.1060
vn 0.1309 0.9850 -0.1121
vn 0.2050 0.9629 -0.1756
vn -0.1387 0.8120 0.5669
vn -0.0769 0.9465 0.3135
vn -0.1694 0.9463 0.2754
vn -0.3062 0.8114 0.4978
vn -0.0388 0.9866 0.1583
vn -0.0856 0.9866 0.1391
vn -0.0411 0.9850 0.1674
vn -0.0905 0.9850 0.1471
vn -0.0643 0.9629 0.2621
vn -0.1417 0.9627 0.2303
vn 0.0444 0.8127 0.5809
vn 0.0245 0.9467 0.3211
vn 0.0124 0.9867 0.1621
vn 0.0131 0.9851 0.1714
vn 0.0205 0.9631 0.2685
vn 0.2223 0.8127 0.5386
vn 0.1229 0.9467 0.2977
vn 0.0621 0.9867 0.1503
vn 0.0656 0.9851 0.1589
vn 0.1028 0.9631 0.2489
vn 0.3795 0.8120 0.4435
vn 0.2100 0.9465 0.2451
vn 0.1060 0.9866 0.1238
vn 0.1121 0.9850 0.1309
vn 0.1756 0.9629 0.2050
vn -0.5669 0.8120 -0.1387
vn -0.3135 0.9465 -0.0769
vn -0.1583 0.9866 -0.0388
vn -0.1674 0.9850 -0.0411
vn -0.2621 0.9629 -0.0643
vn -0.5809 0.8127 0.0444
vn -0.3211 0.9467 0.0245
vn -0.1621 0.9867 0.0124
vn -0.1714 0.9851 0.0131
vn -0.2685 0.9631 0.0205
vn -0.5386 0.8127 0.2223
vn -0.2977 0.9467 0.1229
vn -0.1503 0.9867 0.0621
vn -0.1589 0.9851 0.0656
vn -0.2489 0.9631 0.1028
vn -0.4435 0.8120 0.3795
vn -0.2451 0.9465 0.2100
vn -0.1238 0.9866 0.1060
vn -0.1309 0.9850 0.1121
vn -0.2050 0.9629 0.1756
vn -0.6576 -0.4975 0.5658
vn -0.4564 -0.7992 0.3911
vn -0.3102 -0.8059 0.5043
vn -0.1729 -0.9738 0.1481
vn -0.1195 -0.9737 0.1942
vn -0.0664 -0.9962 0.0569
vn -0.0459 -0.9962 0.0746
vn -0.0242 -0.9995 0.0208
vn -0.0168 -0.9995 0.0273
vn -0.0000 -1.0000 -0.0000
vn -0.5630 -0.7954 0.2244
vn -0.2098 -0.9739 0.0867
vn -0.0806 -0.9962 0.0333
vn -0.0294 -0.9995 0.0122
vn -0.6037 -0.7954 0.0536
vn -0.2264 -0.9739 0.0173
vn -0.0869 -0.9962 0.0066
vn -0.0318 -0.9995 0.0024
vn -0.8420 -0.4975 -0.2085
vn -0.5837 -0.7992 -0.1433
vn -0.2211 -0.9738 -0.0542
vn -0.0849 -0.9962 -0.0208
vn -0.0310 -0.9995 -0.0076
vn -0.5043 -0.8059 -0.3102
vn -0.1942 -0.9737 -0.1195
vn -0.0746 -0.9962 -0.0459
vn -0.0273 -0.9995 -0.0168
vn 0.5658 -0.4975 0.6576
vn 0.3911 -0.7992 0.4564
vn 0.5043 -0.8059 0.3102
vn 0.1481 -0.9738 0.1729
vn 0.1942 -0.9737 0.1195
vn 0.0569 -0.9962 0.0664
vn 0.0746 -0.9962 0.0459
vn 0.0208 -0.9995 0.0242
vn 0.0273 -0.9995 0.0168
vn 0.2244 -0.7954 0.5630
vn 0.0867 -0.9739 0.2098
vn 0.0333 -0.9962 0.0806
vn 0.0122 -0.9995 0.0294
vn 0.0536 -0.7954 0.6037
vn 0.0173 -0.9739 0.2264
vn 0.0066 -0.9962 0.0869
vn 0.0024 -0.9995 0.0318
vn -0.2085 -0.4975 0.8420
vn -0.1433 -0.7992 0.5837
vn -0.0542 -0.9738 0.2211
vn -0.0208 -0.9962 0.0849
vn -0.0076 -0.9995 0.0310
vn 0.6576 -0.4975 -0.5658
vn 0.4564 -0.7992 -0.3911
vn 0.3102 -0.8059 -0.5043
vn 0.1729 -0.9738 -0.1481
vn 0.1195 -0.9737 -0.1942
vn 0.0664 -0.9962 -0.0569
vn 0.0459 -0.9962 -0.0746
vn 0.0242 -0.9995 -0.0208
vn 0.0168 -0.9995 -0.0273
vn 0.5630 -0.7954 -0.2244
vn 0.2098 -0.9739 -0.0867
vn 0.0806 -0.9962 -0.0333
vn 0.0294 -0.9995 -0.0122
vn 0.6037 -0.7954 -0.0536
vn 0.2264 -0.9739 -0.0173
vn 0.0869 -0.9962 -0.0066
vn 0.0318 -0.9995 -0.0024
vn 0.8420 -0.4975 0.2085
vn 0.5837 -0.7992 0.1433
vn 0.2211 -0.9738 0.0542
vn 0.0849 -0.9962 0.0208
vn 0.0310 -0.9995 0.0076
vn -0.5658 -0.4975 -0.6576
vn -0.3911 -0.7992 -0.4564
vn -0.1481 -0.9738 -0.1729
vn -0.0569 -0.9962 -0.0664
vn -0.0208 -0.9995 -0.0242
vn -0.2244 -0.7954 -0.5630
vn -0.0867 -0.9739 -0.2098
vn -0.0333 -0.9962 -0.0806
vn -0.0122 -0.9995 -0.0294
vn -0.0536 -0.7954 -0.6037
vn -0.0173 -0.9739 -0.2264
vn -0.0066 -0.9962 -0.0869
vn -0.0024 -0.9995 -0.0318
vn 0.2085 -0.4975 -0.8420
vn 0.1433 -0.7992 -0.5837
vn 0.0542 -0.9738 -0.2211
vn 0.0208 -0.9962 -0.0849
vn 0.0076 -0.9995 -0.0310
vn 0.9373 -0.2675 -0.2233
vn 0.0697 0.9911 -0.1134
vn 0.1622 0.9867 0.0134
vn 0.0631 0.9866 -0.1506
vn 0.8267 0.2407 0.5086
vn -0.0010 -0.9999 -0.0136
vn 0.5720 -0.5152 -0.6383
vn 0.5223 0.0791 -0.8491
vn 0.0398 0.9851 0.1672
vn 0.9685 0.0827 0.2351
vn -0.4231 -0.5892 -0.6884
vn 0.0595 0.9976 0.0366
vn 0.8227 -0.5311 0.2026
vn 0.1735 -0.1364 -0.9753
vn 0.5206 -0.1064 0.8471
vn -0.0568 -0.7145 0.6973
vn -0.5604 -0.5076 -0.6544
vn -0.5247 -0.5876 0.6159
vn 0.6449 -0.1060 -0.7569
vn 0.6608 0.3297 -0.6743
vn -0.0382 0.9870 0.1558
vn -0.7260 -0.6854 0.0554
vn -0.5720 -0.5152 0.6383
vn 0.1975 0.9791 0.0484
vn -0.9599 0.2706 0.0730
vn 0.4892 0.4065 -0.7716
vn 0.2002 0.3615 -0.9106
vn -0.1369 0.9870 -0.0842
vn -0.3045 0.8124 -0.4972
vn -0.4302 -0.9027 0.0115
vn -0.8181 -0.5666 -0.0986
vn -0.0264 -0.2698 -0.9626
vn 0.4130 0.7726 0.4822
vn -0.6555 -0.3263 0.6811
vn -0.7586 -0.0742 -0.6473
vn -0.1810 -0.6536 0.7349
vn -0.0167 0.9998 0.0141
vn 0.4052 0.9136 0.0334
vn 0.3650 -0.9267 0.0895
vn 0.6388 0.5393 -0.5488
vn 0.1134 0.9911 0.0697
vn 0.1439 0.4306 0.8910
vn -0.4858 0.8659 -0.1192
vn -0.8917 0.4467 -0.0734
vn 0.1066 -0.9901 -0.0913
vn 0.7448 0.6622 0.0825
vn 0.2218 -0.2209 0.9498
vn 0.2970 -0.7997 -0.5219
vn 0.3330 0.7720 -0.5414
vn -0.7436 -0.2042 0.6367
vn -0.5811 0.4456 0.6810
vn 0.2613 0.7367 -0.6237
vn -0.1934 -0.9356 0.2954
vn -0.4823 0.3907 0.7840
vn 0.5550 0.4985 0.6659
vn 0.0759 0.0795 0.9939
vn 0.2042 0.5142 -0.8330
vn 0.6564 0.7380 -0.1564
vn 0.0382 0.9870 -0.1558
vn -0.8517 -0.3881 0.3520
vn -0.1736 -0.6844 0.7081
vn 0.2115 0.4088 0.8878
vn 0.2243 0.3362 -0.9147
vn -0.3464 -0.7570 -0.5540
vn -0.3459 0.4225 -0.8377
vn -0.6449 -0.1060 0.7569
vn -0.5206 -0.1064 -0.8471
vn -0.2407 -0.4323 0.8690
vn 0.1875 0.9792 -0.0774
vn 0.6833 0.3754 -0.6262
vn -0.7926 0.3685 0.4858
vn 0.6912 0.7106 -0.1314
vn 0.4374 -0.7402 0.5107
vn 0.9523 0.2950 0.0784
vn -0.8257 0.4456 -0.3458
vn 0.1736 0.9790 0.1068
vn -0.0673 -0.5892 0.8052
vn 0.5247 -0.5876 -0.6159
vn 0.0377 0.9867 0.1581
vn 0.9349 0.2705 0.2297
vn 0.7270 0.2942 0.6204
vn -0.1717 0.9795 -0.1056
vn -0.0624 0.9631 -0.2618
vn -0.3206 -0.9265 -0.1972
vn 0.5276 -0.0035 -0.8495
vn -0.6314 -0.2405 -0.7372
vn -0.1294 -0.9902 0.0534
vn -0.0631 0.9866 0.1506
vn -0.2018 0.5393 0.8176
vn -0.7258 0.2944 0.6217
vn 0.0881 -0.9737 -0.2102
vn 0.0540 -0.9985 -0.0041
vn 0.0285 -0.9985 -0.0463
vn -0.0749 0.4083 0.9098
vn -0.2208 -0.9739 0.0526
vn 0.6601 -0.4930 -0.5668
vn -0.5174 0.5526 0.6534
vn -0.0949 -0.6702 -0.7360
vn -0.2243 0.3362 0.9147
vn 0.9359 -0.0522 0.3485
vn 0.3095 -0.5213 0.7953
vn -0.0265 0.9466 0.3213
vn -0.5413 0.7720 -0.3330
vn -0.4796 -0.4950 0.7245
vn -0.2783 -0.6202 0.7334
vn 0.1512 0.7726 -0.6166
vn 0.4095 0.6622 0.6276
vn 0.8420 -0.1504 0.5180
vn -0.4893 -0.6907 -0.5324
vn 0.4033 0.9145 -0.0308
vn 0.0861 0.9912 0.1003
vn -0.7953 -0.5213 0.3095
vn 0.7840 0.3907 0.4823
vn -0.2097 0.9463 0.2458
vn 0.3692 0.2942 -0.8816
vn 0.0895 -0.9267 -0.3650
vn 0.8578 0.3675 0.3593
vn -0.2205 0.9069 -0.3590
vn 0.2053 -0.8161 0.5402
vn -0.8265 -0.5274 0.1969
vn -0.4198 0.7899 -0.4470
vn -0.4374 -0.7402 -0.5107
vn 0.8846 0.4658 0.0214
vn -0.6531 -0.7402 -0.1601
vn -0.7132 0.6342 -0.2987
vn -0.8176 0.5393 -0.2018
vn 0.8891 -0.2655 0.3729
vn -0.2637 0.8548 0.4470
vn -0.0334 0.9136 0.4052
vn -0.2854 -0.9267 0.2445
vn -0.1197 -0.9901 -0.0737
vn 0.5798 -0.1312 -0.8041
vn 0.5043 -0.2669 0.8213
vn -0.5737 -0.7893 0.2189
vn -0.0500 -0.9985 0.0207
vn 0.2029 0.9712 0.1248
vn 0.6514 0.5142 -0.5579
vn -0.3658 0.8595 0.3569
vn -0.7371 0.2412 0.6313
vn 0.6430 -0.5311 -0.5518
vn 0.0744 -0.9962 -0.0456
vn 0.4243 0.9040 0.0516
vn 0.6730 -0.6139 -0.4125
vn 0.0246 -0.9995 0.0210
vn -0.0022 1.0000 -0.0014
vn -0.4614 0.8665 0.1906
vn -0.4052 0.9136 -0.0334
vn -0.0503 0.7898 0.6114
vn -0.1592 0.9850 -0.0667
vn -0.7309 0.5134 -0.4496
vn -0.0187 -0.9738 0.2265
vn 0.7917 -0.5552 0.2549
vn -0.3684 0.4796 0.7964
vn -0.3692 0.2942 0.8816
vn 0.3458 0.4456 -0.8257
vn -0.8471 -0.1063 0.5206
vn 0.2297 0.2705 -0.9349
vn -0.7182 -0.0916 -0.6898
vn 0.1581 0.9867 -0.0377
vn 0.2191 0.3913 -0.8938
vn -0.5230 -0.7262 -0.4463
vn 0.8938 0.3913 0.2191
vn 0.3805 0.1725 -0.9086
vn 0.0334 -0.9901 -0.1363
vn -0.8023 0.3356 -0.4936
vn 0.0784 0.2950 -0.9523
vn -0.1979 -0.5620 -0.8031
vn 0.5269 -0.1342 0.8393
vn -0.7935 -0.3659 0.4863
vn 0.4561 -0.7121 -0.5337
vn 0.2493 0.9628 0.1044
vn 0.6237 0.7367 0.2613
vn 0.0749 0.4083 -0.9098
vn 0.4231 -0.5892 0.6884
vn -0.3286 -0.5086 -0.7958
vn -0.7444 -0.5507 0.3775
vn 0.5709 0.3527 -0.7414
vn -0.0634 0.6353 0.7697
vn 0.8141 0.2939 0.5008
vn 0.2431 0.9167 -0.3170
vn 0.1786 0.2649 -0.9476
vn -0.0377 0.9867 -0.1581
vn -0.2052 -0.5076 0.8368
vn -0.0527 -0.9985 -0.0129
vn -0.7299 -0.2812 -0.6230
vn -0.3704 -0.2411 -0.8970
vn -0.3458 0.4456 0.8257
vn -0.3884 -0.8023 0.4533
vn -0.5130 -0.6127 0.6012
vn 0.6037 0.3675 -0.7075
vn 0.3990 0.7888 -0.4675
vn -0.7572 0.0793 0.6484
vn -0.6114 0.7898 -0.0503
vn -0.0456 -0.9962 -0.0744
vn -0.2618 0.9631 0.0624
vn 0.3763 0.9051 -0.1978
vn 0.3079 0.9141 -0.2637
vn -0.0763 -0.3659 0.9275
vn 0.7697 0.6353 0.0634
vn 0.6097 0.4065 -0.6805
vn -0.1206 0.7589 0.6399
vn 0.1307 0.9914 -0.0098
vn -0.5019 0.6342 0.5882
vn 0.9143 -0.4014 0.0547
vn 0.5130 -0.2038 -0.8339
vn -0.6266 0.2705 -0.7309
vn 0.8446 0.4985 0.1952
vn 0.3226 -0.7813 -0.5343
vn -0.1506 0.9866 -0.0631
vn 0.3211 0.9066 0.2737
vn 0.2987 0.6342 -0.7132
vn -0.9213 -0.0492 -0.3858
vn -0.5162 -0.0030 0.8565
vn 0.2154 0.3690 0.9041
vn 0.3858 -0.0492 -0.9213
vn 0.1672 0.9851 -0.0398
vn 0.5130 -0.6127 -0.6012
vn 0.3593 0.3675 -0.8578
vn 0.0129 -0.9985 -0.0527
vn 0.1188 -0.9738 0.1938
vn -0.8267 0.2407 -0.5086
vn -0.5200 -0.5615 -0.6437
vn 0.6839 -0.3036 0.6634
vn -0.0786 -0.2820 0.9562
vn -0.7783 0.4083 0.4771
vn -0.6215 -0.6837 -0.3824
vn -0.0807 -0.9962 -0.0338
vn 0.1044 0.9628 -0.2493
vn 0.4929 -0.6536 0.5743
vn 0.8268 -0.2400 0.5087
vn 0.8440 -0.5326 -0.0639
vn -0.2440 0.7942 -0.5566
vn -0.8184 -0.4859 0.3069
vn -0.9924 0.1101 -0.0549
vn -0.3647 0.2951 -0.8831
vn -0.7045 -0.0998 0.7027
vn -0.3824 -0.6837 0.6215
vn -0.0823 -0.5213 -0.8494
vn 0.0154 0.9792 0.2022
vn -0.8052 -0.5892 -0.0673
vn 0.3119 -0.5152 -0.7983
vn 0.6810 -0.5650 -0.4659
vn 0.0463 -0.9985 0.0285
vn -0.4414 0.5388 0.7175
vn -0.9214 0.0795 0.3805
vn 0.9581 0.1732 -0.2283
vn 0.0807 -0.9962 0.0338
vn 0.0851 0.9867 0.1388
vn 0.3219 0.5401 0.7776
vn 0.1971 0.9779 -0.0691
vn -0.0169 -0.9995 -0.0275
vn 0.0666 -0.9962 0.0568
vn 0.6884 0.6872 -0.2323
vn 0.9426 0.2412 0.2311
vn -0.1545 0.9791 0.1323
vn 0.0350 0.9069 -0.4198
vn -0.8578 0.3675 -0.3593
vn 0.6314 -0.2405 0.7372
vn -0.0026 -0.9995 0.0322
vn -0.9350 -0.3510 -0.0515
vn -0.2980 0.9463 -0.1249
vn 0.8585 -0.5086 -0.0655
vn -0.0338 -0.9962 0.0807
vn 0.8641 0.3916 -0.3163
vn 0.0556 -0.7369 0.6737
vn -0.1523 -0.9449 -0.2896
vn 0.5666 0.8128 -0.1350
vn 0.9761 0.0372 -0.2140
vn -0.0746 0.9468 -0.3132
vn -0.5863 -0.7254 -0.3607
vn -0.5852 -0.7272 0.3587
vn 0.0870 -0.9962 0.0072
vn -0.0299 -0.9995 -0.0125
vn -0.4155 -0.3323 -0.8467
vn 0.5376 0.0195 -0.8430
vn -0.7342 -0.5069 -0.4517
vn 0.6012 -0.6127 0.5130
vn 0.2779 -0.6854 0.6730
vn -0.9037 0.4225 0.0690
vn -0.0744 -0.9962 0.0456
vn 0.4972 0.8124 -0.3045
vn 0.5791 -0.6202 0.5291
vn 0.1685 0.9466 0.2748
vn 0.5488 0.5393 0.6388
vn 0.1592 0.9850 0.0667
vn -0.1003 0.9912 0.0861
vn 0.9477 -0.2209 -0.2303
vn -0.6973 -0.7145 -0.0568
vn -0.8878 0.4088 0.2115
vn 0.0122 0.9871 0.1596
vn -0.1431 -0.9270 -0.3466
vn -0.7765 -0.0626 0.6271
vn -0.9939 0.0795 0.0759
vn 0.9294 0.2954 -0.2214
vn 0.1938 -0.9738 -0.1188
vn 0.7776 0.5401 -0.3219
vn 0.2387 0.9340 -0.2657
vn 0.0353 -0.9985 0.0412
vn 0.7935 -0.3659 -0.4863
vn -0.0798 -0.2669 0.9604
vn 0.0308 0.9468 0.3204
vn -0.7697 0.6353 -0.0634
vn -0.2042 0.5142 0.8330
vn 0.3105 0.9312 0.1910
vn 0.0334 0.9136 -0.4052
vn -0.9909 -0.1063 -0.0828
vn 0.9198 -0.0742 0.3853
vn -0.2493 0.9628 -0.1044
vn 0.0568 -0.9962 -0.0666
vn -0.0072 -0.9962 0.0870
vn 0.0563 -0.7272 -0.6841
vn -0.3219 0.5401 -0.7776
vn -0.2508 0.3754 0.8923
vn -0.2311 0.2412 0.9426
vn -0.6544 0.5811 0.4838
vn -0.8816 0.2942 -0.3692
vn -0.6159 -0.5876 -0.5247
vn -0.8155 0.0557 0.5761
vn 0.7260 -0.6854 -0.0554
vn 0.2095 0.8887 0.4078
vn -0.2214 0.2954 -0.9294
vn 0.4936 0.3356 -0.8023
vn -0.5228 -0.3016 -0.7973
vn -0.5337 -0.7121 -0.4561
vn 0.2373 0.0793 -0.9682
vn -0.1350 0.8128 -0.5666
vn 0.2001 0.9797 -0.0153
vn 0.1031 0.6872 0.7192
vn 0.4604 0.4961 -0.7361
vn 0.9506 -0.2079 0.2306
vn -0.1938 -0.9738 0.1188
vn -0.2779 -0.6854 -0.6730
vn 0.0104 -0.9999 -0.0089
vn 0.0667 0.9850 -0.1592
vn -0.7958 -0.5086 0.3286
vn -0.4125 -0.6139 -0.6730
vn 0.1632 0.1680 -0.9722
vn -0.0398 0.9851 -0.1672
vn -0.6841 -0.7272 -0.0563
vn 0.9816 0.1730 0.0808
vn -0.9041 0.3690 0.2154
vn -0.6217 0.2944 -0.7258
vn -0.0555 0.7377 0.6728
vn -0.4563 0.3437 0.8208
vn -0.8701 0.4472 0.2073
vn -0.0915 -0.9863 0.1371
vn -0.3053 -0.6127 0.7289
vn 0.7476 0.1774 0.6400
vn -0.5008 0.2939 0.8141
vn 0.0338 -0.9962 -0.0807
vn 0.8852 -0.2812 0.3706
vn -0.0202 0.9998 0.0083
vn 0.1810 -0.6536 -0.7349
vn 0.9041 0.3690 -0.2154
vn 0.1408 0.9630 0.2298
vn 0.8032 -0.4943 -0.3324
vn 0.7609 -0.4494 0.4681
vn -0.4463 -0.7262 0.5230
vn 0.1465 0.0557 -0.9876
vn -0.8807 0.4216 -0.2159
vn -0.9294 0.2954 0.2214
vn -0.6069 -0.5999 0.5214
vn 0.1906 0.8665 0.4614
vn -0.2637 0.9141 -0.3079
vn 0.0412 -0.9985 -0.0353
vn 0.1114 -0.5600 0.8210
vn 0.5325 0.7805 0.3276
vn 0.1540 -0.6305 -0.7608
vn -0.3245 -0.9205 0.2177
vn -0.5086 0.2407 0.8267
vn -0.9086 0.1725 -0.3805
vn -0.7569 -0.1060 -0.6449
vn -0.2373 0.0793 0.9682
vn 0.8917 0.4467 0.0734
vn 0.4496 0.5134 -0.7309
vn -0.3095 -0.5213 -0.7953
vn -0.0965 0.9141 0.3937
vn -0.0133 -0.9999 -0.0033
vn 0.0555 0.7377 -0.6728
vn 0.2387 0.9602 -0.1451
vn -0.5986 0.3913 -0.6990
vn -0.6708 -0.3357 -0.6613
vn 0.5734 -0.7395 0.3527
vn 0.1369 0.9870 0.0842
vn 0.4806 0.4986 -0.7215
vn 0.7349 -0.6536 0.1810
vn -0.2283 0.1732 -0.9581
vn -0.5013 -0.2820 -0.8180
vn 0.0484 0.9791 -0.1975
vn 0.0973 -0.2132 -0.9722
vn 0.0624 0.9631 0.2618
vn -0.4863 -0.3659 -0.7935
vn -0.0745 -0.2047 -0.9760
vn 0.0125 -0.9995 -0.0299
vn -0.9349 0.2705 -0.2297
vn -0.3405 0.6890 -0.6398
vn 0.1506 0.9866 0.0631
vn -0.7867 -0.6139 -0.0648
vn -0.9709 -0.0567 0.2329
vn 0.0033 -0.9999 -0.0133
vn -0.1972 -0.9265 0.3206
vn -0.4198 0.9069 -0.0350
vn 0.0380 0.8665 0.4978
vn -0.1685 0.9466 -0.2748
vn -0.9604 -0.2669 -0.0798
vn 0.1166 -0.3888 -0.9139
vn 0.7330 -0.0522 0.6782
vn 0.5869 -0.7246 0.3611
vn -0.0697 0.9911 0.1134
vn 0.4822 0.7726 -0.4130
vn 0.7309 0.2705 -0.6266
vn 0.0314 -0.9995 -0.0075
vn 0.5965 -0.8012 0.0480
vn -0.0275 -0.9995 0.0169
vn -0.3459 0.9138 -0.2128
vn 0.1368 0.5811 -0.8023
vn -0.4496 0.5134 0.7309
vn -0.1218 0.9870 0.1044
vn 0.3590 0.9069 -0.2205
vn -0.0125 -0.9995 0.0299
vn -0.8424 0.4072 -0.3528
vn -0.3235 -0.5326 -0.7821
vn 0.6442 0.3987 0.6527
vn -0.5144 0.7367 -0.4389
vn -0.2508 0.7391 0.6252
vn 0.0700 0.3922 0.9172
vn 0.7214 -0.6894 -0.0659
vn -0.8443 0.1318 -0.5194
vn 0.8602 0.4306 -0.2733
vn -0.1789 0.6358 -0.7508
vn -0.1066 -0.9901 0.0913
vn 0.2102 -0.9737 0.0881
vn 0.7806 0.5068 -0.3658
vn -0.6514 0.5142 0.5579
vn -0.4659 -0.5650 -0.6810
vn 0.5168 0.7589 -0.3961
vn -0.6126 0.3362 -0.7153
vn 0.0480 -0.9205 -0.3878
vn 0.6478 -0.7121 0.2707
vn -0.2315 -0.0494 -0.9716
vn -0.9087 0.2745 -0.3147
vn -0.0122 0.9871 -0.1596
vn 0.5234 0.0176 -0.8519
vn -0.5743 -0.6536 0.4929
vn -0.5212 -0.0745 -0.8502
vn 0.2618 0.9631 -0.0624
vn -0.6096 -0.6305 0.4805
vn -0.0648 -0.6139 0.7867
vn 0.8516 -0.0493 -0.5219
vn 0.7309 0.5134 0.4496
vn 0.3206 -0.9265 0.1972
vn 0.5668 -0.4930 0.6601
vn -0.6230 -0.2812 0.7299
vn 0.4533 -0.8023 0.3884
vn -0.3064 0.9331 -0.1885
vn -0.3039 0.3297 0.8938
vn -0.0316 0.9912 0.1284
vn -0.0699 -0.3881 -0.9189
vn -0.2156 0.2056 -0.9546
vn 0.8761 -0.4087 -0.2558
vn -0.3596 -0.3650 0.8588
vn 0.6473 -0.0742 -0.7586
vn -0.9675 0.2418 0.0738
vn 0.8897 0.2706 -0.3677
vn 0.6728 0.7377 0.0555
vn 0.1088 -0.5650 -0.8179
vn 0.2265 -0.9738 0.0187
vn 0.4771 0.4083 0.7783
vn -0.2987 0.6342 0.7132
vn -0.0219 0.9602 0.2785
vn 0.0648 -0.6139 -0.7867
vn -0.9716 -0.0494 0.2315
vn -0.8180 -0.2820 0.5013
vn 0.0611 0.9871 0.1479
vn -0.6254 -0.2655 0.7337
vn 0.8471 -0.1063 -0.5206
vn 0.0786 -0.2820 -0.9562
vn -0.5579 0.5142 -0.6514
vn 0.1294 -0.9902 -0.0534
vn 0.9005 -0.3036 0.3114
vn -0.1361 0.1350 0.9814
vn 0.9954 -0.0493 0.0819
vn -0.7570 -0.3095 0.5754
vn -0.0753 0.9876 0.1380
vn 0.9282 0.2944 0.2277
vn 0.1814 0.9832 0.0202
vn 0.0133 0.9991 0.0413
vn 0.3587 -0.7272 0.5852
vn -0.5223 0.0791 0.8491
vn 0.4675 0.7888 0.3990
vn -0.5241 0.0019 0.8517
vn -0.2154 0.3690 -0.9041
vn 0.4659 -0.5650 0.6810
vn -0.5518 -0.5311 -0.6430
vn 0.8121 -0.3014 0.4996
vn -0.2073 0.4472 -0.8701
vn -0.6383 -0.5152 -0.5720
vn -0.3206 0.7898 -0.5230
vn -0.8491 0.0791 -0.5223
vn -0.8451 0.5329 -0.0430
vn 0.4978 0.8665 -0.0380
vn 0.0690 0.4225 0.9037
vn 0.7111 -0.5503 0.4375
vn 0.0456 -0.9962 0.0744
vn 0.5740 0.4839 -0.6606
vn 0.1587 -0.0118 -0.9873
vn -0.3587 -0.7272 -0.5852
vn -0.8447 -0.4930 -0.2083
vn 0.0072 -0.9999 -0.0118
vn 0.2445 -0.9267 0.2854
vn 0.9604 -0.2669 0.0798
vn 0.9562 -0.2820 0.0786
vn -0.0737 -0.9901 0.1197
vn -0.9373 -0.2675 0.2233
vn -0.8210 -0.5709 0.0007
vn -0.1479 -0.9737 0.1734
vn -0.1804 0.3695 -0.9116
vn -0.7153 0.3362 0.6126
vn -0.6638 -0.0829 0.7433
vn -0.1574 0.9132 0.3758
vn 0.1284 0.9912 0.0316
vn 0.0766 0.9797 0.1855
vn 0.3466 -0.9270 -0.1431
vn 0.2686 0.9630 0.0221
vn 0.0477 -0.6674 0.7432
vn 0.1068 0.9790 -0.1736
vn 0.2125 0.9684 0.1307
vn 0.5047 0.6166 -0.6042
vn -0.5831 -0.8059 0.1027
vn -0.5937 -0.7981 -0.1033
vn 0.9427 -0.2405 0.2312
vn 0.5413 0.7720 0.3330
vn 0.0738 0.2418 0.9675
vn 0.5156 0.1254 -0.8476
vn -0.5668 -0.4930 -0.6601
vn 0.6531 -0.7402 0.1601
vn 0.2625 0.8655 -0.4266
vn -0.4903 0.3579 0.7946
vn 0.1421 0.7900 0.5964
vn -0.7246 0.6890 -0.0155
vn -0.6730 -0.6139 0.4125
vn 0.0322 -0.9995 0.0026
vn -0.2128 0.9138 0.3459
vn 0.4614 0.8665 -0.1906
vn 0.1197 -0.9901 0.0737
vn -0.7652 -0.4391 -0.4708
vn 0.7054 -0.3706 0.6042
vn 0.0064 -0.0390 -0.9992
vn -0.7075 0.3675 -0.6037
vn 0.0808 0.1730 -0.9816
vn 0.2298 0.9630 -0.1408
vn 0.3286 -0.5086 0.7958
vn -0.9760 -0.2047 0.0745
vn 0.8330 0.5142 0.2042
vn 0.3045 0.8124 0.4972
vn -0.0716 0.3370 -0.9388
vn -0.9939 -0.0745 -0.0819
vn 0.1558 0.9870 0.0382
vn 0.0965 0.9141 -0.3937
vn 0.6266 0.2705 0.7309
vn 0.3100 0.9132 0.2644
vn -0.5415 -0.7719 -0.3331
vn -0.0726 0.2951 -0.9527
vn 0.6884 -0.5892 -0.4231
vn -0.4965 0.1102 -0.8610
vn -0.4517 -0.5069 0.7342
vn -0.1512 0.7726 0.6166
vn -0.7334 -0.6202 -0.2783
vn 0.0153 0.9797 0.2001
vn 0.3937 0.9141 0.0965
vn -0.0851 0.9867 -0.1388
vn -0.6728 0.7377 -0.0555
vn 0.0126 -0.9999 -0.0052
vn -0.9172 0.3922 0.0700
vn 0.8392 0.5401 -0.0633
vn -0.6544 -0.5076 0.5604
vn 0.0051 0.9998 -0.0213
vn 0.0848 -0.9962 -0.0202
vn -0.1740 0.9357 0.3070
vn 0.1765 -0.9356 -0.3058
vn 0.3839 -0.0261 -0.9230
vn 0.5464 0.6005 0.5838
vn 0.5838 0.6226 -0.5211
vn 0.0716 0.3370 0.9388
vn -0.5043 -0.2669 -0.8213
vn 0.6695 -0.7411 -0.0511
vn -0.2374 0.7888 0.5669
vn -0.6958 -0.6907 -0.1967
vn -0.5488 0.5393 -0.6388
vn -0.3937 0.9141 -0.0965
vn 0.5803 0.7164 -0.3874
vn -0.1787 -0.2854 0.9416
vn 0.4569 -0.5666 0.6858
vn -0.0118 -0.9999 -0.0072
vn 0.6254 -0.2655 -0.7337
vn -0.0659 -0.6894 -0.7214
vn -0.5108 -0.8012 0.3118
vn -0.4443 0.8116 -0.3794
vn -0.0544 0.9927 0.1075
vn -0.6639 0.6691 0.3340
vn 0.9047 -0.2047 -0.3736
vn -0.7270 0.2942 -0.6204
vn -0.0154 0.9792 -0.2022
vn 0.5845 -0.5552 0.5918
vn 0.8878 0.4088 -0.2115
vn 0.1717 0.9795 0.1056
vn 0.8265 -0.5274 -0.1969
vn 0.1350 0.8128 0.5666
vn 0.5518 -0.5311 0.6430
vn -0.8502 -0.0745 0.5212
vn -0.0017 0.9998 -0.0218
vn 0.7334 -0.6202 0.2783
vn -0.4044 0.3527 0.8438
vn 0.6114 0.7898 0.0503
vn -0.8831 0.2951 0.3647
vn 0.2896 0.9334 -0.2121
vn -0.4490 -0.8498 -0.2762
vn -0.9388 0.3370 0.0716
vn -0.7726 0.4209 -0.4753
vn 0.0763 -0.3659 -0.9275
vn -0.3100 0.9132 -0.2644
vn 0.0734 0.4467 -0.8917
vn -0.0565 0.9866 0.1529
vn -0.3272 -0.9449 -0.0053
vn -0.9581 0.1732 0.2283
vn -0.1875 0.9792 0.0774
vn 0.5929 0.4072 -0.6948
vn -0.4130 0.7726 -0.4822
vn 0.3739 -0.9270 -0.0285
vn 0.0210 -0.9995 -0.0246
vn -0.0655 -0.4943 -0.8668
vn 0.1424 -0.9354 -0.3235
vn 0.7342 -0.5069 0.4517
vn -0.8546 0.5152 0.0652
vn -0.3805 0.1725 0.9086
vn 0.7289 -0.6127 0.3053
vn -0.2277 0.2944 0.9282
vn 0.0141 0.9851 -0.1715
vn -0.3858 -0.0492 0.9213
vn 0.1192 0.8659 -0.4858
vn -0.6473 -0.0742 0.7586
vn 0.8816 0.2942 0.3692
vn 0.4023 0.7914 -0.4603
vn 0.3652 -0.7145 0.5968
vn -0.0734 0.4467 0.8917
vn 0.4389 0.7367 -0.5144
vn 0.4291 0.7747 -0.4645
vn 0.8245 0.5390 -0.1721
vn 0.8257 0.4456 0.3458
vn -0.0104 -0.9999 0.0089
vn 0.0554 -0.6854 0.7260
vn 0.5144 0.7367 0.4389
vn 0.0098 0.9914 0.1307
vn -0.8227 -0.5311 -0.2026
vn -0.1265 -0.0605 0.9901
vn 0.2980 0.9463 0.1249
vn 0.0482 0.7734 0.6321
vn -0.6564 0.7380 0.1564
vn -0.9474 -0.3016 -0.1072
vn 0.9939 -0.0745 0.0819
vn -0.1408 0.9630 -0.2298
vn -0.8970 -0.2411 0.3704
vn -0.5882 0.6342 -0.5019
vn 0.9412 0.0448 0.3349
vn -0.6990 0.3913 0.5986
vn 0.6344 -0.2079 0.7445
vn -0.5107 -0.7402 0.4374
vn 0.9214 0.0795 -0.3805
vn 0.1309 0.9795 0.1528
vn -0.6367 -0.2042 -0.7436
vn 0.8377 0.4225 -0.3459
vn 0.4762 -0.8716 0.1162
vn 0.1395 -0.9902 -0.0106
vn 0.2315 -0.0494 0.9716
vn -0.3324 -0.4943 -0.8032
vn 0.5703 0.7017 -0.4270
vn 0.1944 0.7106 0.6762
vn -0.2298 0.9630 0.1408
vn -0.7770 -0.4096 -0.4780
vn 0.0811 -0.9863 -0.1435
vn -0.0116 0.9998 0.0189
vn -0.7337 -0.2655 -0.6254
vn 0.8368 -0.5076 0.2052
vn -0.3729 -0.2655 0.8891
vn -0.4033 0.9145 0.0308
vn 0.1574 0.9132 -0.3758
vn 0.0479 0.9795 -0.1954
vn -0.8166 0.5195 0.2514
vn 0.7983 -0.5152 0.3119
vn 0.2311 0.2412 -0.9426
vn 0.2801 0.8548 -0.4369
vn 0.9147 0.3362 0.2243
vn 0.8831 0.2951 -0.3647
vn 0.5924 0.6119 -0.5240
vn -0.1837 -0.9027 -0.3892
vn 0.1828 -0.6144 0.7675
vn -0.1713 -0.8059 -0.5667
vn -0.0819 -0.0493 0.9954
vn -0.5755 0.7377 0.3529
vn 0.4463 -0.7262 -0.5230
vn -0.4929 -0.6536 -0.5743
vn -0.5869 -0.7246 -0.3611
vn -0.6247 0.1683 0.7625
vn -0.4675 0.7888 -0.3990
vn 0.6166 0.7726 0.1512
vn 0.0673 -0.5892 -0.8052
vn -0.9493 0.2056 0.2380
vn 0.0511 -0.7411 0.6695
vn 0.0819 -0.0493 -0.9954
vn 0.1917 -0.5999 -0.7768
vn -0.0700 0.3922 -0.9172
vn -0.7850 0.3880 -0.4829
vn 0.3466 0.9136 -0.2126
vn 0.4858 0.8659 0.1192
vn 0.3990 0.1683 -0.9014
vn 0.5579 0.5142 0.6514
vn 0.5390 0.8116 0.2255
vn 0.4093 0.9072 -0.0975
vn -0.7597 -0.0492 -0.6484
vn -0.0210 -0.9995 0.0246
vn -0.1044 0.9628 0.2493
vn -0.0899 0.9851 -0.1467
vn -0.9562 -0.2820 -0.0786
vn 0.0299 -0.9995 0.0125
vn 0.2128 0.9138 -0.3459
vn 0.3677 0.2706 0.8897
vn 0.5275 0.7851 0.3245
vn 0.6230 -0.2812 -0.7299
vn -0.3330 0.7720 0.5414
vn -0.6810 0.4456 -0.5811
vn -0.5481 0.1461 0.8235
vn -0.0975 0.9072 -0.4093
vn -0.1035 -0.9869 0.1238
vn 0.4125 -0.6139 0.6730
vn 0.8969 0.2418 -0.3703
vn 0.3254 0.8659 0.3799
vn 0.6712 -0.7409 -0.0234
vn 0.2073 0.4472 0.8701
vn 0.6217 0.2944 0.7258
vn -0.4389 0.7367 0.5144
vn -0.7049 -0.7061 -0.0674
vn 0.4180 0.4658 0.7799
vn -0.1467 0.9851 0.0899
vn -0.1296 0.9340 0.3329
vn -0.4443 -0.5300 0.7222
vn 0.0275 -0.9995 -0.0169
vn -0.3739 0.9145 0.1544
vn 0.3499 0.5526 -0.7565
vn 0.5086 0.2407 -0.8267
vn -0.1622 0.9867 -0.0134
vn -0.2297 0.2705 0.9349
vn 0.0638 -0.9869 -0.1483
vn -0.0051 0.9998 0.0213
vn -0.3466 0.9136 0.2126
vn 0.2255 0.8116 -0.5390
vn 0.6126 0.3362 0.7153
vn -0.7222 -0.5300 -0.4443
vn -0.7129 0.6466 0.2714
vn 0.4882 0.3579 -0.7960
vn 0.8970 -0.2411 -0.3704
vn 0.2056 0.9628 0.1755
vn -0.0861 0.9912 -0.1003
vn -0.4676 -0.3510 -0.8113
vn 0.9672 -0.1066 -0.2304
vn 0.0272 0.9779 0.2071
vn -0.2458 0.9463 -0.2097
vn 0.0169 -0.9995 0.0275
vn -0.1121 0.9850 0.1313
vn -0.5230 0.7898 0.3206
vn 0.4686 -0.7289 0.4991
vn 0.6736 -0.7215 -0.1605
vn -0.3703 0.2418 -0.8969
vn -0.6992 0.5710 -0.4302
vn -0.0412 -0.9985 0.0353
vn 0.1734 -0.9737 0.1479
vn 0.6159 -0.5876 0.5247
vn 0.5195 0.7925 0.3196
vn -0.9169 -0.1060 -0.3849
vn -0.3308 0.4839 0.8102
vn -0.5241 0.1254 0.8424
vn -0.0072 -0.9999 0.0118
vn 0.8546 0.5152 -0.0652
vn 0.0634 0.6353 -0.7697
vn -0.8668 -0.4943 0.0655
vn -0.1969 -0.5274 -0.8265
vn -0.0808 0.1730 0.9816
vn 0.0136 -0.9999 -0.0010
vn -0.9954 -0.0493 -0.0819
vn -0.1544 0.9145 -0.3739
vn -0.3529 0.7377 -0.5755
vn 0.4863 -0.3659 0.7935
vn 0.8702 0.3370 -0.3593
vn 0.2637 0.9141 0.3079
vn 0.0141 0.9998 0.0167
vn 0.9275 -0.3659 0.0763
vn -0.8520 -0.5236 -0.0071
vn 0.5747 -0.8161 -0.0603
vn 0.3185 -0.8716 0.3727
vn -0.6478 -0.7121 -0.2707
vn 0.5079 -0.8028 0.3124
vn 0.8807 0.4216 0.2159
vn -0.0344 0.2108 -0.9769
vn 0.2331 -0.2042 -0.9508
vn 0.5511 -0.8023 0.2295
vn 0.0038 -0.9828 -0.1844
vn 0.4517 -0.5069 -0.7342
vn 0.6313 0.2412 0.7371
vn -0.2295 -0.8023 0.5511
vn -0.7415 -0.4921 -0.4562
vn 0.1249 0.9463 -0.2980
vn -0.0941 0.9138 -0.3951
vn -0.3568 -0.9080 -0.2195
vn 0.3096 -0.0998 -0.9456
vn 0.1596 0.9871 -0.0122
vn 0.3118 -0.8012 0.5108
vn 0.3053 -0.6127 -0.7289
vn -0.4771 0.4083 -0.7783
vn -0.1421 0.7900 -0.5964
vn 0.3750 0.9165 -0.1389
vn 0.5230 0.7898 -0.3206
vn 0.4113 0.0238 -0.9112
vn 0.2665 -0.6894 0.6736
vn 0.7132 0.6342 0.2987
vn -0.0041 -0.9985 -0.0540
vn -0.7612 -0.4085 0.5037
vn -0.3805 0.0795 -0.9214
vn -0.6068 0.7942 0.0332
vn 0.0913 -0.9901 0.1066
vn -0.0463 -0.9985 -0.0285
vn -0.1068 0.9790 0.1736
vn 0.8213 -0.2669 -0.5043
vn -0.2211 0.7747 0.5924
vn -0.0568 -0.9962 0.0666
vn 0.6811 0.7294 -0.0629
vn 0.7926 0.3685 -0.4858
vn -0.8392 0.5401 0.0633
vn 0.3459 0.9138 0.2128
vn -0.3254 0.8659 -0.3799
vn -0.1605 -0.7215 -0.6736
vn -0.9508 -0.2042 -0.2331
vn 0.3706 -0.2812 -0.8852
vn -0.2686 0.9630 -0.0221
vn -0.1871 -0.5900 -0.7854
vn 0.7436 -0.2042 -0.6367
vn 0.0774 0.9792 0.1875
vn -0.1307 0.9914 0.0098
vn -0.2613 0.7367 0.6237
vn -0.1240 0.7017 0.7016
vn 0.2181 0.5390 0.8136
vn 0.2510 0.7294 0.6363
vn -0.6341 -0.7262 -0.2656
vn 0.9677 -0.2411 -0.0738
vn -0.3695 -0.5709 -0.7332
vn 0.6341 -0.7262 0.2656
vn -0.6044 -0.3650 0.7082
vn 0.6465 0.0827 0.7584
vn 0.1121 0.9850 -0.1313
vn -0.1733 0.9167 0.3599
vn 0.4879 0.1461 -0.8606
vn 0.6887 0.4216 -0.5898
vn -0.9323 0.3564 -0.0622
vn 0.0823 -0.5213 0.8494
vn 0.2022 0.9792 -0.0154
vn -0.5964 0.7900 0.1421
vn -0.4093 0.9072 0.0975
vn -0.4858 0.3685 -0.7926
vn 0.5085 0.8363 -0.2051
vn 0.2563 -0.7411 0.6206
vn 0.0941 0.9138 0.3951
vn 0.3206 0.7898 0.5230
vn 0.2295 -0.8023 -0.5511
vn -0.6841 0.1175 0.7199
vn -0.8852 -0.2812 -0.3706
vn -0.2019 0.6226 0.7560
vn 0.7675 -0.6144 -0.1828
vn 0.0089 -0.9999 0.0104
vn 0.1954 0.9795 0.0479
vn -0.2771 -0.8141 -0.5104
vn -0.7493 0.1725 -0.6394
vn 0.0075 -0.9995 0.0314
vn -0.5850 -0.0293 0.8105
vn 0.1789 0.6358 0.7508
vn -0.1629 -0.9828 0.0865
vn 0.8149 0.2909 0.5013
vn 0.1431 -0.9270 0.3466
vn -0.0221 0.9630 0.2686
vn -0.2331 -0.2042 0.9508
vn -0.9523 0.2950 -0.0784
vn 0.0738 -0.2411 0.9677
vn -0.0587 0.9334 0.3541
vn 0.5986 0.3913 0.6990
vn -0.0633 0.5401 -0.8392
vn -0.2727 0.3039 0.9128
vn 0.4136 -0.8742 0.2545
vn -0.0069 0.9051 0.4251
vn -0.8494 -0.5213 0.0823
vn -0.1590 -0.7277 -0.6672
vn -0.1134 0.9911 -0.0697
vn -0.6584 0.6353 0.4036
vn -0.1715 0.9851 -0.0141
vn 0.8502 -0.0745 -0.5212
vn -0.7289 -0.6127 -0.3053
vn -0.8334 0.4763 -0.2805
vn 0.0221 0.9630 -0.2686
vn 0.3824 -0.6837 -0.6215
vn -0.9701 -0.0746 0.2311
vn -0.6357 -0.4652 -0.6161
vn -0.1755 0.9628 0.2056
vn -0.5342 -0.7415 0.4060
vn 0.3596 -0.3650 -0.8588
vn -0.0153 0.9797 -0.2001
vn -0.6730 -0.6854 0.2779
vn 0.7337 -0.2655 0.6254
vn 0.3459 0.4225 0.8377
vn 0.8397 0.1730 -0.5147
vn -0.0285 -0.9270 -0.3739
vn 0.6672 -0.7277 -0.1590
vn -0.3593 0.3370 -0.8702
vn -0.2126 0.9136 -0.3466
vn 0.9169 -0.1060 0.3849
vn -0.4759 0.3564 -0.8041
vn 0.4266 0.8655 0.2625
vn 0.0202 -0.9962 0.0848
vn 0.5087 -0.2400 -0.8268
vn -0.5390 0.8116 -0.2255
vn -0.2265 -0.9738 -0.0187
vn -0.8897 0.2706 0.3677
vn 0.3087 0.8157 -0.4893
vn -0.6278 0.0238 0.7780
vn 0.2374 0.9040 0.3555
vn -0.5537 -0.6844 0.4742
vn 0.0652 0.5152 0.8546
vn -0.3799 0.8659 0.3254
vn -0.7983 -0.5152 -0.3119
vn 0.7867 -0.6139 0.0648
vn -0.3169 0.3048 0.8982
vn -0.7922 0.5152 0.3271
vn 0.0172 0.9998 -0.0104
vn -0.9098 0.4083 -0.0749
vn 0.9388 0.3370 -0.0716
vn -0.0881 -0.9737 0.2102
vn 0.8574 -0.3706 0.3572
vn 0.0726 0.2951 0.9527
vn -0.7248 0.6465 -0.2381
vn 0.3511 0.3922 0.8502
vn -0.6948 0.4072 -0.5929
vn 0.6394 0.1725 -0.7493
vn 0.3132 0.9468 -0.0746
vn -0.9332 -0.2824 0.2223
vn 0.2156 -0.3663 0.9051
vn 0.3772 -0.4732 -0.7961
vn 0.0798 -0.2669 -0.9604
vn -0.6118 0.3708 0.6987
vn -0.0380 0.8665 -0.4978
vn -0.8950 0.3695 0.2500
vn -0.3851 -0.7950 0.4686
vn 0.0659 -0.6894 0.7214
vn -0.2311 -0.0746 -0.9701
vn 0.8146 0.2950 -0.4993
vn -0.9198 -0.0742 -0.3853
vn -0.0870 -0.9962 -0.0072
vn 0.8176 0.5393 0.2018
vn 0.3341 0.1175 -0.9352
vn -0.6484 0.0793 -0.7572
vn -0.1211 0.9914 0.0502
vn -0.4195 0.5329 -0.7349
vn 0.1545 0.9791 -0.1323
vn -0.3736 -0.2047 -0.9047
vn 0.5013 -0.2820 0.8180
vn -0.7854 -0.5900 0.1871
vn 0.8052 -0.5892 0.0673
vn 0.0527 -0.9985 0.0129
vn 0.0655 -0.4943 0.8668
vn -0.1309 0.9795 -0.1528
vn -0.1528 0.9795 0.1309
vn 0.2096 -0.0626 -0.9758
vn -0.9682 0.0793 -0.2373
vn 0.5950 -0.7911 -0.1417
vn -0.3677 0.2706 -0.8897
vn 0.3833 0.4195 0.8229
vn -0.0086 -0.9999 -0.0053
vn 0.3884 -0.8023 -0.4533
vn -0.2026 -0.5311 0.8227
vn 0.9527 0.2951 -0.0726
vn 0.9172 0.3922 -0.0700
vn -0.5219 -0.0493 -0.8516
vn 0.4036 0.6353 0.6584
vn -0.3990 0.7888 0.4675
vn 0.0017 0.9998 0.0218
vn -0.5186 -0.0053 0.8550
vn 0.9332 -0.2824 -0.2223
vn -0.4978 0.8665 0.0380
vn 0.2458 0.9463 0.2097
vn -0.7910 -0.3709 -0.4866
vn 0.5292 -0.6202 -0.5791
vn -0.0025 0.9682 -0.2500
vn 0.2769 -0.3647 -0.8890
vn -0.9672 -0.1066 0.2304
vn 0.1723 -0.3095 -0.9352
vn -0.6736 -0.6894 0.2665
vn 0.0118 -0.9999 0.0072
vn 0.1060 0.9866 -0.1242
vn 0.3951 0.9138 -0.0941
vn -0.3117 0.6166 0.7230
vn -0.0285 -0.9985 0.0463
vn -0.3891 0.9066 -0.1632
vn -0.6507 -0.0261 0.7588
vn -0.3319 -0.7997 0.5004
vn 0.7233 0.0448 0.6891
vn -0.6887 0.4216 0.5898
vn 0.6321 0.7734 -0.0482
vn 0.1417 -0.7911 0.5950
vn -0.0738 0.2418 -0.9675
vn 0.0899 0.9851 0.1467
vn 0.0633 0.5401 0.8392
vn 0.7821 -0.5326 -0.3235
vn 0.7830 -0.5600 -0.2707
vn -0.4676 0.4467 -0.7628
vn 0.0534 -0.9902 0.1294
vn -0.3211 0.9066 -0.2737
vn -0.9265 0.3685 -0.0763
vn 0.2374 0.7888 -0.5669
vn -0.0015 0.9998 0.0201
vn 0.8502 0.3922 -0.3511
vn -0.1734 -0.9737 -0.1479
vn -0.5942 0.8035 0.0356
vn 0.5331 -0.8353 0.1346
vn 0.2854 -0.9267 -0.2445
vn -0.4273 0.4986 0.7542
vn 0.0013 -0.5507 -0.8347
vn -0.4569 -0.5666 -0.6858
vn 0.7726 0.4209 0.4753
vn 0.0202 0.9998 -0.0083
vn 0.3213 0.9466 0.0265
vn 0.0265 0.9466 -0.3213
vn -0.5045 0.2702 0.8200
vn -0.6394 0.1725 0.7493
vn -0.2115 0.4088 -0.8878
vn -0.7628 0.4467 0.4676
vn -0.0511 -0.7411 -0.6695
vn 0.3641 -0.0829 -0.9276
vn -0.3652 -0.7145 -0.5968
vn -0.3233 0.8473 -0.4214
vn 0.4505 -0.4949 -0.7431
vn -0.8377 0.4225 0.3459
vn 0.6584 0.6353 -0.4036
vn -0.6261 0.4763 -0.6174
vn 0.0999 0.9832 0.1528
vn 0.3124 -0.3263 -0.8921
vn -0.6206 -0.7411 0.2563
vn -0.1088 -0.5650 0.8179
vn -0.2976 0.8157 0.4961
vn 0.1969 -0.5274 0.8265
vn 0.3739 0.9145 -0.1544
vn 0.5755 0.7377 -0.3529
vn 0.7565 0.4594 0.4654
vn -0.2656 -0.7262 0.6341
vn -0.0218 0.9998 0.0017
vn 0.2223 -0.2824 0.9332
vn -0.5214 -0.5999 -0.6069
vn -0.0759 0.0795 -0.9939
vn -0.1081 0.4749 0.8734
vn 0.5852 -0.7272 -0.3587
vn -0.1323 0.9791 -0.1545
vn -0.8339 -0.2038 -0.5130
vn 0.2277 0.2944 -0.9282
vn -0.7768 -0.5999 -0.1917
vn -0.0479 0.9795 0.1954
vn -0.2304 -0.1066 -0.9672
vn 0.6990 0.3913 -0.5986
vn -0.3739 -0.9270 0.0285
vn 0.6360 -0.6651 0.3913
vn -0.8179 -0.5650 -0.1088
vn -0.1672 0.9851 0.0398
vn 0.6568 -0.7289 0.1932
vn -0.3079 0.9141 0.2637
vn 0.5811 0.8124 0.0476
vn -0.4495 0.4961 0.7429
vn -0.6321 0.7734 0.0482
vn 0.0487 0.8842 0.4645
vn 0.1871 -0.5900 0.7854
vn 0.0480 -0.8012 -0.5965
vn -0.0652 0.5152 -0.8546
vn 0.0476 0.8124 -0.5811
vn 0.5230 -0.7262 0.4463
vn -0.0554 -0.6854 -0.7260
vn -0.8200 0.2702 -0.5045
vn -0.0986 -0.5666 0.8181
vn 0.5882 0.6342 0.5019
vn -0.7226 0.3615 0.5893
vn -0.5393 0.6465 -0.5396
vn 0.0116 0.9998 -0.0189
vn 0.3611 -0.7246 -0.5869
vn 0.1802 0.9235 0.3388
vn -0.7309 0.2705 0.6266
vn -0.8585 -0.5086 0.0655
vn -0.9427 -0.2405 -0.2312
vn -0.6313 0.2412 -0.7371
vn -0.3794 0.8116 0.4443
vn 0.8701 0.4472 -0.2073
vn 0.1218 0.9870 -0.1044
vn 0.5214 -0.5999 0.6069
vn 0.5898 0.4216 0.6887
vn -0.0738 -0.2411 -0.9677
vn 0.7761 0.4120 0.4774
vn -0.5102 0.0013 0.8601
vn -0.9527 0.2951 0.0726
vn -0.1581 0.9867 0.0377
vn 0.7461 -0.5876 0.3132
vn 0.5968 -0.7145 -0.3652
vn 0.2311 -0.0746 0.9701
vn -0.1044 0.9870 -0.1218
vn 0.7415 -0.4921 0.4562
vn -0.9645 -0.1610 0.2094
vn 0.7924 0.5574 0.2477
vn -0.1056 0.9795 0.1717
vn -0.1395 -0.9902 0.0106
vn -0.1192 0.8659 0.4858
vn -0.2420 0.7734 -0.5859
vn 0.0500 -0.9985 -0.0207
vn -0.0141 0.9851 0.1715
vn 0.1537 0.8595 -0.4874
vn 0.7985 -0.6019 0.0142
vn -0.0418 -0.9988 -0.0257
vn 0.2208 -0.9739 -0.0526
vn 0.4858 0.3685 0.7926
vn 0.8180 -0.2820 -0.5013
vn 0.0218 0.9998 -0.0017
vn 0.2783 -0.6202 -0.7334
vn -0.1975 0.9791 -0.0484
vn 0.2233 -0.2675 0.9373
vn 0.2644 0.9132 -0.3100
vn 0.0133 -0.9999 0.0033
vn -0.5203 -0.0055 0.8540
vn 0.6264 -0.7369 -0.2541
vn 0.2126 0.9136 0.3466
vn 0.4443 0.8116 0.3794
vn 0.4742 -0.6844 0.5537
vn 0.8133 0.4168 -0.4059
vn -0.6735 0.4287 0.6021
vn 0.2052 -0.5076 -0.8368
vn 0.2707 -0.7121 -0.6478
vn -0.8268 -0.2400 -0.5087
vn 0.3160 0.9286 0.1944
vn 0.6588 0.3048 -0.6878
vn -0.6430 -0.5311 0.5518
vn 0.2083 -0.4930 -0.8447
vn -0.9391 -0.2962 0.1745
vn 0.0118 0.9999 0.0072
vn 0.7508 0.6358 -0.1789
vn 0.3758 0.9132 0.1574
vn -0.0106 -0.9902 -0.1395
vn 0.1590 -0.7277 0.6672
vn 0.6802 0.6019 0.4184
vn -0.0763 0.3685 0.9265
vn 0.0526 -0.9739 0.2208
vn -0.2295 0.7914 0.5666
vn -0.2737 0.9066 0.3211
vn -0.2362 0.8035 -0.5464
vn 0.3528 0.4072 -0.8424
vn -0.4266 0.8655 -0.2625
vn 0.9606 0.2674 0.0752
vn 0.0207 -0.9985 0.0500
vn -0.4533 -0.8023 -0.3884
vn -0.0540 -0.9985 0.0041
vn 0.6736 -0.6894 -0.2665
vn 0.1211 0.9914 -0.0501
vn -0.3271 0.5152 -0.7922
vn -0.5292 -0.6202 0.5791
vn 0.1215 -0.7415 -0.6599
vn -0.4972 0.8124 0.3045
vn -0.1632 0.9066 0.3891
vn 0.5002 0.2674 0.8236
vn 0.6383 -0.5152 0.5720
vn 0.4993 0.2950 0.8146
vn -0.5859 0.7734 0.2420
vn 0.4366 0.8842 -0.1660
vn 0.7081 -0.6844 0.1736
vn -0.2001 0.9797 0.0153
vn 0.1564 0.7380 0.6564
vn -0.5883 0.7899 -0.1731
vn -0.6484 -0.0492 0.7597
vn 0.3805 0.0795 0.9214
vn 0.6044 -0.3650 -0.7082
vn 0.8494 -0.5213 -0.0823
vn 0.5604 -0.5076 0.6544
vn 0.9867 -0.1342 0.0919
vn 0.7569 -0.1060 0.6449
vn -0.2159 0.4216 0.8807
vn 0.7628 0.4467 -0.4676
vn -0.7942 0.1680 0.5840
vn 0.4562 -0.4921 -0.7415
vn 0.0308 0.9145 0.4033
vn 0.3132 -0.5876 -0.7461
vn -0.7776 0.5401 0.3219
vn -0.5203 -0.0035 0.8540
vn -0.5805 -0.8141 -0.0172
vn 0.5212 -0.0745 0.8502
vn 0.3799 0.8659 -0.3254
vn 0.1605 -0.7215 0.6736
vn -0.2929 0.8001 0.5235
vn 0.3271 0.5152 0.7922
vn -0.8096 -0.0118 0.5868
vn -0.7632 -0.3888 0.5161
vn -0.2707 -0.7121 0.6478
vn -0.7508 0.6358 0.1789
vn -0.5666 0.8128 0.1350
vn 0.8200 0.2702 0.5045
vn 0.9051 -0.3663 -0.2156
vn -0.0526 -0.9739 -0.2208
vn -0.1060 0.9866 0.1242
vn -0.1736 0.9790 -0.1068
vn 0.0044 0.4168 0.9090
vn 0.2304 -0.1066 0.9672
vn 0.7153 0.3362 -0.6126
vn 0.0052 -0.9999 0.0126
vn -0.2625 0.8655 0.4266
vn -0.0353 -0.9985 -0.0412
vn -0.3905 -0.5236 -0.7572
vn -0.8938 0.3913 -0.2191
vn 0.9716 -0.0494 -0.2315
vn 0.0639 -0.5326 0.8440
vn 0.0819 -0.0745 -0.9939
vn -0.3944 -0.8863 -0.2426
vn -0.0950 -0.4859 -0.8688
vn 0.6069 -0.5999 -0.5214
vn 0.3605 -0.8353 0.4152
vn 0.9760 -0.2047 -0.0745
vn 0.8424 0.4072 0.3528
vn -0.1954 0.9795 -0.0479
vn 0.3727 -0.6019 0.7063
vn -0.9395 -0.0916 -0.3300
vn 0.6215 -0.6837 0.3824
vn -0.0482 0.7734 -0.6321
vn -0.2665 -0.6894 -0.6736
vn 0.3703 0.2418 0.8969
vn 0.6810 0.4456 0.5811
vn 0.2414 0.9590 0.1485
vn 0.7586 -0.0742 0.6473
vn 0.0213 0.9998 0.0051
vn 0.2018 0.5393 -0.8176
vn -0.5228 0.1204 -0.8439
vn 0.1601 -0.7402 -0.6531
vn -0.6810 -0.5650 0.4659
vn -0.1313 0.9850 -0.1121
vn 0.0462 0.8363 0.5464
vn -0.6388 0.5393 0.5488
vn -0.4563 -0.1312 0.8801
vn 0.4597 -0.0293 -0.8876
vn 0.1528 0.9795 -0.1309
vn -0.3315 -0.7813 0.5289
vn 0.0892 0.9876 -0.1294
vn 0.4198 0.9069 0.0350
vn -0.3527 -0.7395 0.5734
vn -0.8516 -0.0493 0.5219
vn 0.4437 0.8365 -0.3214
vn 0.5276 -0.0055 -0.8494
vn -0.6237 0.7367 -0.2613
vn 0.7922 0.5152 -0.3271
vn -0.0202 -0.9962 -0.0848
vn -0.0314 -0.9995 0.0075
vn 0.2097 0.9463 -0.2458
vn 0.8447 -0.4930 0.2083
vn -0.5965 -0.8012 -0.0480
vn 0.5108 -0.8012 -0.3118
vn -0.3466 -0.9270 0.1431
vn 0.6730 -0.6854 -0.2779
vn -0.3951 0.9138 0.0941
vn -0.3780 -0.7061 -0.5988
vn -0.3849 -0.1060 0.9169
vn -0.0690 0.4225 -0.9037
vn -0.3611 -0.7246 0.5869
vn -0.1410 -0.9862 -0.0868
vn -0.1917 -0.5999 0.7768
vn -0.0098 0.9914 -0.1307
vn -0.5087 -0.2400 0.8268
vn -0.2676 -0.2962 -0.9169
vn -0.7675 -0.6144 0.1828
vn 0.9675 0.2418 -0.0738
vn -0.2022 0.9792 0.0154
vn 0.4611 -0.4014 0.7914
vn -0.3853 -0.0742 0.9198
vn -0.2563 -0.7411 -0.6206
vn -0.0089 -0.9999 -0.0104
vn -0.6998 -0.6702 0.2471
vn 0.6841 -0.7272 0.0563
vn -0.4822 0.7726 0.4130
vn -0.6428 -0.6561 -0.3954
vn 0.1755 0.9628 -0.2056
vn 0.4304 -0.4950 -0.7548
vn 0.3352 0.8001 -0.4974
vn 0.4375 -0.5503 -0.7111
vn -0.1242 0.9866 -0.1060
vn 0.3849 -0.1060 -0.9169
vn 0.6918 0.3039 -0.6550
vn 0.8267 -0.0605 -0.5593
vn -0.7821 -0.5326 0.3235
vn 0.0655 -0.5086 0.8585
vn 0.3527 -0.7395 -0.5734
vn -0.0213 0.9998 -0.0051
vn 0.1003 0.9912 -0.0861
vn 0.0255 0.5068 0.8617
vn 0.7308 0.4749 -0.4903
vn -0.1601 -0.7402 0.6531
vn -0.0083 0.9998 -0.0202
vn 0.3478 0.3708 -0.8612
vn 0.3794 0.8116 -0.4443
vn 0.7175 0.5388 0.4414
vn 0.7222 -0.5300 0.4443
vn 0.1237 0.9668 0.2236
vn 0.5859 0.7734 -0.2420
vn -0.0075 -0.9995 -0.0314
vn -0.8891 -0.2655 -0.3729
vn 0.1544 0.9145 0.3739
vn -0.0842 0.9870 0.1369
vn 0.3529 0.7377 0.5755
vn 0.7572 0.0793 -0.6484
vn 0.6206 -0.7411 -0.2563
vn -0.9047 -0.2047 0.3736
vn -0.2445 -0.9267 -0.2854
vn -0.9426 0.2412 -0.2311
vn -0.2748 0.9466 0.1685
vn -0.6507 -0.7570 -0.0594
vn -0.5219 0.8473 -0.0985
vn -0.1564 0.7380 -0.6564
vn -0.1596 0.9871 0.0122
vn -0.2312 -0.2405 0.9427
vn 0.0187 -0.9738 -0.2265
vn -0.0350 0.9069 0.4198
vn 0.0828 -0.1063 -0.9909
vn -0.0655 -0.5086 -0.8585
vn 0.0316 0.9912 -0.1284
vn 0.2337 0.4287 -0.8727
vn -0.5130 -0.2038 0.8339
vn -0.0633 -0.7893 -0.6108
vn 0.0167 0.9998 -0.0141
vn -0.0308 0.9145 -0.4033
vn -0.7840 0.3907 -0.4823
vn -0.7652 0.2649 0.5867
vn -0.5898 0.4216 -0.6887
vn 0.1856 0.8972 0.4008
vn 0.5230 0.0749 -0.8490
vn -0.8146 0.2950 0.4993
vn -0.5220 0.0749 0.8497
vn -0.5147 0.1730 -0.8397
vn 0.4753 0.4209 -0.7726
vn -0.0189 0.9998 -0.0116
vn 0.3729 -0.2655 -0.8891
vn -0.8032 -0.4943 0.3324
vn -0.5656 0.0892 0.8198
vn 0.8146 0.1350 -0.5640
vn -0.8890 -0.0390 0.4563
vn 0.1073 0.3916 0.9139
vn -0.0774 0.9792 -0.1875
vn -0.4375 -0.5503 0.7111
vn -0.9677 -0.2411 0.0738
vn -0.3132 0.9468 0.0746
vn -0.8711 -0.2698 0.4104
vn 0.6858 -0.5666 -0.4569
vn 0.4823 0.3907 -0.7840
vn -0.0484 0.9791 0.1975
vn -0.7461 -0.5876 -0.3132
vn -0.1417 -0.7911 -0.5950
vn 0.7371 0.2412 -0.6313
vn -0.1249 0.9463 0.2980
vn 0.9701 -0.0746 -0.2311
vn 0.3704 -0.2411 0.8970
vn -0.0534 -0.9902 -0.1294
vn -0.4562 -0.4921 0.7415
vn 0.2553 0.9668 0.0096
vn -0.3132 -0.5876 0.7461
vn 0.6204 0.2942 -0.7270
vn -0.1188 -0.9738 -0.1938
vn 0.0041 -0.9985 0.0540
vn -0.2233 -0.2675 -0.9373
vn -0.2156 -0.3663 -0.9051
vn -0.4936 0.3356 0.8023
vn -0.8875 0.2108 0.4098
vn 0.0503 0.7898 -0.6114
vn -0.1558 0.9870 -0.0382
vn -0.0134 0.9867 0.1622
vn 0.0072 -0.9962 -0.0870
vn 0.6849 -0.6674 -0.2926
vn -0.8090 -0.5615 -0.1738
vn 0.3593 0.3370 0.8702
vn 0.9098 0.4083 0.0749
vn 0.7299 -0.2812 0.6230
vn -0.1388 0.9867 0.0851
vn 0.0451 0.9165 0.3974
vn -0.7923 -0.1364 0.5946
vn -0.4681 0.4065 0.7846
vn -0.6166 0.7726 -0.1512
vn 0.5219 -0.0493 0.8516
vn 0.1313 0.9850 0.1121
vn -0.3599 -0.7981 -0.4833
vn -0.5791 -0.6202 -0.5291
vn 0.8179 -0.5650 0.1088
vn 0.1715 0.9851 0.0141
vn 0.4443 -0.5300 -0.7222
vn 0.7854 -0.5900 -0.1871
vn -0.5734 -0.7395 -0.3527
vn 0.1632 0.9066 -0.3891
vn 0.5239 0.0019 -0.8518
vn -0.0322 -0.9995 -0.0026
vn -0.2255 0.8116 0.5390
vn -0.6601 -0.4930 0.5668
vn -0.6906 0.2745 -0.6692
vn -0.2083 -0.4930 0.8447
vn 0.2159 0.4216 -0.8807
vn 0.2737 0.9066 -0.3211
vn -0.5813 0.7309 -0.3576
vn -0.6736 -0.7215 0.1605
vn 0.1855 0.9797 -0.0766
vn 0.9909 -0.1063 0.0828
vn -0.0563 -0.7272 0.6841
vn -0.8397 0.1730 0.5147
vn -0.8239 -0.2132 0.5251
vn 0.5293 -0.0053 -0.8484
vn -0.4561 -0.7121 0.5337
vn -0.7081 -0.6844 -0.1736
vn 0.1063 -0.4085 -0.9065
vn -0.2102 -0.9737 -0.0881
vn 0.5224 0.0065 -0.8527
vn 0.5008 0.2939 -0.8141
vn 0.3891 0.9066 0.1632
vn -0.7175 0.5388 -0.4414
vn -0.0784 0.2950 0.9523
vn -0.0667 0.9850 0.1592
vn -0.0792 0.6466 -0.7587
vn 0.5537 -0.6844 -0.4742
vn -0.0207 -0.9985 -0.0500
vn -0.0126 -0.9999 0.0052
vn -0.3213 0.9466 -0.0265
vn -0.0868 0.8365 0.5410
vn -0.2191 0.3913 0.8938
vn 0.0010 -0.9999 0.0136
vn -0.0895 -0.9267 0.3650
vn -0.7372 -0.2405 0.6314
vn -0.0501 0.9914 -0.1211
vn -0.8492 -0.0773 -0.5224
vn 0.2492 0.0372 0.9677
vn 0.9939 0.0795 -0.0759
vn 0.1044 0.9870 0.1218
vn 0.0026 -0.9995 -0.0322
vn 0.5811 0.4456 -0.6810
vn 0.4676 0.4467 0.7628
vn -0.6686 -0.3647 0.6480
vn 0.1056 0.9795 -0.1717
vn -0.5255 0.0065 0.8508
vn -0.6012 -0.6127 -0.5130
vn 0.7372 -0.2405 -0.6314
vn -0.8141 0.2939 -0.5008
vn 0.5147 0.1730 0.8397
vn -0.0052 -0.9999 -0.0126
vn 0.2026 -0.5311 -0.8227
vn 0.1736 -0.6844 -0.7081
vn 0.3736 -0.2047 0.9047
vn -0.5669 0.7888 -0.2374
vn -0.3511 0.3922 -0.8502
vn -0.1533 -0.1823 0.9712
vn -0.6672 -0.7277 0.1590
vn 0.1479 0.9871 -0.0611
vn 0.5448 0.4796 -0.6879
vn 0.0715 0.9927 -0.0970
vn -0.0766 0.9797 -0.1855
vn -0.8368 -0.5076 -0.2052
vn 0.2519 0.8586 0.4466
vn 0.7783 0.4083 -0.4771
vn 0.0975 0.9072 0.4093
vn 0.5107 -0.7402 -0.4374
vn -0.5950 -0.7911 0.1417
vn -0.6204 0.2942 0.7270
vn 0.0083 0.9998 0.0202
vn -0.9147 0.3362 -0.2243
vn -0.5811 0.8124 -0.0476
vn 0.0730 0.2706 0.9599
vn 0.4584 0.8887 0.0031
vn -0.7082 -0.3650 -0.6044
vn 0.0285 -0.9270 0.3739
vn 0.5669 0.7888 0.2374
vn -0.8213 -0.2669 0.5043
vn -0.5905 -0.7206 -0.3633
vn -0.3593 0.3675 0.8578
vn -0.0666 -0.9962 -0.0568
vn -0.1479 0.9871 0.0611
vn 0.6484 -0.0492 -0.7597
vn -0.0476 0.8124 0.5811
vn 0.7599 -0.2854 -0.5841
vn -0.5405 -0.4732 0.6957
vn -0.2223 -0.2824 -0.9332
vn 0.4414 0.5388 -0.7175
vn 0.2656 -0.7262 -0.6341
vn -0.4993 0.2950 -0.8146
vn 0.5045 0.2702 -0.8200
vn -0.2299 -0.0567 -0.9716
vn 0.1467 0.9851 -0.0899
vn -0.1284 0.9912 -0.0316
vn -0.9275 -0.3659 -0.0763
vn 0.0568 -0.7145 -0.6973
vn 0.2205 0.9069 0.3590
vn -0.4509 0.8484 -0.2774
vn -0.0012 0.6691 -0.7432
vn -0.1906 0.8665 -0.4614
vn -0.7349 -0.6536 -0.1810
vn 0.1972 -0.9265 -0.3206
vn -0.8502 0.3922 0.3511
vn 0.7953 -0.5213 -0.3095
vn -0.8440 -0.5326 0.0639
vn 0.9599 0.2706 -0.0730
vn 0.4767 0.0892 -0.8745
vn -0.3650 -0.9267 -0.0895
vn -0.9816 0.1730 -0.0808
vn 0.5964 0.7900 -0.1421
vn 0.3853 -0.0742 -0.9198
vn 0.5743 -0.6536 -0.4929
vn -0.9890 0.1204 -0.0861
vn 0.1363 -0.9901 0.0334
vn 0.5122 0.8586 0.0235
vn 0.9037 0.4225 -0.0690
vn -0.0129 -0.9985 0.0527
vn -0.1828 -0.6144 -0.7675
vn -0.7970 -0.5120 0.3202
vn -0.0842 0.7164 0.6926
vn -0.0246 -0.9995 -0.0210
vn -0.1855 0.9797 0.0766
vn 0.2446 -0.7950 -0.5550
vn -0.8588 -0.3650 -0.3596
vn -0.0033 -0.9999 0.0133
vn 0.0986 -0.5666 -0.8181
vn 0.2283 0.1732 0.9581
vn -0.2480 -0.1610 -0.9553
vn 0.7134 -0.3770 -0.5908
vn -0.8330 0.5142 -0.2042
vn -0.9051 -0.3663 0.2156
vn -0.6884 -0.5892 0.4231
vn -0.4753 0.4209 0.7726
vn -0.5101 0.0195 0.8599
vn -0.7111 -0.5503 -0.4375
vn -0.5511 -0.8023 -0.2295
vn -0.0730 0.2706 -0.9599
vn -0.2243 0.9682 0.1105
vn 0.7674 0.6005 0.2245
vn 0.8395 0.1689 0.5165
vn -0.2057 -0.3770 0.9031
vn 0.9265 0.3685 0.0763
vn -0.4036 0.6353 -0.6584
vn 0.2420 0.7734 0.5859
vn 0.5269 0.3437 -0.7773
vn 0.5317 -0.0030 -0.8469
vn 0.5376 0.0013 -0.8432
vn -0.7214 -0.6894 0.0659
vn 0.0763 0.3685 -0.9265
vn 0.2748 0.9466 -0.1685
vn -0.3119 -0.5152 0.7983
vn 0.0189 0.9998 0.0116
vn 0.0746 0.9468 0.3132
vn -0.0828 -0.1063 0.9909
vn 0.2312 -0.2405 -0.9427
vn -0.1363 -0.9901 -0.0334
vn 0.8181 -0.5666 0.0986
vn -0.3118 -0.8012 -0.5108
vn -0.8061 -0.5620 0.1855
vn -0.1438 0.5195 -0.8423
vn 0.6544 -0.5076 -0.5604
vn -0.0913 -0.9901 -0.1066
vn 0.5784 0.5574 0.5956
vn -0.8702 0.3370 0.3593
vn 0.0134 0.9867 -0.1622
vn 0.3235 -0.5326 0.7821
vn 0.7075 0.3675 0.6037
vn 0.5019 0.6342 -0.5882
vn -0.2006 0.6119 0.7650
vn 0.1110 0.9866 -0.1194
vn -0.0334 -0.9901 0.1363
vn 0.0428 0.9991 -0.0068
vn 0.1323 0.9791 0.1545
vn -0.3706 -0.2812 0.8852
vn 0.2214 0.2954 0.9294
vn 0.6671 -0.4323 -0.6067
vn -0.2644 0.9132 0.3100
vn -0.8365 -0.4652 -0.2896
vn -0.4601 -0.4949 0.7371
vn 0.7258 0.2944 -0.6217
vn 0.4415 0.8972 -0.0151
vn 0.8730 0.3987 0.2808
vn -0.6858 -0.5666 0.4569
vn -0.3528 0.4072 0.8424
vn -0.5244 0.0176 0.8513
vn -0.0639 -0.5326 -0.8440
vn -0.5929 0.4072 0.6948
vn -0.9282 0.2944 -0.2277
vn 0.9084 0.1774 0.3787
vn 0.2817 -0.7409 0.6096
vn -0.4742 -0.6844 -0.5537
vn 0.9073 0.4195 -0.0289
vn 0.6973 -0.7145 0.0568
vn -0.2056 0.9628 -0.1755
vn -0.0611 0.9871 -0.1479
vn -0.3325 0.4065 0.8510
vn -0.6695 -0.7411 0.0511
vn 0.1388 0.9867 -0.0851
vn 0.8668 -0.4943 -0.0655
vn -0.0848 -0.9962 0.0202
vn -0.0141 0.9998 -0.0167
vn 0.0501 0.9914 0.1211
vn -0.9431 -0.3323 0.0109
vn 0.7958 -0.5086 -0.3286
vn 0.0745 -0.2047 0.9760
vn 0.3647 0.2951 0.8831
vn -0.0819 -0.0745 0.9939
vn 0.7768 -0.5999 0.1917
vn -0.8969 0.2418 0.3703
vn 0.6948 0.4072 0.5929
vn 0.3324 -0.4943 0.8032
vn 0.1956 0.9357 -0.2937
vn 0.5337 -0.7121 0.4561
vn 0.0106 -0.9902 0.1395
vn 0.2998 0.9468 -0.1170
vn -0.6037 0.3675 0.7075
vn 0.0737 -0.9901 -0.1197
vn -0.0735 -0.5120 -0.8558
vn 0.4450 0.7391 -0.5057
vn -0.8927 -0.3357 -0.3005
vn -0.0136 -0.9999 0.0010
vn 0.1242 0.9866 0.1060
vn -0.3758 0.9132 -0.1574
vn 0.1479 -0.9737 -0.1734
vn -0.0480 -0.8012 0.5965
vn 0.3836 0.9235 0.0081
vn 0.1667 -0.4087 0.8973
vn 0.7978 -0.1823 -0.5748
vn -0.2246 -0.9354 0.2730
vn -0.5968 -0.7145 0.3652
vn 0.8023 0.3356 0.4936
vn -0.3590 0.9069 0.2205
vn 0.0842 0.9870 -0.1369
vn 0.3314 0.5136 -0.7914
vn 0.2455 0.7722 -0.5861
vn -0.0085 0.9998 0.0205
vn -0.3693 0.2940 0.8816
vn -0.3750 -0.2401 0.8954
vn 0.0703 0.5148 -0.8544
vn 0.0521 0.7731 -0.6322
vn -0.0017 0.9998 0.0217
vn -0.0785 0.2948 0.9523
vn -0.0796 -0.2408 0.9673
vn -0.1986 0.5153 -0.8337
vn -0.1469 0.7735 -0.6165
vn 0.0051 0.9998 0.0213
vn 0.2214 0.2951 0.9294
vn 0.2249 -0.2412 0.9441
vn -0.4480 0.5148 -0.7309
vn -0.3315 0.7731 -0.5408
vn 0.0113 0.9998 0.0186
vn 0.4995 0.2948 0.8146
vn 0.5072 -0.2408 0.8275
vn -0.6527 0.5136 -0.5570
vn -0.4833 0.7722 -0.4124
vn 0.0168 0.9998 0.0145
vn 0.7271 0.2940 0.6204
vn 0.7384 -0.2401 0.6301
vn 0.7914 0.5136 0.3314
vn 0.5861 0.7722 0.2455
vn -0.0205 0.9998 -0.0085
vn -0.8816 0.2940 -0.3693
vn -0.8954 -0.2401 -0.3750
vn 0.8544 0.5148 0.0703
vn 0.6322 0.7731 0.0521
vn -0.0217 0.9998 -0.0017
vn -0.9523 0.2948 -0.0785
vn -0.9673 -0.2408 -0.0796
vn 0.8337 0.5153 -0.1986
vn 0.6165 0.7735 -0.1469
vn -0.0213 0.9998 0.0051
vn -0.9294 0.2951 0.2214
vn -0.9441 -0.2412 0.2249
vn 0.7309 0.5148 -0.4480
vn 0.5408 0.7731 -0.3315
vn -0.0186 0.9998 0.0113
vn -0.8146 0.2948 0.4995
vn -0.8275 -0.2408 0.5072
vn 0.5570 0.5136 -0.6527
vn 0.4124 0.7722 -0.4833
vn -0.0145 0.9998 0.0168
vn -0.6204 0.2940 0.7271
vn -0.6301 -0.2401 0.7384
vn -0.3314 0.5136 0.7914
vn -0.2455 0.7722 0.5861
vn 0.0085 0.9998 -0.0205
vn 0.3693 0.2940 -0.8816
vn 0.3750 -0.2401 -0.8954
vn -0.0703 0.5148 0.8544
vn -0.0521 0.7731 0.6322
vn 0.0017 0.9998 -0.0217
vn 0.0785 0.2948 -0.9523
vn 0.0796 -0.2408 -0.9673
vn 0.1986 0.5153 0.8337
vn 0.1469 0.7735 0.6165
vn -0.0051 0.9998 -0.0213
vn -0.2214 0.2951 -0.9294
vn -0.2249 -0.2412 -0.9441
vn 0.4480 0.5148 0.7309
vn 0.3315 0.7731 0.5408
vn -0.0113 0.9998 -0.0186
vn -0.4995 0.2948 -0.8146
vn -0.5072 -0.2408 -0.8275
vn 0.6527 0.5136 0.5570
vn 0.4833 0.7722 0.4124
vn -0.0168 0.9998 -0.0145
vn -0.7271 0.2940 -0.6204
vn -0.7384 -0.2401 -0.6301
vn -0.7914 0.5136 -0.3314
vn -0.5861 0.7722 -0.2455
vn 0.0205 0.9998 0.0085
vn 0.8816 0.2940 0.3693
vn 0.8954 -0.2401 0.3750
vn -0.8544 0.5148 -0.0703
vn -0.6322 0.7731 -0.0521
vn 0.0217 0.9998 0.0017
vn 0.9523 0.2948 0.0785
vn 0.9673 -0.2408 0.0796
vn -0.8337 0.5153 0.1986
vn -0.6165 0.7735 0.1469
vn 0.0213 0.9998 -0.0051
vn 0.9294 0.2951 -0.2214
vn 0.9441 -0.2412 -0.2249
vn -0.7309 0.5148 0.4480
vn -0.5408 0.7731 0.3315
vn 0.0186 0.9998 -0.0113
vn 0.8146 0.2948 -0.4995
vn 0.8275 -0.2408 -0.5072
vn -0.5570 0.5136 0.6527
vn -0.4124 0.7722 0.4833
vn 0.0145 0.9998 -0.0168
vn 0.6204 0.2940 -0.7271
vn 0.6301 -0.2401 -0.7384
vn 0.3851 0.0791 -0.9195
vn 0.3749 0.2408 -0.8952
vn 0.3639 0.3358 -0.8688
vn 0.3556 0.3908 -0.8490
vn 0.3504 0.4211 -0.8366
vn 0.0818 0.0794 -0.9935
vn 0.0796 0.2415 -0.9671
vn 0.0772 0.3367 -0.9384
vn 0.0755 0.3919 -0.9169
vn 0.0744 0.4221 -0.9035
vn -0.2310 0.0795 -0.9697
vn -0.2249 0.2419 -0.9439
vn -0.2182 0.3371 -0.9158
vn -0.2132 0.3923 -0.8948
vn -0.2100 0.4226 -0.8816
vn -0.5209 0.0794 -0.8499
vn -0.5071 0.2415 -0.8273
vn -0.4921 0.3367 -0.8028
vn -0.4808 0.3919 -0.7844
vn -0.4738 0.4221 -0.7729
vn -0.7583 0.0791 -0.6471
vn -0.7383 0.2408 -0.6300
vn -0.7165 0.3358 -0.6114
vn -0.7002 0.3908 -0.5975
vn -0.6900 0.4211 -0.5888
vn 0.9228 0.1270 0.3637
vn 0.8952 0.2408 0.3749
vn 0.8688 0.3358 0.3639
vn 0.8490 0.3908 0.3556
vn 0.8366 0.4211 0.3504
vn 0.9935 0.0794 0.0818
vn 0.9671 0.2415 0.0796
vn 0.9384 0.3367 0.0772
vn 0.9169 0.3919 0.0755
vn 0.9035 0.4221 0.0744
vn 0.9697 0.0795 -0.2310
vn 0.9439 0.2419 -0.2249
vn 0.9158 0.3371 -0.2182
vn 0.8948 0.3923 -0.2132
vn 0.8816 0.4226 -0.2100
vn 0.8499 0.0794 -0.5209
vn 0.8273 0.2415 -0.5071
vn 0.8028 0.3367 -0.4921
vn 0.7844 0.3919 -0.4808
vn 0.7729 0.4221 -0.4738
vn 0.6471 0.0791 -0.7583
vn 0.6300 0.2408 -0.7383
vn 0.6114 0.3358 -0.7165
vn 0.5975 0.3908 -0.7002
vn 0.5888 0.4211 -0.6900
vn -0.3851 0.0791 0.9195
vn -0.3749 0.2408 0.8952
vn -0.3639 0.3358 0.8688
vn -0.3556 0.3908 0.8490
vn -0.3504 0.4211 0.8366
vn -0.0818 0.0794 0.9935
vn -0.0796 0.2415 0.9671
vn -0.0772 0.3367 0.9384
vn -0.0755 0.3919 0.9169
vn -0.0744 0.4221 0.9035
vn 0.2310 0.0795 0.9697
vn 0.2249 0.2419 0.9439
vn 0.2182 0.3371 0.9158
vn 0.2132 0.3923 0.8948
vn 0.2100 0.4226 0.8816
vn 0.5209 0.0794 0.8499
vn 0.5071 0.2415 0.8273
vn 0.4921 0.3367 0.8028
vn 0.4808 0.3919 0.7844
vn 0.4738 0.4221 0.7729
vn 0.7407 0.1270 0.6597
vn 0.7383 0.2408 0.6300
vn 0.7165 0.3358 0.6114
vn 0.7002 0.3908 0.5975
vn 0.6900 0.4211 0.5888
vn -0.9195 0.0791 -0.3851
vn -0.8952 0.2408 -0.3749
vn -0.8688 0.3358 -0.3639
vn -0.8490 0.3908 -0.3556
vn -0.8366 0.4211 -0.3504
vn -0.9935 0.0794 -0.0818
vn -0.9671 0.2415 -0.0796
vn -0.9384 0.3367 -0.0772
vn -0.9169 0.3919 -0.0755
vn -0.9035 0.4221 -0.0744
vn -0.9697 0.0795 0.2310
vn -0.9439 0.2419 0.2249
vn -0.9158 0.3371 0.2182
vn -0.8948 0.3923 0.2132
vn -0.8816 0.4226 0.2100
vn -0.8499 0.0794 0.5209
vn -0.8273 0.2415 0.5071
vn -0.8028 0.3367 0.4921
vn -0.7844 0.3919 0.4808
vn -0.7729 0.4221 0.4738
vn -0.6471 0.0791 0.7583
vn -0.6300 0.2408 0.7383
vn -0.6114 0.3358 0.7165
vn -0.5975 0.3908 0.7002
vn -0.5888 0.4211 0.6900
vn 0.2978 -0.6051 -0.7383
vn 0.2600 -0.7397 -0.6207
vn 0.2818 -0.6839 -0.6729
vn 0.3329 -0.5071 -0.7950
vn 0.3782 -0.2039 -0.9030
vn 0.0681 -0.6168 -0.7842
vn 0.0551 -0.7407 -0.6696
vn 0.0598 -0.6850 -0.7261
vn 0.0707 -0.5082 -0.8583
vn 0.0803 -0.2045 -0.9756
vn -0.1651 -0.7020 -0.6928
vn -0.1556 -0.7412 -0.6530
vn -0.1687 -0.6855 -0.7082
vn -0.1995 -0.5088 -0.8375
vn -0.2268 -0.2048 -0.9522
vn -0.4143 -0.6168 -0.6692
vn -0.3511 -0.7407 -0.5728
vn -0.3807 -0.6850 -0.6211
vn -0.4501 -0.5082 -0.7343
vn -0.5115 -0.2045 -0.8346
vn -0.5987 -0.6051 -0.5248
vn -0.5119 -0.7397 -0.4368
vn -0.5550 -0.6839 -0.4736
vn -0.6556 -0.5071 -0.5595
vn -0.7447 -0.2039 -0.6355
vn 0.7383 -0.6051 0.2978
vn 0.6207 -0.7397 0.2600
vn 0.6729 -0.6839 0.2818
vn 0.7950 -0.5071 0.3329
vn 0.9001 -0.2559 0.3527
vn 0.7842 -0.6168 0.0681
vn 0.6696 -0.7407 0.0551
vn 0.7261 -0.6850 0.0598
vn 0.8583 -0.5082 0.0707
vn 0.9756 -0.2045 0.0803
vn 0.6928 -0.7020 -0.1651
vn 0.6530 -0.7412 -0.1556
vn 0.7082 -0.6855 -0.1687
vn 0.8375 -0.5088 -0.1995
vn 0.9522 -0.2048 -0.2268
vn 0.6692 -0.6168 -0.4143
vn 0.5728 -0.7407 -0.3511
vn 0.6211 -0.6850 -0.3807
vn 0.7343 -0.5082 -0.4501
vn 0.8346 -0.2045 -0.5115
vn 0.5248 -0.6051 -0.5987
vn 0.4368 -0.7397 -0.5119
vn 0.4736 -0.6839 -0.5550
vn 0.5595 -0.5071 -0.6556
vn 0.6355 -0.2039 -0.7447
vn -0.2978 -0.6051 0.7383
vn -0.2600 -0.7397 0.6207
vn -0.2818 -0.6839 0.6729
vn -0.3329 -0.5071 0.7950
vn -0.3782 -0.2039 0.9030
vn -0.0681 -0.6168 0.7842
vn -0.0551 -0.7407 0.6696
vn -0.0598 -0.6850 0.7261
vn -0.0707 -0.5082 0.8583
vn -0.0803 -0.2045 0.9756
vn 0.1651 -0.7020 0.6928
vn 0.1556 -0.7412 0.6530
vn 0.1687 -0.6855 0.7082
vn 0.1995 -0.5088 0.8375
vn 0.2268 -0.2048 0.9522
vn 0.4143 -0.6168 0.6692
vn 0.3511 -0.7407 0.5728
vn 0.3807 -0.6850 0.6211
vn 0.4501 -0.5082 0.7343
vn 0.5115 -0.2045 0.8346
vn 0.5987 -0.6051 0.5248
vn 0.5119 -0.7397 0.4368
vn 0.5550 -0.6839 0.4736
vn 0.6556 -0.5071 0.5595
vn 0.7207 -0.2559 0.6443
vn -0.7383 -0.6051 -0.2978
vn -0.6207 -0.7397 -0.2600
vn -0.6729 -0.6839 -0.2818
vn -0.7950 -0.5071 -0.3329
vn -0.9030 -0.2039 -0.3782
vn -0.7842 -0.6168 -0.0681
vn -0.6696 -0.7407 -0.0551
vn -0.7261 -0.6850 -0.0598
vn -0.8583 -0.5082 -0.0707
vn -0.9756 -0.2045 -0.0803
vn -0.6928 -0.7020 0.1651
vn -0.6530 -0.7412 0.1556
vn -0.7082 -0.6855 0.1687
vn -0.8375 -0.5088 0.1995
vn -0.9522 -0.2048 0.2268
vn -0.6692 -0.6168 0.4143
vn -0.5728 -0.7407 0.3511
vn -0.6211 -0.6850 0.3807
vn -0.7343 -0.5082 0.4501
vn -0.8346 -0.2045 0.5115
vn -0.5248 -0.6051 0.5987
vn -0.4368 -0.7397 0.5119
vn -0.4736 -0.6839 0.5550
vn -0.5595 -0.5071 0.6556
vn -0.6355 -0.2039 0.7447
vn 0.9057 0.2862 0.3127
vn 0.6086 0.7795 0.1482
vn 0.2869 0.9578 -0.0206
vn 0.1422 0.9847 -0.1004
vn 0.0957 0.9869 -0.1296
vn 0.9476 0.2212 -0.2303
vn 0.7207 0.6082 -0.3327
vn 0.4732 0.7692 -0.4295
vn 0.3592 0.7990 -0.4824
vn 0.3240 0.7990 -0.5065
vn 0.5406 0.0086 -0.8413
vn 0.5289 0.0227 -0.8484
vn 0.5220 0.0112 -0.8529
vn 0.5232 0.0036 -0.8522
vn 0.5241 0.0009 -0.8516
vn -0.1879 -0.2642 -0.9460
vn 0.0206 -0.6526 -0.7574
vn 0.1949 -0.7803 -0.5943
vn 0.2770 -0.7994 -0.5331
vn 0.3078 -0.7987 -0.5171
vn -0.6518 -0.3958 -0.6469
vn -0.2984 -0.8693 -0.3940
vn -0.0567 -0.9730 -0.2239
vn 0.0415 -0.9861 -0.1612
vn 0.0755 -0.9870 -0.1421
vn -0.8713 -0.3958 -0.2901
vn -0.4862 -0.8693 -0.0887
vn -0.2254 -0.9730 0.0504
vn -0.1252 -0.9861 0.1097
vn -0.0928 -0.9870 0.1315
vn -0.9291 -0.2642 0.2589
vn -0.6668 -0.6526 0.3599
vn -0.4426 -0.7803 0.4419
vn -0.3509 -0.7994 0.4876
vn -0.3228 -0.7987 0.5079
vn -0.5072 0.0086 0.8618
vn -0.5187 0.0227 0.8546
vn -0.5259 0.0112 0.8505
vn -0.5247 0.0036 0.8513
vn -0.5238 0.0009 0.8518
vn 0.2218 0.2212 0.9497
vn 0.0280 0.6082 0.7933
vn -0.1700 0.7692 0.6160
vn -0.2686 0.7990 0.5381
vn -0.3060 0.7990 0.5176
vn 0.6875 0.2862 0.6674
vn 0.4067 0.7795 0.4763
vn 0.1109 0.9578 0.2653
vn -0.0254 0.9847 0.1722
vn -0.0725 0.9869 0.1438
vn 0.4934 -0.8622 0.1146
vn 0.5913 -0.7898 0.1632
vn 0.7249 -0.6515 0.2238
vn 0.8521 -0.4389 0.2850
vn 0.9324 -0.1469 0.3301
vn 0.6508 -0.6959 -0.3034
vn 0.7327 -0.6207 -0.2792
vn 0.8314 -0.4889 -0.2641
vn 0.9155 -0.3196 -0.2442
vn 0.9702 -0.1065 -0.2176
vn 0.5254 -0.0007 -0.8508
vn 0.5275 -0.0047 -0.8495
vn 0.5284 -0.0058 -0.8490
vn 0.5304 -0.0043 -0.8477
vn 0.5340 -0.0016 -0.8455
vn -0.0496 0.6849 -0.7269
vn -0.1161 0.5886 -0.8000
vn -0.1636 0.4456 -0.8802
vn -0.1974 0.2910 -0.9361
vn -0.2310 0.0976 -0.9680
vn -0.3567 0.8344 -0.4200
vn -0.4834 0.7232 -0.4932
vn -0.5863 0.5640 -0.5815
vn -0.6605 0.3818 -0.6465
vn -0.7155 0.1296 -0.6865
vn -0.5358 0.8344 -0.1290
vn -0.6582 0.7232 -0.2091
vn -0.7834 0.5640 -0.2611
vn -0.8749 0.3818 -0.2980
vn -0.9354 0.1296 -0.3291
vn -0.6712 0.6849 0.2835
vn -0.7664 0.5886 0.2571
vn -0.8594 0.4456 0.2508
vn -0.9246 0.2910 0.2459
vn -0.9682 0.0976 0.2303
vn -0.5225 -0.0007 0.8526
vn -0.5204 -0.0047 0.8539
vn -0.5196 -0.0058 0.8544
vn -0.5175 -0.0043 0.8557
vn -0.5139 -0.0016 0.8579
vn 0.0226 -0.6959 0.7177
vn 0.0811 -0.6207 0.7799
vn 0.1392 -0.4889 0.8612
vn 0.1948 -0.3196 0.9273
vn 0.2432 -0.1065 0.9641
vn 0.3248 -0.8622 0.3887
vn 0.4123 -0.7898 0.4542
vn 0.5266 -0.6515 0.5461
vn 0.6386 -0.4389 0.6321
vn 0.7151 -0.1469 0.6834
vn -0.4169 -0.6870 -0.5952
vn -0.6178 -0.4138 -0.6686
vn -0.6785 -0.3550 -0.6432
vn -0.5251 -0.6371 -0.5643
vn -0.2245 -0.8815 -0.4154
vn 0.0631 -0.3478 -0.9354
vn -0.1451 -0.1902 -0.9710
vn -0.2957 -0.1974 -0.9347
vn -0.1579 -0.4328 -0.8876
vn 0.1270 -0.6034 -0.7873
vn 0.5074 0.1242 -0.8527
vn 0.4500 0.1637 -0.8779
vn 0.3523 0.1540 -0.9231
vn 0.3584 0.0666 -0.9312
vn 0.4545 0.0058 -0.8907
vn 0.7697 0.4436 -0.4591
vn 0.8512 0.3894 -0.3519
vn 0.8426 0.4344 -0.3183
vn 0.6841 0.5787 -0.4440
vn 0.5192 0.6352 -0.5718
vn 0.7980 0.5878 0.1328
vn 0.8739 0.4167 0.2504
vn 0.8423 0.4633 0.2756
vn 0.6306 0.7661 0.1241
vn 0.3345 0.9387 -0.0837
vn 0.4784 0.5878 0.6524
vn 0.6175 0.4167 0.6671
vn 0.6258 0.4633 0.6275
vn 0.3951 0.7661 0.5069
vn 0.0762 0.9387 0.3363
vn -0.0627 0.4436 0.8940
vn 0.0696 0.3894 0.9184
vn 0.0958 0.4344 0.8956
vn -0.0878 0.5787 0.8108
vn -0.2762 0.6352 0.7212
vn -0.5324 0.1242 0.8373
vn -0.5807 0.1637 0.7975
vn -0.6651 0.1540 0.7307
vn -0.6695 0.0666 0.7398
vn -0.5901 0.0058 0.8073
vn -0.8065 -0.3478 0.4781
vn -0.9321 -0.1902 0.3083
vn -0.9676 -0.1974 0.1575
vn -0.8634 -0.4328 0.2593
vn -0.6454 -0.6034 0.4683
vn -0.7192 -0.6870 -0.1037
vn -0.8754 -0.4138 -0.2500
vn -0.8800 -0.3550 -0.3156
vn -0.7404 -0.6371 -0.2142
vn -0.4720 -0.8815 -0.0131
vn 0.1960 0.9078 0.3707
vn 0.1532 0.9488 0.2763
vn -0.1459 0.9462 -0.2889
vn -0.3304 -0.6819 -0.6526
vn -0.2943 -0.8104 -0.5066
vn -0.1377 0.6936 0.7070
vn -0.0834 0.8574 0.5078
vn 0.0600 0.9841 -0.1669
vn 0.1847 0.0141 -0.9827
vn 0.1477 -0.4032 -0.9031
vn -0.5063 0.2349 0.8298
vn -0.3635 0.6737 0.6434
vn 0.0620 0.9971 -0.0449
vn 0.4191 0.6029 -0.6789
vn 0.5139 0.1948 -0.8354
vn -0.7555 -0.2831 0.5908
vn -0.6946 0.4014 0.5970
vn 0.0190 0.9997 0.0163
vn 0.4506 0.8254 -0.3401
vn 0.6689 0.5674 -0.4803
vn -0.7456 -0.6662 -0.0161
vn -0.9997 0.0149 0.0179
vn -0.0089 0.9999 0.0093
vn 0.3932 0.9194 0.0143
vn 0.6478 0.7604 0.0459
vn -0.3505 -0.6662 -0.6583
vn -0.4348 0.0149 -0.9004
vn 0.0043 0.9999 -0.0121
vn 0.1901 0.9194 0.3445
vn 0.3331 0.7604 0.5575
vn 0.1867 -0.2831 -0.9407
vn 0.2197 0.4014 -0.8892
vn 0.0232 0.9997 0.0096
vn -0.1004 0.8254 0.5555
vn -0.1271 0.5674 0.8136
vn 0.5123 0.2349 -0.8260
vn 0.4104 0.6737 -0.6146
vn -0.0121 0.9971 0.0756
vn -0.4170 0.6029 0.6802
vn -0.5140 0.1948 0.8354
vn 0.5690 0.6936 -0.4417
vn 0.4157 0.8574 -0.3035
vn -0.1219 0.9841 0.1289
vn -0.7938 0.0141 0.6080
vn -0.7395 -0.4032 0.5390
vn 0.4193 0.9078 0.0078
vn 0.3157 0.9488 0.0122
vn -0.3236 0.9462 -0.0000
vn -0.7314 -0.6819 -0.0006
vn -0.5849 -0.8104 -0.0343
vn 0.3722 0.2702 -0.8879
vn 0.3280 -0.5303 -0.7818
vn 0.3369 -0.4923 -0.8026
vn 0.3262 0.5381 -0.7772
vn 0.0745 0.9813 -0.1777
vn 0.0794 0.2706 -0.9594
vn 0.0703 -0.5320 -0.8438
vn 0.0725 -0.4937 -0.8666
vn 0.0701 0.5388 -0.8395
vn 0.0160 0.9812 -0.1921
vn -0.2231 0.2706 -0.9365
vn -0.1961 -0.5328 -0.8232
vn -0.2014 -0.4945 -0.8455
vn -0.1952 0.5392 -0.8192
vn -0.0447 0.9812 -0.1876
vn -0.5035 0.2706 -0.8205
vn -0.4432 -0.5320 -0.7215
vn -0.4554 -0.4937 -0.7408
vn -0.4411 0.5388 -0.7177
vn -0.1009 0.9812 -0.1643
vn -0.7326 0.2702 -0.6247
vn -0.6453 -0.5303 -0.5499
vn -0.6626 -0.4923 -0.5644
vn -0.6416 0.5381 -0.5466
vn -0.1466 0.9813 -0.1250
vn 0.8879 0.2702 0.3722
vn 0.7818 -0.5303 0.3280
vn 0.8026 -0.4923 0.3369
vn 0.7772 0.5381 0.3262
vn 0.1777 0.9813 0.0745
vn 0.9594 0.2706 0.0794
vn 0.8438 -0.5320 0.0703
vn 0.8666 -0.4937 0.0725
vn 0.8395 0.5388 0.0701
vn 0.1921 0.9812 0.0160
vn 0.9365 0.2706 -0.2231
vn 0.8232 -0.5328 -0.1961
vn 0.8455 -0.4945 -0.2014
vn 0.8192 0.5392 -0.1952
vn 0.1876 0.9812 -0.0447
vn 0.8205 0.2706 -0.5035
vn 0.7215 -0.5320 -0.4432
vn 0.7408 -0.4937 -0.4554
vn 0.7177 0.5388 -0.4411
vn 0.1643 0.9812 -0.1009
vn 0.6247 0.2702 -0.7326
vn 0.5499 -0.5303 -0.6453
vn 0.5644 -0.4923 -0.6626
vn 0.5466 0.5381 -0.6416
vn 0.1250 0.9813 -0.1466
vn -0.3722 0.2702 0.8879
vn -0.3280 -0.5303 0.7818
vn -0.3369 -0.4923 0.8026
vn -0.3262 0.5381 0.7772
vn -0.0745 0.9813 0.1777
vn -0.0794 0.2706 0.9594
vn -0.0703 -0.5320 0.8438
vn -0.0725 -0.4937 0.8666
vn -0.0701 0.5388 0.8395
vn -0.0160 0.9812 0.1921
vn 0.2231 0.2706 0.9365
vn 0.1961 -0.5328 0.8232
vn 0.2014 -0.4945 0.8455
vn 0.1952 0.5392 0.8192
vn 0.0447 0.9812 0.1876
vn 0.5035 0.2706 0.8205
vn 0.4432 -0.5320 0.7215
vn 0.4554 -0.4937 0.7408
vn 0.4411 0.5388 0.7177
vn 0.1009 0.9812 0.1643
vn 0.7326 0.2702 0.6247
vn 0.6453 -0.5303 0.5499
vn 0.6626 -0.4923 0.5644
vn 0.6416 0.5381 0.5466
vn 0.1466 0.9813 0.1250
vn -0.8879 0.2702 -0.3722
vn -0.7818 -0.5303 -0.3280
vn -0.8026 -0.4923 -0.3369
vn -0.7772 0.5381 -0.3262
vn -0.1777 0.9813 -0.0745
vn -0.9594 0.2706 -0.0794
vn -0.8438 -0.5320 -0.0703
vn -0.8666 -0.4937 -0.0725
vn -0.8395 0.5388 -0.0701
vn -0.1921 0.9812 -0.0160
vn -0.9365 0.2706 0.2231
vn -0.8232 -0.5328 0.1961
vn -0.8455 -0.4945 0.2014
vn -0.8192 0.5392 0.1952
vn -0.1876 0.9812 0.0447
vn -0.8205 0.2706 0.5035
vn -0.7215 -0.5320 0.4432
vn -0.7408 -0.4937 0.4554
vn -0.7177 0.5388 0.4411
vn -0.1643 0.9812 0.1009
vn -0.6247 0.2702 0.7326
vn -0.5499 -0.5303 0.6453
vn -0.5644 -0.4923 0.6626
vn -0.5466 0.5381 0.6416
vn -0.1250 0.9813 0.1466
vn 0.1934 0.8656 -0.4618
vn 0.0778 0.9795 -0.1858
vn 0.0621 0.9870 -0.1482
vn 0.0787 0.9790 -0.1879
vn 0.1568 0.9139 -0.3745
vn 0.0410 0.8662 -0.4979
vn 0.0165 0.9796 -0.2002
vn 0.0131 0.9871 -0.1596
vn 0.0167 0.9792 -0.2024
vn 0.0332 0.9144 -0.4035
vn -0.1157 0.8666 -0.4855
vn -0.0465 0.9797 -0.1952
vn -0.0371 0.9871 -0.1556
vn -0.0470 0.9792 -0.1972
vn -0.0937 0.9146 -0.3934
vn -0.2611 0.8662 -0.4260
vn -0.1050 0.9796 -0.1713
vn -0.0837 0.9871 -0.1366
vn -0.1061 0.9792 -0.1731
vn -0.2116 0.9144 -0.3452
vn -0.3809 0.8656 -0.3250
vn -0.1533 0.9795 -0.1308
vn -0.1222 0.9870 -0.1043
vn -0.1549 0.9790 -0.1322
vn -0.3088 0.9139 -0.2635
vn 0.4618 0.8656 0.1934
vn 0.1858 0.9795 0.0778
vn 0.1482 0.9870 0.0621
vn 0.1879 0.9790 0.0787
vn 0.3745 0.9139 0.1568
vn 0.4979 0.8662 0.0410
vn 0.2002 0.9796 0.0165
vn 0.1596 0.9871 0.0131
vn 0.2024 0.9792 0.0167
vn 0.4035 0.9144 0.0332
vn 0.4855 0.8666 -0.1157
vn 0.1952 0.9797 -0.0465
vn 0.1556 0.9871 -0.0371
vn 0.1972 0.9792 -0.0470
vn 0.3934 0.9146 -0.0937
vn 0.4260 0.8662 -0.2611
vn 0.1713 0.9796 -0.1050
vn 0.1366 0.9871 -0.0837
vn 0.1731 0.9792 -0.1061
vn 0.3452 0.9144 -0.2116
vn 0.3250 0.8656 -0.3809
vn 0.1308 0.9795 -0.1533
vn 0.1043 0.9870 -0.1222
vn 0.1322 0.9790 -0.1549
vn 0.2635 0.9139 -0.3088
vn -0.1934 0.8656 0.4618
vn -0.0778 0.9795 0.1858
vn -0.0621 0.9870 0.1482
vn -0.0787 0.9790 0.1879
vn -0.1568 0.9139 0.3745
vn -0.0410 0.8662 0.4979
vn -0.0165 0.9796 0.2002
vn -0.0131 0.9871 0.1596
vn -0.0167 0.9792 0.2024
vn -0.0332 0.9144 0.4035
vn 0.1157 0.8666 0.4855
vn 0.0465 0.9797 0.1952
vn 0.0371 0.9871 0.1556
vn 0.0470 0.9792 0.1972
vn 0.0937 0.9146 0.3934
vn 0.2611 0.8662 0.4260
vn 0.1050 0.9796 0.1713
vn 0.0837 0.9871 0.1366
vn 0.1061 0.9792 0.1731
vn 0.2116 0.9144 0.3452
vn 0.3809 0.8656 0.3250
vn 0.1533 0.9795 0.1308
vn 0.1222 0.9870 0.1043
vn 0.1549 0.9790 0.1322
vn 0.3088 0.9139 0.2635
vn -0.4618 0.8656 -0.1934
vn -0.1858 0.9795 -0.0778
vn -0.1482 0.9870 -0.0621
vn -0.1879 0.9790 -0.0787
vn -0.3745 0.9139 -0.1568
vn -0.4979 0.8662 -0.0410
vn -0.2002 0.9796 -0.0165
vn -0.1596 0.9871 -0.0131
vn -0.2024 0.9792 -0.0167
vn -0.4035 0.9144 -0.0332
vn -0.4855 0.8666 0.1157
vn -0.1952 0.9797 0.0465
vn -0.1556 0.9871 0.0371
vn -0.1972 0.9792 0.0470
vn -0.3934 0.9146 0.0937
vn -0.4260 0.8662 0.2611
vn -0.1713 0.9796 0.1050
vn -0.1366 0.9871 0.0837
vn -0.1731 0.9792 0.1061
vn -0.3452 0.9144 0.2116
vn -0.3250 0.8656 0.3809
vn -0.1308 0.9795 0.1533
vn -0.1043 0.9870 0.1222
vn -0.1322 0.9790 0.1549
vn -0.2635 0.9139 0.3088
vn -0.4989 -0.6609 0.5607
vn -0.2442 -0.9265 0.2862
vn -0.0912 -0.9901 0.1069
vn -0.0353 -0.9985 0.0413
vn -0.0125 -0.9998 0.0146
vn -0.6378 -0.6602 0.3967
vn -0.3200 -0.9269 0.1962
vn -0.1194 -0.9901 0.0732
vn -0.0462 -0.9985 0.0283
vn -0.0164 -0.9998 0.0100
vn -0.8431 -0.4989 0.2009
vn -0.3646 -0.9271 0.0869
vn -0.1361 -0.9902 0.0324
vn -0.0527 -0.9985 0.0125
vn -0.0187 -0.9998 0.0045
vn -0.7482 -0.6602 -0.0665
vn -0.3740 -0.9269 -0.0308
vn -0.1396 -0.9901 -0.0115
vn -0.0540 -0.9985 -0.0045
vn -0.0192 -0.9998 -0.0016
vn -0.6981 -0.6609 -0.2755
vn -0.3470 -0.9265 -0.1454
vn -0.1296 -0.9901 -0.0543
vn -0.0501 -0.9985 -0.0210
vn -0.0177 -0.9998 -0.0074
vn 0.5607 -0.6609 0.4989
vn 0.2862 -0.9265 0.2442
vn 0.1069 -0.9901 0.0912
vn 0.0413 -0.9985 0.0353
vn 0.0146 -0.9998 0.0125
vn 0.3967 -0.6602 0.6378
vn 0.1962 -0.9269 0.3200
vn 0.0732 -0.9901 0.1194
vn 0.0283 -0.9985 0.0462
vn 0.0100 -0.9998 0.0164
vn 0.2009 -0.4989 0.8431
vn 0.0869 -0.9271 0.3646
vn 0.0324 -0.9902 0.1361
vn 0.0125 -0.9985 0.0527
vn 0.0045 -0.9998 0.0187
vn -0.0665 -0.6602 0.7482
vn -0.0308 -0.9269 0.3740
vn -0.0115 -0.9901 0.1396
vn -0.0045 -0.9985 0.0540
vn -0.0016 -0.9998 0.0192
vn -0.2755 -0.6609 0.6981
vn -0.1454 -0.9265 0.3470
vn -0.0543 -0.9901 0.1296
vn -0.0210 -0.9985 0.0501
vn -0.0074 -0.9998 0.0177
vn 0.4989 -0.6609 -0.5607
vn 0.2442 -0.9265 -0.2862
vn 0.0912 -0.9901 -0.1069
vn 0.0353 -0.9985 -0.0413
vn 0.0125 -0.9998 -0.0146
vn 0.6378 -0.6602 -0.3967
vn 0.3200 -0.9269 -0.1962
vn 0.1194 -0.9901 -0.0732
vn 0.0462 -0.9985 -0.0283
vn 0.0164 -0.9998 -0.0100
vn 0.8431 -0.4989 -0.2009
vn 0.3646 -0.9271 -0.0869
vn 0.1361 -0.9902 -0.0324
vn 0.0527 -0.9985 -0.0125
vn 0.0187 -0.9998 -0.0045
vn 0.7482 -0.6602 0.0665
vn 0.3740 -0.9269 0.0308
vn 0.1396 -0.9901 0.0115
vn 0.0540 -0.9985 0.0045
vn 0.0192 -0.9998 0.0016
vn 0.6981 -0.6609 0.2755
vn 0.3470 -0.9265 0.1454
vn 0.1296 -0.9901 0.0543
vn 0.0501 -0.9985 0.0210
vn 0.0177 -0.9998 0.0074
vn -0.5607 -0.6609 -0.4989
vn -0.2862 -0.9265 -0.2442
vn -0.1069 -0.9901 -0.0912
vn -0.0413 -0.9985 -0.0353
vn -0.0146 -0.9998 -0.0125
vn -0.3967 -0.6602 -0.6378
vn -0.1962 -0.9269 -0.3200
vn -0.0732 -0.9901 -0.1194
vn -0.0283 -0.9985 -0.0462
vn -0.0100 -0.9998 -0.0164
vn -0.2009 -0.4989 -0.8431
vn -0.0869 -0.9271 -0.3646
vn -0.0324 -0.9902 -0.1361
vn -0.0125 -0.9985 -0.0527
vn -0.0045 -0.9998 -0.0187
vn 0.0665 -0.6602 -0.7482
vn 0.0308 -0.9269 -0.3740
vn 0.0115 -0.9901 -0.1396
vn 0.0045 -0.9985 -0.0540
vn 0.0016 -0.9998 -0.0192
vn 0.2755 -0.6609 -0.6981
vn 0.1454 -0.9265 -0.3470
vn 0.0543 -0.9901 -0.1296
vn 0.0210 -0.9985 -0.0501
vn 0.0074 -0.9998 -0.0177
s 1
f 5896//5256 6781//6141 8361//7721 6879//6239
f 6781//6141 5897//5257 6935//6295 8361//7721
f 8361//7721 6935//6295 5898//5258 7099//6459
f 6879//6239 8361//7721 7099//6459 5899//5259
f 5897//5257 6830//6190 8362//7722 6935//6295
f 6830//6190 5900//5260 7410//6770 8362//7722
f 8362//7722 7410//6770 5901//5261 6773//6133
f 6935//6295 8362//7722 6773//6133 5898//5258
f 5900//5260 7477//6837 8363//7723 7410//6770
f 7477//6837 5902//5262 7311//6671 8363//7723
f 8363//7723 7311//6671 5903//5263 7405//6765
f 7410//6770 8363//7723 7405//6765 5901//5261
f 5902//5262 7361//6721 8364//7724 7311//6671
f 7361//6721 5904//5264 8006//7366 8364//7724
f 8364//7724 8006//7366 5905//5265 7073//6433
f 7311//6671 8364//7724 7073//6433 5903//5263
f 5904//5264 8051//7411 8365//7725 8006//7366
f 8051//7411 5906//5266 8301//7661 8365//7725
f 8365//7725 8301//7661 5907//5267 8000//7360
f 8006//7366 8365//7725 8000//7360 5905//5265
f 5908//5268 7807//7167 8366//7726 7346//6706
f 7807//7167 5909//5269 7507//6867 8366//7726
f 8366//7726 7507//6867 5897//5257 6781//6141
f 7346//6706 8366//7726 6781//6141 5896//5256
f 5909//5269 7958//7318 8367//7727 7507//6867
f 7958//7318 5910//5270 7029//6389 8367//7727
f 8367//7727 7029//6389 5900//5260 6830//6190
f 7507//6867 8367//7727 6830//6190 5897//5257
f 5910//5270 7713//7073 8368//7728 7029//6389
f 7713//7073 5911//5271 6872//6232 8368//7728
f 8368//7728 6872//6232 5902//5262 7477//6837
f 7029//6389 8368//7728 7477//6837 5900//5260
f 5911//5271 7667//7027 8369//7729 6872//6232
f 7667//7027 5912//5272 8334//7694 8369//7729
f 8369//7729 8334//7694 5904//5264 7361//6721
f 6872//6232 8369//7729 7361//6721 5902//5262
f 5912//5272 7613//6973 8370//7730 8334//7694
f 7613//6973 5913//5273 6948//6308 8370//7730
f 8370//7730 6948//6308 5906//5266 8051//7411
f 8334//7694 8370//7730 8051//7411 5904//5264
f 5914//5274 7892//7252 8371//7731 7220//6580
f 7892//7252 5915//5275 7154//6514 8371//7731
f 8371//7731 7154//6514 5909//5269 7807//7167
f 7220//6580 8371//7731 7807//7167 5908//5268
f 5915//5275 7843//7203 8372//7732 7154//6514
f 7843//7203 5916//5276 7535//6895 8372//7732
f 8372//7732 7535//6895 5910//5270 7958//7318
f 7154//6514 8372//7732 7958//7318 5909//5269
f 5916//5276 8197//7557 8373//7733 7535//6895
f 8197//7557 5917//5277 7263//6623 8373//7733
f 8373//7733 7263//6623 5911//5271 7713//7073
f 7535//6895 8373//7733 7713//7073 5910//5270
f 5917//5277 8333//7693 8374//7734 7263//6623
f 8333//7693 5918//5278 7835//7195 8374//7734
f 8374//7734 7835//7195 5912//5272 7667//7027
f 7263//6623 8374//7734 7667//7027 5911//5271
f 5918//5278 8091//7451 8375//7735 7835//7195
f 8091//7451 5919//5279 7783//7143 8375//7735
f 8375//7735 7783//7143 5913//5273 7613//6973
f 7835//7195 8375//7735 7613//6973 5912//5272
f 5920//5280 7202//6562 8376//7736 7742//7102
f 7202//6562 5921//5281 8270//7630 8376//7736
f 8376//7736 8270//7630 5915//5275 7892//7252
f 7742//7102 8376//7736 7892//7252 5914//5274
f 5921//5281 7352//6712 8377//7737 8270//7630
f 7352//6712 5922//5282 7643//7003 8377//7737
f 8377//7737 7643//7003 5916//5276 7843//7203
f 8270//7630 8377//7737 7843//7203 5915//5275
f 5922//5282 7518//6878 8378//7738 7643//7003
f 7518//6878 5923//5283 7594//6954 8378//7738
f 8378//7738 7594//6954 5917//5277 8197//7557
f 7643//7003 8378//7738 8197//7557 5916//5276
f 5923//5283 7463//6823 8379//7739 7594//6954
f 7463//6823 5924//5284 7922//7282 8379//7739
f 8379//7739 7922//7282 5918//5278 8333//7693
f 7594//6954 8379//7739 8333//7693 5917//5277
f 5924//5284 6982//6342 8380//7740 7922//7282
f 6982//6342 5925//5285 7693//7053 8380//7740
f 8380//7740 7693//7053 5919//5279 8091//7451
f 7922//7282 8380//7740 8091//7451 5918//5278
f 5926//5286 6874//6234 8381//7741 7454//6814
f 6874//6234 5927//5287 7387//6747 8381//7741
f 8381//7741 7387//6747 5921//5281 7202//6562
f 7454//6814 8381//7741 7202//6562 5920//5280
f 5927//5287 6827//6187 8382//7742 7387//6747
f 6827//6187 5928//5288 7345//6705 8382//7742
f 8382//7742 7345//6705 5922//5282 7352//6712
f 7387//6747 8382//7742 7352//6712 5921//5281
f 5928//5288 8279//7639 8383//7743 7345//6705
f 8279//7639 5929//5289 7214//6574 8383//7743
f 8383//7743 7214//6574 5923//5283 7518//6878
f 7345//6705 8383//7743 7518//6878 5922//5282
f 5929//5289 6903//6263 8384//7744 7214//6574
f 6903//6263 5930//5290 7963//7323 8384//7744
f 8384//7744 7963//7323 5924//5284 7463//6823
f 7214//6574 8384//7744 7463//6823 5923//5283
f 5930//5290 6954//6314 8385//7745 7963//7323
f 6954//6314 5931//5291 8111//7471 8385//7745
f 8385//7745 8111//7471 5925//5285 6982//6342
f 7963//7323 8385//7745 6982//6342 5924//5284
f 5932//5292 7278//6638 8386//7746 7373//6733
f 7278//6638 5933//5293 7547//6907 8386//7746
f 8386//7746 7547//6907 5934//5294 7174//6534
f 7373//6733 8386//7746 7174//6534 5935//5295
f 5933//5293 7429//6789 8387//7747 7547//6907
f 7429//6789 5936//5296 7875//7235 8387//7747
f 8387//7747 7875//7235 5937//5297 7256//6616
f 7547//6907 8387//7747 7256//6616 5934//5294
f 5936//5296 8024//7384 8388//7748 7875//7235
f 8024//7384 5938//5298 8182//7542 8388//7748
f 8388//7748 8182//7542 5939//5299 8071//7431
f 7875//7235 8388//7748 8071//7431 5937//5297
f 5938//5298 8315//7675 8389//7749 8182//7542
f 8315//7675 5940//5300 7684//7044 8389//7749
f 8389//7749 7684//7044 5941//5301 8176//7536
f 8182//7542 8389//7749 8176//7536 5939//5299
f 5940//5300 7821//7181 8390//7750 7684//7044
f 7821//7181 5942//5302 7597//6957 8390//7750
f 8390//7750 7597//6957 5943//5303 7867//7227
f 7684//7044 8390//7750 7867//7227 5941//5301
f 5944//5304 7506//6866 8391//7751 7098//6458
f 7506//6866 5945//5305 6923//6283 8391//7751
f 8391//7751 6923//6283 5933//5293 7278//6638
f 7098//6458 8391//7751 7278//6638 5932//5292
f 5945//5305 7735//7095 8392//7752 6923//6283
f 7735//7095 5946//5306 6762//6122 8392//7752
f 8392//7752 6762//6122 5936//5296 7429//6789
f 6923//6283 8392//7752 7429//6789 5933//5293
f 5946//5306 7782//7142 8393//7753 6762//6122
f 7782//7142 5947//5307 6917//6277 8393//7753
f 8393//7753 6917//6277 5938//5298 8024//7384
f 6762//6122 8393//7753 8024//7384 5936//5296
f 5947//5307 7831//7191 8394//7754 6917//6277
f 7831//7191 5948//5308 7281//6641 8394//7754
f 8394//7754 7281//6641 5940//5300 8315//7675
f 6917//6277 8394//7754 8315//7675 5938//5298
f 5948//5308 8080//7440 8395//7755 7281//6641
f 8080//7440 5949//5309 7447//6807 8395//7755
f 8395//7755 7447//6807 5942//5302 7821//7181
f 7281//6641 8395//7755 7821//7181 5940//5300
f 5950//5310 7983//7343 8396//7756 7824//7184
f 7983//7343 5951//5311 7874//7234 8396//7756
f 8396//7756 7874//7234 5945//5305 7506//6866
f 7824//7184 8396//7756 7506//6866 5944//5304
f 5951//5311 8035//7395 8397//7757 7874//7234
f 8035//7395 5952//5312 7727//7087 8397//7757
f 8397//7757 7727//7087 5946//5306 7735//7095
f 7874//7234 8397//7757 7735//7095 5945//5305
f 5952//5312 7076//6436 8398//7758 7727//7087
f 7076//6436 5953//5313 7588//6948 8398//7758
f 8398//7758 7588//6948 5947//5307 7782//7142
f 7727//7087 8398//7758 7782//7142 5946//5306
f 5953//5313 7339//6699 8399//7759 7588//6948
f 7339//6699 5954//5314 7630//6990 8399//7759
f 8399//7759 7630//6990 5948//5308 7831//7191
f 7588//6948 8399//7759 7831//7191 5947//5307
f 5954//5314 7386//6746 8400//7760 7630//6990
f 7386//6746 5955//5315 7673//7033 8400//7760
f 8400//7760 7673//7033 5949//5309 8080//7440
f 7630//6990 8400//7760 8080//7440 5948//5308
f 5956//5316 6861//6221 8401//7761 7914//7274
f 6861//6221 5957//5317 7770//7130 8401//7761
f 8401//7761 7770//7130 5951//5311 7983//7343
f 7914//7274 8401//7761 7983//7343 5950//5310
f 5957//5317 7134//6494 8402//7762 7770//7130
f 7134//6494 5958//5318 7437//6797 8402//7762
f 8402//7762 7437//6797 5952//5312 8035//7395
f 7770//7130 8402//7762 8035//7395 5951//5311
f 5958//5318 6761//6121 8403//7763 7437//6797
f 6761//6121 5959//5319 7493//6853 8403//7763
f 8403//7763 7493//6853 5953//5313 7076//6436
f 7437//6797 8403//7763 7076//6436 5952//5312
f 5959//5319 6814//6174 8404//7764 7493//6853
f 6814//6174 5960//5320 7334//6694 8404//7764
f 8404//7764 7334//6694 5954//5314 7339//6699
f 7493//6853 8404//7764 7339//6699 5953//5313
f 5960//5320 8162//7522 8405//7765 7334//6694
f 8162//7522 5961//5321 7197//6557 8405//7765
f 8405//7765 7197//6557 5955//5315 7386//6746
f 7334//6694 8405//7765 7386//6746 5954//5314
f 5899//5259 7099//6459 8406//7766 8169//7529
f 7099//6459 5898//5258 8295//7655 8406//7766
f 8406//7766 8295//7655 5957//5317 6861//6221
f 8169//7529 8406//7766 6861//6221 5956//5316
f 5898//5258 6773//6133 8407//7767 8295//7655
f 6773//6133 5901//5261 7856//7216 8407//7767
f 8407//7767 7856//7216 5958//5318 7134//6494
f 8295//7655 8407//7767 7134//6494 5957//5317
f 5901//5261 7405//6765 8408//7768 7856//7216
f 7405//6765 5903//5263 7712//7072 8408//7768
f 8408//7768 7712//7072 5959//5319 6761//6121
f 7856//7216 8408//7768 6761//6121 5958//5318
f 5903//5263 7073//6433 8409//7769 7712//7072
f 7073//6433 5905//5265 7365//6725 8409//7769
f 8409//7769 7365//6725 5960//5320 6814//6174
f 7712//7072 8409//7769 6814//6174 5959//5319
f 5905//5265 8000//7360 8410//7770 7365//6725
f 8000//7360 5907//5267 7177//6537 8410//7770
f 8410//7770 7177//6537 5961//5321 8162//7522
f 7365//6725 8410//7770 8162//7522 5960//5320
f 5962//5322 7027//6387 8411//7771 6911//6271
f 7027//6387 5963//5323 7193//6553 8411//7771
f 8411//7771 7193//6553 5964//5324 7141//6501
f 6911//6271 8411//7771 7141//6501 5965//5325
f 5963//5323 7291//6651 8412//7772 7193//6553
f 7291//6651 5966//5326 7244//6604 8412//7772
f 8412//7772 7244//6604 5967//5327 7453//6813
f 7193//6553 8412//7772 7453//6813 5964//5324
f 5966//5326 7301//6661 8413//7773 7244//6604
f 7301//6661 5968//5328 7746//7106 8413//7773
f 8413//7773 7746//7106 5969//5329 7816//7176
f 7244//6604 8413//7773 7816//7176 5967//5327
f 5968//5328 7790//7150 8414//7774 7746//7106
f 7790//7150 5970//5330 8238//7598 8414//7774
f 8414//7774 8238//7598 5971//5331 8148//7508
f 7746//7106 8414//7774 8148//7508 5969//5329
f 5970//5330 8282//7642 8415//7775 8238//7598
f 8282//7642 5972//5332 7565//6925 8415//7775
f 8415//7775 7565//6925 5973//5333 7648//7008
f 8238//7598 8415//7775 7648//7008 5971//5331
f 5974//5334 7656//7016 8416//7776 7369//6729
f 7656//7016 5975//5335 6902//6262 8416//7776
f 8416//7776 6902//6262 5963//5323 7027//6387
f 7369//6729 8416//7776 7027//6387 5962//5322
f 5975//5335 7381//6741 8417//7777 6902//6262
f 7381//6741 5976//5336 6853//6213 8417//7777
f 8417//7777 6853//6213 5966//5326 7291//6651
f 6902//6262 8417//7777 7291//6651 5963//5323
f 5976//5336 7335//6695 8418//7778 6853//6213
f 7335//6695 5977//5337 8103//7463 8418//7778
f 8418//7778 8103//7463 5968//5328 7301//6661
f 6853//6213 8418//7778 7301//6661 5966//5326
f 5977//5337 7287//6647 8419//7779 8103//7463
f 7287//6647 5978//5338 7947//7307 8419//7779
f 8419//7779 7947//7307 5970//5330 7790//7150
f 8103//7463 8419//7779 7790//7150 5968//5328
f 5978//5338 7828//7188 8420//7780 7947//7307
f 7828//7188 5979//5339 7201//6561 8420//7780
f 8420//7780 7201//6561 5972//5332 8282//7642
f 7947//7307 8420//7780 8282//7642 5970//5330
f 5980//5340 7926//7286 8421//7781 7462//6822
f 7926//7286 5981//5341 7606//6966 8421//7781
f 8421//7781 7606//6966 5975//5335 7656//7016
f 7462//6822 8421//7781 7656//7016 5974//5334
f 5981//5341 8271//7631 8422//7782 7606//6966
f 8271//7631 5982//5342 7593//6953 8422//7782
f 8422//7782 7593//6953 5976//5336 7381//6741
f 7606//6966 8422//7782 7381//6741 5975//5335
f 5982//5342 8029//7389 8423//7783 7593//6953
f 8029//7389 5983//5343 7542//6902 8423//7783
f 8423//7783 7542//6902 5977//5337 7335//6695
f 7593//6953 8423//7783 7335//6695 5976//5336
f 5983//5343 6959//6319 8424//7784 7542//6902
f 6959//6319 5984//5344 7682//7042 8424//7784
f 8424//7784 7682//7042 5978//5338 7287//6647
f 7542//6902 8424//7784 7287//6647 5977//5337
f 5984//5344 6910//6270 8425//7785 7682//7042
f 6910//6270 5985//5345 8214//7574 8425//7785
f 8425//7785 8214//7574 5979//5339 7828//7188
f 7682//7042 8425//7785 7828//7188 5978//5338
f 5986//5346 7440//6800 8426//7786 8170//7530
f 7440//6800 5987//5347 7711//7071 8426//7786
f 8426//7786 7711//7071 5981//5341 7926//7286
f 8170//7530 8426//7786 7926//7286 5980//5340
f 5987//5347 6757//6117 8427//7787 7711//7071
f 6757//6117 5988//5348 7860//7220 8427//7787
f 8427//7787 7860//7220 5982//5342 8271//7631
f 7711//7071 8427//7787 8271//7631 5981//5341
f 5988//5348 8328//7688 8428//7788 7860//7220
f 8328//7688 5989//5349 7222//6582 8428//7788
f 8428//7788 7222//6582 5983//5343 8029//7389
f 7860//7220 8428//7788 8029//7389 5982//5342
f 5989//5349 7066//6426 8429//7789 7222//6582
f 7066//6426 5990//5350 7169//6529 8429//7789
f 8429//7789 7169//6529 5984//5344 6959//6319
f 7222//6582 8429//7789 6959//6319 5983//5343
f 5990//5350 6810//6170 8430//7790 7169//6529
f 6810//6170 5991//5351 7112//6472 8430//7790
f 8430//7790 7112//6472 5985//5345 6910//6270
f 7169//6529 8430//7790 6910//6270 5984//5344
f 5935//5295 7174//6534 8431//7791 7961//7321
f 7174//6534 5934//5294 7813//7173 8431//7791
f 8431//7791 7813//7173 5987//5347 7440//6800
f 7961//7321 8431//7791 7440//6800 5986//5346
f 5934//5294 7256//6616 8432//7792 7813//7173
f 7256//6616 5937//5297 7285//6645 8432//7792
f 8432//7792 7285//6645 5988//5348 6757//6117
f 7813//7173 8432//7792 6757//6117 5987//5347
f 5937//5297 8071//7431 8433//7793 7285//6645
f 8071//7431 5939//5299 7428//6788 8433//7793
f 8433//7793 7428//6788 5989//5349 8328//7688
f 7285//6645 8433//7793 8328//7688 5988//5348
f 5939//5299 8176//7536 8434//7794 7428//6788
f 8176//7536 5941//5301 6759//6119 8434//7794
f 8434//7794 6759//6119 5990//5350 7066//6426
f 7428//6788 8434//7794 7066//6426 5989//5349
f 5941//5301 7867//7227 8435//7795 6759//6119
f 7867//7227 5943//5303 6909//6269 8435//7795
f 8435//7795 6909//6269 5991//5351 6810//6170
f 6759//6119 8435//7795 6810//6170 5990//5350
f 5992//5352 8257//7617 8436//7796 6799//6159
f 8257//7617 5993//5353 6849//6209 8436//7796
f 8436//7796 6849//6209 5927//5287 6874//6234
f 6799//6159 8436//7796 6874//6234 5926//5286
f 5993//5353 8116//7476 8437//7797 6849//6209
f 8116//7476 5994//5354 8350//7710 8437//7797
f 8437//7797 8350//7710 5928//5288 6827//6187
f 6849//6209 8437//7797 6827//6187 5927//5287
f 5994//5354 7964//7324 8438//7798 8350//7710
f 7964//7324 5995//5355 8204//7564 8438//7798
f 8438//7798 8204//7564 5929//5289 8279//7639
f 8350//7710 8438//7798 8279//7639 5928//5288
f 5995//5355 7209//6569 8439//7799 8204//7564
f 7209//6569 5996//5356 7031//6391 8439//7799
f 8439//7799 7031//6391 5930//5290 6903//6263
f 8204//7564 8439//7799 6903//6263 5929//5289
f 5996//5356 7255//6615 8440//7800 7031//6391
f 7255//6615 5997//5357 7075//6435 8440//7800
f 8440//7800 7075//6435 5931//5291 6954//6314
f 7031//6391 8440//7800 6954//6314 5930//5290
f 5998//5358 7358//6718 8441//7801 6768//6128
f 7358//6718 5999//5359 7026//6386 8441//7801
f 8441//7801 7026//6386 5993//5353 8257//7617
f 6768//6128 8441//7801 8257//7617 5992//5352
f 5999//5359 7803//7163 8442//7802 7026//6386
f 7803//7163 6000//5360 6871//6231 8442//7802
f 8442//7802 6871//6231 5994//5354 8116//7476
f 7026//6386 8442//7802 8116//7476 5993//5353
f 6000//5360 7852//7212 8443//7803 6871//6231
f 7852//7212 6001//5361 7338//6698 8443//7803
f 8443//7803 7338//6698 5995//5355 7964//7324
f 6871//6231 8443//7803 7964//7324 5994//5354
f 6001//5361 7708//7068 8444//7804 7338//6698
f 7708//7068 6002//5362 7384//6744 8444//7804
f 8444//7804 7384//6744 5996//5356 7209//6569
f 7338//6698 8444//7804 7209//6569 5995//5355
f 6002//5362 7576//6936 8445//7805 7384//6744
f 7576//6936 6003//5363 7236//6596 8445//7805
f 8445//7805 7236//6596 5997//5357 7255//6615
f 7384//6744 8445//7805 7255//6615 5996//5356
f 6004//5364 7661//7021 8446//7806 7069//6429
f 7661//7021 6005//5365 7930//7290 8446//7806
f 8446//7806 7930//7290 5999//5359 7358//6718
f 7069//6429 8446//7806 7358//6718 5998//5358
f 6005//5365 7900//7260 8447//7807 7930//7290
f 7900//7260 6006//5366 7992//7352 8447//7807
f 8447//7807 7992//7352 6000//5360 7803//7163
f 7930//7290 8447//7807 7803//7163 5999//5359
f 6006//5366 7757//7117 8448//7808 7992//7352
f 7757//7117 6007//5367 8237//7597 8448//7808
f 8448//7808 8237//7597 6001//5361 7852//7212
f 7992//7352 8448//7808 7852//7212 6000//5360
f 6007//5367 7417//6777 8449//7809 8237//7597
f 7417//6777 6008//5368 8090//7450 8449//7809
f 8449//7809 8090//7450 6002//5362 7708//7068
f 8237//7597 8449//7809 7708//7068 6001//5361
f 6008//5368 7484//6844 8450//7810 8090//7450
f 7484//6844 6009//5369 7715//7075 8450//7810
f 8450//7810 7715//7075 6003//5363 7576//6936
f 8090//7450 8450//7810 7576//6936 6002//5362
f 6010//5370 7158//6518 8451//7811 7763//7123
f 7158//6518 6011//5371 7623//6983 8451//7811
f 8451//7811 7623//6983 6005//5365 7661//7021
f 7763//7123 8451//7811 7661//7021 6004//5364
f 6011//5371 8011//7371 8452//7812 7623//6983
f 8011//7371 6012//5372 7478//6838 8452//7812
f 8452//7812 7478//6838 6006//5366 7900//7260
f 7623//6983 8452//7812 7900//7260 6005//5365
f 6012//5372 8060//7420 8453//7813 7478//6838
f 8060//7420 6013//5373 7544//6904 8453//7813
f 8453//7813 7544//6904 6007//5367 7757//7117
f 7478//6838 8453//7813 7757//7117 6006//5366
f 6013//5373 8307//7667 8454//7814 7544//6904
f 8307//7667 6014//5374 7625//6985 8454//7814
f 8454//7814 7625//6985 6008//5368 7417//6777
f 7544//6904 8454//7814 7417//6777 6007//5367
f 6014//5374 8175//7535 8455//7815 7625//6985
f 8175//7535 6015//5375 7851//7211 8455//7815
f 8455//7815 7851//7211 6009//5369 7484//6844
f 7625//6985 8455//7815 7484//6844 6008//5368
f 5965//5325 7141//6501 8456//7816 6775//6135
f 7141//6501 5964//5324 6927//6287 8456//7816
f 8456//7816 6927//6287 6011//5371 7158//6518
f 6775//6135 8456//7816 7158//6518 6010//5370
f 5964//5324 7453//6813 8457//7817 6927//6287
f 7453//6813 5967//5327 8304//7664 8457//7817
f 8457//7817 8304//7664 6012//5372 8011//7371
f 6927//6287 8457//7817 8011//7371 6011//5371
f 5967//5327 7816//7176 8458//7818 8304//7664
f 7816//7176 5969//5329 6915//6275 8458//7818
f 8458//7818 6915//6275 6013//5373 8060//7420
f 8304//7664 8458//7818 8060//7420 6012//5372
f 5969//5329 8148//7508 8459//7819 6915//6275
f 8148//7508 5971//5331 7186//6546 8459//7819
f 8459//7819 7186//6546 6014//5374 8307//7667
f 6915//6275 8459//7819 8307//7667 6013//5373
f 5971//5331 7648//7008 8460//7820 7186//6546
f 7648//7008 5973//5333 7452//6812 8460//7820
f 8460//7820 7452//6812 6015//5375 8175//7535
f 7186//6546 8460//7820 8175//7535 6014//5374
f 6016//5376 7049//6409 8461//7821 6939//6299
f 7049//6409 6017//5377 6887//6247 8461//7821
f 8461//7821 6887//6247 6018//5378 6732//6092
f 6939//6299 8461//7821 6732//6092 6019//5379
f 6017//5377 7414//6774 8462//7822 6887//6247
f 7414//6774 6020//5380 6839//6199 8462//7822
f 8462//7822 6839//6199 6021//5381 7473//6833
f 6887//6247 8462//7822 7473//6833 6018//5378
f 6020//5380 6787//6147 8463//7823 6839//6199
f 6787//6147 6022//5382 6942//6302 8463//7823
f 8463//7823 6942//6302 6023//5383 7046//6406
f 6839//6199 8463//7823 7046//6406 6021//5381
f 6022//5382 6884//6244 8464//7824 6942//6302
f 6884//6244 6024//5384 7884//7244 8464//7824
f 8464//7824 7884//7244 6025//5385 8084//7444
f 6942//6302 8464//7824 8084//7444 6023//5383
f 6024//5384 8133//7493 8465//7825 7884//7244
f 8133//7493 5896//5256 6879//6239 8465//7825
f 8465//7825 6879//6239 5899//5259 8070//7430
f 7884//7244 8465//7825 8070//7430 6025//5385
f 6026//5386 7785//7145 8466//7826 7433//6793
f 7785//7145 6027//5387 7274//6634 8466//7826
f 8466//7826 7274//6634 6017//5377 7049//6409
f 7433//6793 8466//7826 7049//6409 6016//5376
f 6027//5387 7737//7097 8467//7827 7274//6634
f 7737//7097 6028//5388 6890//6250 8467//7827
f 8467//7827 6890//6250 6020//5380 7414//6774
f 7274//6634 8467//7827 7414//6774 6017//5377
f 6028//5388 7280//6640 8468//7828 6890//6250
f 7280//6640 6029//5389 8276//7636 8468//7828
f 8468//7828 8276//7636 6022//5382 6787//6147
f 6890//6250 8468//7828 6787//6147 6020//5380
f 6029//5389 7435//6795 8469//7829 8276//7636
f 7435//6795 6030//5390 6897//6257 8469//7829
f 8469//7829 6897//6257 6024//5384 6884//6244
f 8276//7636 8469//7829 6884//6244 6022//5382
f 6030//5390 7995//7355 8470//7830 6897//6257
f 7995//7355 5908//5268 7346//6706 8470//7830
f 8470//7830 7346//6706 5896//5256 8133//7493
f 6897//6257 8470//7830 8133//7493 6024//5384
f 6031//5391 7550//6910 8471//7831 7164//6524
f 7550//6910 6032//5392 7111//6471 8471//7831
f 8471//7831 7111//6471 6027//5387 7785//7145
f 7164//6524 8471//7831 7785//7145 6026//5386
f 6032//5392 7496//6856 8472//7832 7111//6471
f 7496//6856 6033//5393 7045//6405 8472//7832
f 8472//7832 7045//6405 6028//5388 7737//7097
f 7111//6471 8472//7832 7737//7097 6027//5387
f 6033//5393 7642//7002 8473//7833 7045//6405
f 7642//7002 6034//5394 7216//6576 8473//7833
f 8473//7833 7216//6576 6029//5389 7280//6640
f 7045//6405 8473//7833 7280//6640 6028//5388
f 6034//5394 8183//7543 8474//7834 7216//6576
f 8183//7543 6035//5395 7762//7122 8474//7834
f 8474//7834 7762//7122 6030//5390 7435//6795
f 7216//6576 8474//7834 7435//6795 6029//5389
f 6035//5395 6789//6149 8475//7835 7762//7122
f 6789//6149 5914//5274 7220//6580 8475//7835
f 8475//7835 7220//6580 5908//5268 7995//7355
f 7762//7122 8475//7835 7995//7355 6030//5390
f 6036//5396 7688//7048 8476//7836 7710//7070
f 7688//7048 6037//5397 8069//7429 8476//7836
f 8476//7836 8069//7429 6032//5392 7550//6910
f 7710//7070 8476//7836 7550//6910 6031//5391
f 6037//5397 7822//7182 8477//7837 8069//7429
f 7822//7182 6038//5398 8217//7577 8477//7837
f 8477//7837 8217//7577 6033//5393 7496//6856
f 8069//7429 8477//7837 7496//6856 6032//5392
f 6038//5398 7161//6521 8478//7838 8217//7577
f 7161//6521 6039//5399 7590//6950 8478//7838
f 8478//7838 7590//6950 6034//5394 7642//7002
f 8217//7577 8478//7838 7642//7002 6033//5393
f 6039//5399 7105//6465 8479//7839 7590//6950
f 7105//6465 6040//5400 7541//6901 8479//7839
f 8479//7839 7541//6901 6035//5395 8183//7543
f 7590//6950 8479//7839 8183//7543 6034//5394
f 6040//5400 8064//7424 8480//7840 7541//6901
f 8064//7424 5920//5280 7742//7102 8480//7840
f 8480//7840 7742//7102 5914//5274 6789//6149
f 7541//6901 8480//7840 6789//6149 6035//5395
f 6041//5401 7223//6583 8481//7841 7443//6803
f 7223//6583 6042//5402 7603//6963 8481//7841
f 8481//7841 7603//6963 6037//5397 7688//7048
f 7443//6803 8481//7841 7688//7048 6036//5396
f 6042//5402 6945//6305 8482//7842 7603//6963
f 6945//6305 6043//5403 7326//6686 8482//7842
f 8482//7842 7326//6686 6038//5398 7822//7182
f 7603//6963 8482//7842 7822//7182 6037//5397
f 6043//5403 6889//6249 8483//7843 7326//6686
f 6889//6249 6044//5404 7273//6633 8483//7843
f 8483//7843 7273//6633 6039//5399 7161//6521
f 7326//6686 8483//7843 7161//6521 6038//5398
f 6044//5404 8062//7422 8484//7844 7273//6633
f 8062//7422 6045//5405 7670//7030 8484//7844
f 8484//7844 7670//7030 6040//5400 7105//6465
f 7273//6633 8484//7844 7105//6465 6039//5399
f 6045//5405 7343//6703 8485//7845 7670//7030
f 7343//6703 5926//5286 7454//6814 8485//7845
f 8485//7845 7454//6814 5920//5280 8064//7424
f 7670//7030 8485//7845 8064//7424 6040//5400
f 6046//5406 6734//6094 8486//7846 6824//6184
f 6734//6094 6047//5407 8316//7676 8486//7846
f 8486//7846 8316//7676 6048//5408 8267//7627
f 6824//6184 8486//7846 8267//7627 6049//5409
f 6047//5407 6978//6338 8487//7847 8316//7676
f 6978//6338 6050//5410 7366//6726 8487//7847
f 8487//7847 7366//6726 6051//5411 6729//6089
f 8316//7676 8487//7847 6729//6089 6048//5408
f 6050//5410 7416//6776 8488//7848 7366//6726
f 7416//6776 6052//5412 6841//6201 8488//7848
f 8488//7848 6841//6201 6053//5413 8358//7718
f 7366//6726 8488//7848 8358//7718 6051//5411
f 6052//5412 6886//6246 8489//7849 6841//6201
f 6886//6246 6054//5414 7953//7313 8489//7849
f 8489//7849 7953//7313 6055//5415 6837//6197
f 6841//6201 8489//7849 6837//6197 6053//5413
f 6054//5414 7525//6885 8490//7850 7953//7313
f 7525//6885 5932//5292 7373//6733 8490//7850
f 8490//7850 7373//6733 5935//5295 7756//7116
f 7953//7313 8490//7850 7756//7116 6055//5415
f 6056//5416 8166//7526 8491//7851 7206//6566
f 8166//7526 6057//5417 7064//6424 8491//7851
f 8491//7851 7064//6424 6047//5407 6734//6094
f 7206//6566 8491//7851 6734//6094 6046//5406
f 6057//5417 8003//7363 8492//7852 7064//6424
f 8003//7363 6058//5418 6798//6158 8492//7852
f 8492//7852 6798//6158 6050//5410 6978//6338
f 7064//6424 8492//7852 6978//6338 6047//5407
f 6058//5418 7664//7024 8493//7853 6798//6158
f 7664//7024 6059//5419 8269//7629 8493//7853
f 8493//7853 8269//7629 6052//5412 7416//6776
f 6798//6158 8493//7853 7416//6776 6050//5410
f 6059//5419 7709//7069 8494//7854 8269//7629
f 7709//7069 6060//5420 8110//7470 8494//7854
f 8494//7854 8110//7470 6054//5414 6886//6246
f 8269//7629 8494//7854 6886//6246 6052//5412
f 6060//5420 8243//7603 8495//7855 8110//7470
f 8243//7603 5944//5304 7098//6458 8495//7855
f 8495//7855 7098//6458 5932//5292 7525//6885
f 8110//7470 8495//7855 7525//6885 6054//5414
f 6061//5421 7392//6752 8496//7856 7945//7305
f 7392//6752 6062//5422 6970//6330 8496//7856
f 8496//7856 6970//6330 6057//5417 8166//7526
f 7945//7305 8496//7856 8166//7526 6056//5416
f 6062//5422 7459//6819 8497//7857 6970//6330
f 7459//6819 6063//5423 7018//6378 8497//7857
f 8497//7857 7018//6378 6058//5418 8003//7363
f 6970//6330 8497//7857 8003//7363 6057//5417
f 6063//5423 7516//6876 8498//7858 7018//6378
f 7516//6876 6064//5424 7078//6438 8498//7858
f 8498//7858 7078//6438 6059//5419 7664//7024
f 7018//6378 8498//7858 7664//7024 6058//5418
f 6064//5424 7748//7108 8499//7859 7078//6438
f 7748//7108 6065//5425 7329//6689 8499//7859
f 8499//7859 7329//6689 6060//5420 7709//7069
f 7078//6438 8499//7859 7709//7069 6059//5419
f 6065//5425 7395//6755 8500//7860 7329//6689
f 7395//6755 5950//5310 7824//7184 8500//7860
f 8500//7860 7824//7184 5944//5304 8243//7603
f 7329//6689 8500//7860 8243//7603 6060//5420
f 6066//5426 8041//7401 8501//7861 7173//6533
f 8041//7401 6067//5427 7639//6999 8501//7861
f 8501//7861 7639//6999 6062//5422 7392//6752
f 7173//6533 8501//7861 7392//6752 6061//5421
f 6067//5427 8088//7448 8502//7862 7639//6999
f 8088//7448 6068//5428 7683//7043 8502//7862
f 8502//7862 7683//7043 6063//5423 7459//6819
f 7639//6999 8502//7862 7459//6819 6062//5422
f 6068//5428 7939//7299 8503//7863 7683//7043
f 7939//7299 6069//5429 7559//6919 8503//7863
f 8503//7863 7559//6919 6064//5424 7516//6876
f 7683//7043 8503//7863 7516//6876 6063//5423
f 6069//5429 7794//7154 8504//7864 7559//6919
f 7794//7154 6070//5430 8192//7552 8504//7864
f 8504//7864 8192//7552 6065//5425 7748//7108
f 7559//6919 8504//7864 7748//7108 6064//5424
f 6070//5430 7584//6944 8505//7865 8192//7552
f 7584//6944 5956//5316 7914//7274 8505//7865
f 8505//7865 7914//7274 5950//5310 7395//6755
f 8192//7552 8505//7865 7395//6755 6065//5425
f 6019//5379 6732//6092 8506//7866 8210//7570
f 6732//6092 6018//5378 7671//7031 8506//7866
f 8506//7866 7671//7031 6067//5427 8041//7401
f 8210//7570 8506//7866 8041//7401 6066//5426
f 6018//5378 7473//6833 8507//7867 7671//7031
f 7473//6833 6021//5381 8096//7456 8507//7867
f 8507//7867 8096//7456 6068//5428 8088//7448
f 7671//7031 8507//7867 8088//7448 6067//5427
f 6021//5381 7046//6406 8508//7868 8096//7456
f 7046//6406 6023//5383 6914//6274 8508//7868
f 8508//7868 6914//6274 6069//5429 7939//7299
f 8096//7456 8508//7868 7939//7299 6068//5428
f 6023//5383 8084//7444 8509//7869 6914//6274
f 8084//7444 6025//5385 7351//6711 8509//7869
f 8509//7869 7351//6711 6070//5430 7794//7154
f 6914//6274 8509//7869 7794//7154 6069//5429
f 6025//5385 8070//7430 8510//7870 7351//6711
f 8070//7430 5899//5259 8169//7529 8510//7870
f 8510//7870 8169//7529 5956//5316 7584//6944
f 7351//6711 8510//7870 7584//6944 6070//5430
f 6071//5431 7097//6457 8511//7871 7363//6723
f 7097//6457 6072//5432 7359//6719 8511//7871
f 8511//7871 7359//6719 6073//5433 7213//6573
f 7363//6723 8511//7871 7213//6573 6074//5434
f 6072//5432 7038//6398 8512//7872 7359//6719
f 7038//6398 6075//5435 6878//6238 8512//7872
f 8512//7872 6878//6238 6076//5436 7094//6454
f 7359//6719 8512//7872 7094//6454 6073//5433
f 6075//5435 6823//6183 8513//7873 6878//6238
f 6823//6183 6077//5437 8207//7567 8513//7873
f 8513//7873 8207//7567 6078//5438 8101//7461
f 6878//6238 8513//7873 8101//7461 6076//5436
f 6077//5437 8159//7519 8514//7874 8207//7567
f 8159//7519 6079//5439 8311//7671 8514//7874
f 8514//7874 8311//7671 6080//5440 6778//6138
f 8207//7567 8514//7874 6778//6138 6078//5438
f 6079//5439 7913//7273 8515//7875 8311//7671
f 7913//7273 5962//5322 6911//6271 8515//7875
f 8515//7875 6911//6271 5965//5325 8260//7620
f 8311//7671 8515//7875 8260//7620 6080//5440
f 6081//5441 6780//6140 8516//7876 7422//6782
f 6780//6140 6082//5442 7510//6870 8516//7876
f 8516//7876 7510//6870 6072//5432 7097//6457
f 7422//6782 8516//7876 7097//6457 6071//5431
f 6082//5442 7257//6617 8517//7877 7510//6870
f 7257//6617 6083//5443 8151//7511 8517//7877
f 8517//7877 8151//7511 6075//5435 7038//6398
f 7510//6870 8517//7877 7038//6398 6072//5432
f 6083//5443 7308//6668 8518//7878 8151//7511
f 7308//6668 6084//5444 7879//7239 8518//7878
f 8518//7878 7879//7239 6077//5437 6823//6183
f 8151//7511 8518//7878 6823//6183 6075//5435
f 6084//5444 7150//6510 8519//7879 7879//7239
f 7150//6510 6085//5445 6818//6178 8519//7879
f 8519//7879 6818//6178 6079//5439 8159//7519
f 7879//7239 8519//7879 8159//7519 6077//5437
f 6085//5445 7226//6586 8520//7880 6818//6178
f 7226//6586 5974//5334 7369//6729 8520//7880
f 8520//7880 7369//6729 5962//5322 7913//7273
f 6818//6178 8520//7880 7913//7273 6079//5439
f 6086//5446 7907//7267 8521//7881 7398//6758
f 7907//7267 6087//5447 8254//7614 8521//7881
f 8521//7881 8254//7614 6082//5442 6780//6140
f 7398//6758 8521//7881 6780//6140 6081//5441
f 6087//5447 7960//7320 8522//7882 8254//7614
f 7960//7320 6088//5448 8302//7662 8522//7882
f 8522//7882 8302//7662 6083//5443 7257//6617
f 8254//7614 8522//7882 7257//6617 6082//5442
f 6088//5448 8109//7469 8523//7883 8302//7662
f 8109//7469 6089//5449 6938//6298 8523//7883
f 8523//7883 6938//6298 6084//5444 7308//6668
f 8302//7662 8523//7883 7308//6668 6083//5443
f 6089//5449 7669//7029 8524//7884 6938//6298
f 7669//7029 6090//5450 6786//6146 8524//7884
f 8524//7884 6786//6146 6085//5445 7150//6510
f 6938//6298 8524//7884 7150//6510 6084//5444
f 6090//5450 7638//6998 8525//7885 6786//6146
f 7638//6998 5980//5340 7462//6822 8525//7885
f 8525//7885 7462//6822 5974//5334 7226//6586
f 6786//6146 8525//7885 7226//6586 6085//5445
f 6091//5451 7580//6940 8526//7886 8117//7477
f 7580//6940 6092//5452 8177//7537 8526//7886
f 8526//7886 8177//7537 6087//5447 7907//7267
f 8117//7477 8526//7886 7907//7267 6086//5446
f 6092//5452 7531//6891 8527//7887 8177//7537
f 7531//6891 6093//5453 7899//7259 8527//7887
f 8527//7887 7899//7259 6088//5448 7960//7320
f 8177//7537 8527//7887 7960//7320 6087//5447
f 6093//5453 7480//6840 8528//7888 7899//7259
f 7480//6840 6094//5454 7850//7210 8528//7888
f 8528//7888 7850//7210 6089//5449 8109//7469
f 7899//7259 8528//7888 8109//7469 6088//5448
f 6094//5454 7615//6975 8529//7889 7850//7210
f 7615//6975 6095//5455 7192//6552 8529//7889
f 8529//7889 7192//6552 6090//5450 7669//7029
f 7850//7210 8529//7889 7669//7029 6089//5449
f 6095//5455 7827//7187 8530//7890 7192//6552
f 7827//7187 5986//5346 8170//7530 8530//7890
f 8530//7890 8170//7530 5980//5340 7638//6998
f 7192//6552 8530//7890 7638//6998 6090//5450
f 6049//5409 8267//7627 8531//7891 7131//6491
f 8267//7627 6048//5408 7072//6432 8531//7891
f 8531//7891 7072//6432 6092//5452 7580//6940
f 7131//6491 8531//7891 7580//6940 6091//5451
f 6048//5408 6729//6089 8532//7892 7072//6432
f 6729//6089 6051//5411 6805//6165 8532//7892
f 8532//7892 6805//6165 6093//5453 7531//6891
f 7072//6432 8532//7892 7531//6891 6092//5452
f 6051//5411 8358//7718 8533//7893 6805//6165
f 8358//7718 6053//5413 8294//7654 8533//7893
f 8533//7893 8294//7654 6094//5454 7480//6840
f 6805//6165 8533//7893 7480//6840 6093//5453
f 6053//5413 6837//6197 8534//7894 8294//7654
f 6837//6197 6055//5415 8337//7697 8534//7894
f 8534//7894 8337//7697 6095//5455 7615//6975
f 8294//7654 8534//7894 7615//6975 6094//5454
f 6055//5415 7756//7116 8535//7895 8337//7697
f 7756//7116 5935//5295 7961//7321 8535//7895
f 8535//7895 7961//7321 5986//5346 7827//7187
f 8337//7697 8535//7895 7827//7187 6095//5455
f 6096//5456 7701//7061 8536//7896 6936//6296
f 7701//7061 6097//5457 7095//6455 8536//7896
f 8536//7896 7095//6455 6042//5402 7223//6583
f 6936//6296 8536//7896 7223//6583 6041//5401
f 6097//5457 8045//7405 8537//7897 7095//6455
f 8045//7405 6098//5458 7040//6400 8537//7897
f 8537//7897 7040//6400 6043//5403 6945//6305
f 7095//6455 8537//7897 6945//6305 6042//5402
f 6098//5458 8198//7558 8538//7898 7040//6400
f 8198//7558 6099//5459 6981//6341 8538//7898
f 8538//7898 6981//6341 6044//5404 6889//6249
f 7040//6400 8538//7898 6889//6249 6043//5403
f 6099//5459 7944//7304 8539//7899 6981//6341
f 7944//7304 6100//5460 7145//6505 8539//7899
f 8539//7899 7145//6505 6045//5405 8062//7422
f 6981//6341 8539//7899 8062//7422 6044//5404
f 6100//5460 7084//6444 8540//7900 7145//6505
f 7084//6444 5992//5352 6799//6159 8540//7900
f 8540//7900 6799//6159 5926//5286 7343//6703
f 7145//6505 8540//7900 7343//6703 6045//5405
f 6101//5461 7017//6377 8541//7901 7512//6872
f 7017//6377 6102//5462 8236//7596 8541//7901
f 8541//7901 8236//7596 6097//5457 7701//7061
f 7512//6872 8541//7901 7701//7061 6096//5456
f 6102//5462 7187//6547 8542//7902 8236//7596
f 7187//6547 6103//5463 7612//6972 8542//7902
f 8542//7902 7612//6972 6098//5458 8045//7405
f 8236//7596 8542//7902 8045//7405 6097//5457
f 6103//5463 7342//6702 8543//7903 7612//6972
f 7342//6702 6104//5464 7745//7105 8543//7903
f 8543//7903 7745//7105 6099//5459 8198//7558
f 7612//6972 8543//7903 8198//7558 6098//5458
f 6104//5464 7298//6658 8544//7904 7745//7105
f 7298//6658 6105//5465 7663//7023 8544//7904
f 8544//7904 7663//7023 6100//5460 7944//7304
f 7745//7105 8544//7904 7944//7304 6099//5459
f 6105//5465 7003//6363 8545//7905 7663//7023
f 7003//6363 5998//5358 6768//6128 8545//7905
f 8545//7905 6768//6128 5992//5352 7084//6444
f 7663//7023 8545//7905 7084//6444 6100//5460
f 6106//5466 6969//6329 8546//7906 7196//6556
f 6969//6329 6107//5467 7349//6709 8546//7906
f 8546//7906 7349//6709 6102//5462 7017//6377
f 7196//6556 8546//7906 7017//6377 6101//5461
f 6107//5467 8336//7696 8547//7907 7349//6709
f 8336//7696 6108//5468 7085//6445 8547//7907
f 8547//7907 7085//6445 6103//5463 7187//6547
f 7349//6709 8547//7907 7187//6547 6102//5462
f 6108//5468 8291//7651 8548//7908 7085//6445
f 8291//7651 6109//5469 7065//6425 8548//7908
f 8548//7908 7065//6425 6104//5464 7342//6702
f 7085//6445 8548//7908 7342//6702 6103//5463
f 6109//5469 8230//7590 8549//7909 7065//6425
f 8230//7590 6110//5470 7013//6373 8549//7909
f 8549//7909 7013//6373 6105//5465 7298//6658
f 7065//6425 8549//7909 7298//6658 6104//5464
f 6110//5470 7769//7129 8550//7910 7013//6373
f 7769//7129 6004//5364 7069//6429 8550//7910
f 8550//7910 7069//6429 5998//5358 7003//6363
f 7013//6373 8550//7910 7003//6363 6105//5465
f 6111//5471 6916//6276 8551//7911 7979//7339
f 6916//6276 6112//5472 8140//7500 8551//7911
f 8551//7911 8140//7500 6107//5467 6969//6329
f 7979//7339 8551//7911 6969//6329 6106//5466
f 6112//5472 6863//6223 8552//7912 8140//7500
f 6863//6223 6113//5473 8067//7427 8552//7912
f 8552//7912 8067//7427 6108//5468 8336//7696
f 8140//7500 8552//7912 8336//7696 6107//5467
f 6113//5473 7242//6602 8553//7913 8067//7427
f 7242//6602 6114//5474 6795//6155 8553//7913
f 8553//7913 6795//6155 6109//5469 8291//7651
f 8067//7427 8553//7913 8291//7651 6108//5468
f 6114//5474 7389//6749 8554//7914 6795//6155
f 7389//6749 6115//5475 6949//6309 8554//7914
f 8554//7914 6949//6309 6110//5470 8230//7590
f 6795//6155 8554//7914 8230//7590 6109//5469
f 6115//5475 7734//7094 8555//7915 6949//6309
f 7734//7094 6010//5370 7763//7123 8555//7915
f 8555//7915 7763//7123 6004//5364 7769//7129
f 6949//6309 8555//7915 7769//7129 6110//5470
f 6074//5434 7213//6573 8556//7916 7906//7266
f 7213//6573 6073//5433 7761//7121 8556//7916
f 8556//7916 7761//7121 6112//5472 6916//6276
f 7906//7266 8556//7916 6916//6276 6111//5471
f 6073//5433 7094//6454 8557//7917 7761//7121
f 7094//6454 6076//5436 8196//7556 8557//7917
f 8557//7917 8196//7556 6113//5473 6863//6223
f 7761//7121 8557//7917 6863//6223 6112//5472
f 6076//5436 8101//7461 8558//7918 8196//7556
f 8101//7461 6078//5438 8343//7703 8558//7918
f 8558//7918 8343//7703 6114//5474 7242//6602
f 8196//7556 8558//7918 7242//6602 6113//5473
f 6078//5438 6778//6138 8559//7919 8343//7703
f 6778//6138 6080//5440 8314//7674 8559//7919
f 8559//7919 8314//7674 6115//5475 7389//6749
f 8343//7703 8559//7919 7389//6749 6114//5474
f 6080//5440 8260//7620 8560//7920 8314//7674
f 8260//7620 5965//5325 6775//6135 8560//7920
f 8560//7920 6775//6135 6010//5370 7734//7094
f 8314//7674 8560//7920 7734//7094 6115//5475
f 6116//5476 7077//6437 8561//7921 6965//6325
f 7077//6437 6117//5477 7866//7226 8561//7921
f 8561//7921 7866//7226 6118//5478 8016//7376
f 6965//6325 8561//7921 8016//7376 6119//5479
f 6117//5477 7967//7327 8562//7922 7866//7226
f 7967//7327 6120//5480 8216//7576 8562//7922
f 8562//7922 8216//7576 6121//5481 8023//7383
f 7866//7226 8562//7922 8023//7383 6118//5478
f 6120//5480 8180//7540 8563//7923 8216//7576
f 8180//7540 6122//5482 7540//6900 8563//7923
f 8563//7923 7540//6900 6123//5483 7629//6989
f 8216//7576 8563//7923 7629//6989 6121//5481
f 6122//5482 7865//7225 8564//7924 7540//6900
f 7865//7225 6124//5484 7634//6994 8564//7924
f 8564//7924 7634//6994 6125//5485 7530//6890
f 7540//6900 8564//7924 7530//6890 6123//5483
f 6124//5484 7527//6887 8565//7925 7634//6994
f 7527//6887 6016//5376 6939//6299 8565//7925
f 8565//7925 6939//6299 6019//5379 6929//6289
f 7634//6994 8565//7925 6929//6289 6125//5485
f 6126//5486 7320//6680 8566//7926 8253//7613
f 7320//6680 6127//5487 8223//7583 8566//7926
f 8566//7926 8223//7583 6117//5477 7077//6437
f 8253//7613 8566//7926 7077//6437 6116//5476
f 6127//5487 7764//7124 8567//7927 8223//7583
f 7764//7124 6128//5488 7035//6395 8567//7927
f 8567//7927 7035//6395 6120//5480 7967//7327
f 8223//7583 8567//7927 7967//7327 6117//5477
f 6128//5488 7810//7170 8568//7928 7035//6395
f 7810//7170 6129//5489 7195//6555 8568//7928
f 8568//7928 7195//6555 6122//5482 8180//7540
f 7035//6395 8568//7928 8180//7540 6120//5480
f 6129//5489 8055//7415 8569//7929 7195//6555
f 8055//7415 6130//5490 7344//6704 8569//7929
f 8569//7929 7344//6704 6124//5484 7865//7225
f 7195//6555 8569//7929 7865//7225 6122//5482
f 6130//5490 7117//6477 8570//7930 7344//6704
f 7117//6477 6026//5386 7433//6793 8570//7930
f 8570//7930 7433//6793 6016//5376 7527//6887
f 7344//6704 8570//7930 7527//6887 6124//5484
f 6131//5491 7959//7319 8571//7931 7509//6869
f 7959//7319 6132//5492 7563//6923 8571//7931
f 8571//7931 7563//6923 6127//5487 7320//6680
f 7509//6869 8571//7931 7320//6680 6126//5486
f 6132//5492 8007//7367 8572//7932 7563//6923
f 8007//7367 6133//5493 7621//6981 8572//7932
f 8572//7932 7621//6981 6128//5488 7764//7124
f 7563//6923 8572//7932 7764//7124 6127//5487
f 6133//5493 7056//6416 8573//7933 7621//6981
f 7056//6416 6134//5494 8245//7605 8573//7933
f 8573//7933 8245//7605 6129//5489 7810//7170
f 7621//6981 8573//7933 7810//7170 6128//5488
f 6134//5494 6899//6259 8574//7934 8245//7605
f 6899//6259 6135//5495 8100//7460 8574//7934
f 8574//7934 8100//7460 6130//5490 8055//7415
f 8245//7605 8574//7934 8055//7415 6129//5489
f 6135//5495 7692//7052 8575//7935 8100//7460
f 7692//7052 6031//5391 7164//6524 8575//7935
f 8575//7935 7164//6524 6026//5386 7117//6477
f 8100//7460 8575//7935 7117//6477 6130//5490
f 6136//5496 7425//6785 8576//7936 7755//7115
f 7425//6785 6137//5497 7766//7126 8576//7936
f 8576//7936 7766//7126 6132//5492 7959//7319
f 7755//7115 8576//7936 7959//7319 6131//5491
f 6137//5497 6846//6206 8577//7937 7766//7126
f 6846//6206 6138//5498 7231//6591 8577//7937
f 8577//7937 7231//6591 6133//5493 8007//7367
f 7766//7126 8577//7937 8007//7367 6132//5492
f 6138//5498 8318//7678 8578//7938 7231//6591
f 8318//7678 6139//5499 7060//6420 8578//7938
f 8578//7938 7060//6420 6134//5494 7056//6416
f 7231//6591 8578//7938 7056//6416 6133//5493
f 6139//5499 6741//6101 8579//7939 7060//6420
f 6741//6101 6140//5500 7116//6476 8579//7939
f 8579//7939 7116//6476 6135//5495 6899//6259
f 7060//6420 8579//7939 6899//6259 6134//5494
f 6140//5500 7394//6754 8580//7940 7116//6476
f 7394//6754 6036//5396 7710//7070 8580//7940
f 8580//7940 7710//7070 6031//5391 7692//7052
f 7116//6476 8580//7940 7692//7052 6135//5495
f 6141//5501 8262//7622 8581//7941 7221//6581
f 8262//7622 6142//5502 7048//6408 8581//7941
f 8581//7941 7048//6408 6137//5497 7425//6785
f 7221//6581 8581//7941 7425//6785 6136//5496
f 6142//5502 8125//7485 8582//7942 7048//6408
f 8125//7485 6143//5503 6885//6245 8582//7942
f 8582//7942 6885//6245 6138//5498 6846//6206
f 7048//6408 8582//7942 6846//6206 6137//5497
f 6143//5503 6950//6310 8583//7943 6885//6245
f 6950//6310 6144//5504 8174//7534 8583//7943
f 8583//7943 8174//7534 6139//5499 8318//7678
f 6885//6245 8583//7943 8318//7678 6138//5498
f 6144//5504 7000//6360 8584//7944 8174//7534
f 7000//6360 6145//5505 8202//7562 8584//7944
f 8584//7944 8202//7562 6140//5500 6741//6101
f 8174//7534 8584//7944 6741//6101 6139//5499
f 6145//5505 7789//7149 8585//7945 8202//7562
f 7789//7149 6041//5401 7443//6803 8585//7945
f 8585//7945 7443//6803 6036//5396 7394//6754
f 8202//7562 8585//7945 7394//6754 6140//5500
f 6146//5506 7110//6470 8586//7946 7413//6773
f 7110//6470 6147//5507 7163//6523 8586//7946
f 8586//7946 7163//6523 6148//5508 7227//6587
f 7413//6773 8586//7946 7227//6587 6149//5509
f 6147//5507 7260//6620 8587//7947 7163//6523
f 7260//6620 6150//5510 7578//6938 8587//7947
f 8587//7947 7578//6938 6151//5511 7107//6467
f 7163//6523 8587//7947 7107//6467 6148//5508
f 6150//5510 7902//7262 8588//7948 7578//6938
f 7902//7262 6152//5512 7360//6720 8588//7948
f 8588//7948 7360//6720 6153//5513 7957//7317
f 7578//6938 8588//7948 7957//7317 6151//5511
f 6152//5512 7407//6767 8589//7949 7360//6720
f 7407//6767 6154//5514 7666//7026 8589//7949
f 8589//7949 7666//7026 6155//5515 7357//6717
f 7360//6720 8589//7949 7357//6717 6153//5513
f 6154//5514 7054//6414 8590//7950 7666//7026
f 7054//6414 6046//5406 6824//6184 8590//7950
f 8590//7950 6824//6184 6049//5409 7219//6579
f 7666//7026 8590//7950 7219//6579 6155//5515
f 6156//5516 7151//6511 8591//7951 8284//7644
f 7151//6511 6157//5517 8320//7680 8591//7951
f 8591//7951 8320//7680 6147//5507 7110//6470
f 8284//7644 8591//7951 7110//6470 6146//5506
f 6157//5517 7310//6670 8592//7952 8320//7680
f 7310//6670 6158//5518 8010//7370 8592//7952
f 8592//7952 8010//7370 6150//5510 7260//6620
f 8320//7680 8592//7952 7260//6620 6147//5507
f 6158//5518 7043//6403 8593//7953 8010//7370
f 7043//6403 6159//5519 7659//7019 8593//7953
f 8593//7953 7659//7019 6152//5512 7902//7262
f 8010//7370 8593//7953 7902//7262 6150//5510
f 6159//5519 6986//6346 8594//7954 7659//7019
f 6986//6346 6160//5520 7519//6879 8594//7954
f 8594//7954 7519//6879 6154//5514 7407//6767
f 7659//7019 8594//7954 7407//6767 6152//5512
f 6160//5520 7952//7312 8595//7955 7519//6879
f 7952//7312 6056//5416 7206//6566 8595//7955
f 8595//7955 7206//6566 6046//5406 7054//6414
f 7519//6879 8595//7955 7054//6414 6154//5514
f 6161//5521 7890//7250 8596//7956 7331//6691
f 7890//7250 6162//5522 7495//6855 8596//7956
f 8596//7956 7495//6855 6157//5517 7151//6511
f 7331//6691 8596//7956 7151//6511 6156//5516
f 6162//5522 8042//7402 8597//7957 7495//6855
f 8042//7402 6163//5523 7641//7001 8597//7957
f 8597//7957 7641//7001 6158//5518 7310//6670
f 7495//6855 8597//7957 7310//6670 6157//5517
f 6163//5523 7991//7351 8598//7958 7641//7001
f 7991//7351 6164//5524 7599//6959 8598//7958
f 8598//7958 7599//6959 6159//5519 7043//6403
f 7641//7001 8598//7958 7043//6403 6158//5518
f 6164//5524 8331//7691 8599//7959 7599//6959
f 8331//7691 6165//5525 7933//7293 8599//7959
f 8599//7959 7933//7293 6160//5520 6986//6346
f 7599//6959 8599//7959 6986//6346 6159//5519
f 6165//5525 7325//6685 8600//7960 7933//7293
f 7325//6685 6061//5421 7945//7305 8600//7960
f 8600//7960 7945//7305 6056//5416 7952//7312
f 7933//7293 8600//7960 7952//7312 6160//5520
f 6166//5526 8239//7599 8601//7961 8083//7443
f 8239//7599 6167//5527 7834//7194 8601//7961
f 8601//7961 7834//7194 6162//5522 7890//7250
f 8083//7443 8601//7961 7890//7250 6161//5521
f 6167//5527 8194//7554 8602//7962 7834//7194
f 8194//7554 6168//5528 7787//7147 8602//7962
f 8602//7962 7787//7147 6163//5523 8042//7402
f 7834//7194 8602//7962 8042//7402 6162//5522
f 6168//5528 8154//7514 8603//7963 7787//7147
f 8154//7514 6169//5529 6867//6227 8603//7963
f 8603//7963 6867//6227 6164//5524 7991//7351
f 7787//7147 8603//7963 7991//7351 6163//5523
f 6169//5529 8288//7648 8604//7964 6867//6227
f 8288//7648 6170//5530 7023//6383 8604//7964
f 8604//7964 7023//6383 6165//5525 8331//7691
f 6867//6227 8604//7964 8331//7691 6164//5524
f 6170//5530 7568//6928 8605//7965 7023//6383
f 7568//6928 6066//5426 7173//6533 8605//7965
f 8605//7965 7173//6533 6061//5421 7325//6685
f 7023//6383 8605//7965 7325//6685 6165//5525
f 6119//5479 8016//7376 8606//7966 6731//6091
f 8016//7376 6118//5478 6894//6254 8606//7966
f 8606//7966 6894//6254 6167//5527 8239//7599
f 6731//6091 8606//7966 8239//7599 6166//5526
f 6118//5478 8023//7383 8607//7967 6894//6254
f 8023//7383 6121//5481 7424//6784 8607//7967
f 8607//7967 7424//6784 6168//5528 8194//7554
f 6894//6254 8607//7967 8194//7554 6167//5527
f 6121//5481 7629//6989 8608//7968 7424//6784
f 7629//6989 6123//5483 6941//6301 8608//7968
f 8608//7968 6941//6301 6169//5529 8154//7514
f 7424//6784 8608//7968 8154//7514 6168//5528
f 6123//5483 7530//6890 8609//7969 6941//6301
f 7530//6890 6125//5485 7908//7268 8609//7969
f 8609//7969 7908//7268 6170//5530 8288//7648
f 6941//6301 8609//7969 8288//7648 6169//5529
f 6125//5485 6929//6289 8610//7970 7908//7268
f 6929//6289 6019//5379 8210//7570 8610//7970
f 8610//7970 8210//7570 6066//5426 7568//6928
f 7908//7268 8610//7970 7568//6928 6170//5530
f 6171//5531 6760//6120 8611//7971 8278//7638
f 6760//6120 6172//5532 7929//7289 8611//7971
f 8611//7971 7929//7289 6173//5533 8079//7439
f 8278//7638 8611//7971 8079//7439 6174//5534
f 6172//5532 8028//7388 8612//7972 7929//7289
f 8028//7388 6175//5535 7781//7141 8612//7972
f 8612//7972 7781//7141 6176//5536 7978//7338
f 7929//7289 8612//7972 7978//7338 6173//5533
f 6175//5535 6785//6145 8613//7973 7781//7141
f 6785//6145 6177//5537 7071//6431 8613//7973
f 8613//7973 7071//6431 6178//5538 6961//6321
f 7781//7141 8613//7973 6961//6321 6176//5536
f 6177//5537 6907//6267 8614//7974 7071//6431
f 6907//6267 6179//5539 7185//6545 8614//7974
f 8614//7974 7185//6545 6180//5540 7290//6650
f 7071//6431 8614//7974 7290//6650 6178//5538
f 6179//5539 7611//6971 8615//7975 7185//6545
f 7611//6971 6071//5431 7363//6723 8615//7975
f 8615//7975 7363//6723 6074//5434 8058//7418
f 7185//6545 8615//7975 8058//7418 6180//5540
f 6181//5541 7681//7041 8616//7976 7812//7172
f 7681//7041 6182//5542 6740//6100 8616//7976
f 8616//7976 6740//6100 6172//5532 6760//6120
f 7812//7172 8616//7976 6760//6120 6171//5531
f 6182//5542 7432//6792 8617//7977 6740//6100
f 7432//6792 6183//5543 8139//7499 8617//7977
f 8617//7977 8139//7499 6175//5535 8028//7388
f 6740//6100 8617//7977 8028//7388 6172//5532
f 6183//5543 7375//6735 8618//7978 8139//7499
f 7375//6735 6184//5544 7172//6532 8618//7978
f 8618//7978 7172//6532 6177//5537 6785//6145
f 8139//7499 8618//7978 6785//6145 6175//5535
f 6184//5544 8022//7382 8619//7979 7172//6532
f 8022//7382 6185//5545 6922//6282 8619//7979
f 8619//7979 6922//6282 6179//5539 6907//6267
f 7172//6532 8619//7979 6907//6267 6177//5537
f 6185//5545 8332//7692 8620//7980 6922//6282
f 8332//7692 6081//5441 7422//6782 8620//7980
f 8620//7980 7422//6782 6071//5431 7611//6971
f 6922//6282 8620//7980 7611//6971 6179//5539
f 6186//5546 7546//6906 8621//7981 7777//7137
f 7546//6906 6187//5547 7924//7284 8621//7981
f 8621//7981 7924//7284 6182//5542 7681//7041
f 7777//7137 8621//7981 7681//7041 6181//5541
f 6187//5547 7592//6952 8622//7982 7924//7284
f 7592//6952 6188//5548 7877//7237 8622//7982
f 8622//7982 7877//7237 6183//5543 7432//6792
f 7924//7284 8622//7982 7432//6792 6182//5542
f 6188//5548 7002//6362 8623//7983 7877//7237
f 7002//6362 6189//5549 7420//6780 8623//7983
f 8623//7983 7420//6780 6184//5544 7375//6735
f 7877//7237 8623//7983 7375//6735 6183//5543
f 6189//5549 7276//6636 8624//7984 7420//6780
f 7276//6636 6190//5550 7674//7034 8624//7984
f 8624//7984 7674//7034 6185//5545 8022//7382
f 7420//6780 8624//7984 8022//7382 6184//5544
f 6190//5550 8181//7541 8625//7985 7674//7034
f 8181//7541 6086//5446 7398//6758 8625//7985
f 8625//7985 7398//6758 6081//5441 8332//7692
f 7674//7034 8625//7985 8332//7692 6185//5545
f 6191//5551 6953//6313 8626//7986 7317//6677
f 6953//6313 6192//5552 7368//6728 8626//7986
f 8626//7986 7368//6728 6187//5547 7546//6906
f 7317//6677 8626//7986 7546//6906 6186//5546
f 6192//5552 6797//6157 8627//7987 7368//6728
f 6797//6157 6193//5553 7212//6572 8627//7987
f 8627//7987 7212//6572 6188//5548 7592//6952
f 7368//6728 8627//7987 7592//6952 6187//5547
f 6193//5553 7862//7222 8628//7988 7212//6572
f 7862//7222 6194//5554 7458//6818 8628//7988
f 8628//7988 7458//6818 6189//5549 7002//6362
f 7212//6572 8628//7988 7002//6362 6188//5548
f 6194//5554 7910//7270 8629//7989 7458//6818
f 7910//7270 6195//5555 7515//6875 8629//7989
f 8629//7989 7515//6875 6190//5550 7276//6636
f 7458//6818 8629//7989 7276//6636 6189//5549
f 6195//5555 7390//6750 8630//7990 7515//6875
f 7390//6750 6091//5451 8117//7477 8630//7990
f 8630//7990 8117//7477 6086//5446 8181//7541
f 7515//6875 8630//7990 8181//7541 6190//5550
f 6149//5509 7227//6587 8631//7991 7898//7258
f 7227//6587 6148//5508 8340//7700 8631//7991
f 8631//7991 8340//7700 6192//5552 6953//6313
f 7898//7258 8631//7991 6953//6313 6191//5551
f 6148//5508 7107//6467 8632//7992 8340//7700
f 7107//6467 6151//5511 7809//7169 8632//7992
f 8632//7992 7809//7169 6193//5553 6797//6157
f 8340//7700 8632//7992 6797//6157 6192//5552
f 6151//5511 7957//7317 8633//7993 7809//7169
f 7957//7317 6153//5513 7001//6361 8633//7993
f 8633//7993 7001//6361 6194//5554 7862//7222
f 7809//7169 8633//7993 7862//7222 6193//5553
f 6153//5513 7357//6717 8634//7994 7001//6361
f 7357//6717 6155//5515 7271//6631 8634//7994
f 8634//7994 7271//6631 6195//5555 7910//7270
f 7001//6361 8634//7994 7910//7270 6194//5554
f 6155//5515 7219//6579 8635//7995 7271//6631
f 7219//6579 6049//5409 7131//6491 8635//7995
f 8635//7995 7131//6491 6091//5451 7390//6750
f 7271//6631 8635//7995 7390//6750 6195//5555
f 6196//5556 8228//7588 8636//7996 7658//7018
f 8228//7588 6197//5557 7523//6883 8636//7996
f 8636//7996 7523//6883 6142//5502 8262//7622
f 7658//7018 8636//7996 8262//7622 6141//5501
f 6197//5557 6848//6208 8637//7997 7523//6883
f 6848//6208 6198//5558 7575//6935 8637//7997
f 8637//7997 7575//6935 6143//5503 8125//7485
f 7523//6883 8637//7997 8125//7485 6142//5502
f 6198//5558 8144//7504 8638//7998 7575//6935
f 8144//7504 6199//5559 7626//6986 8638//7998
f 8638//7998 7626//6986 6144//5504 6950//6310
f 7575//6935 8638//7998 6950//6310 6143//5503
f 6199//5559 8190//7550 8639//7999 7626//6986
f 8190//7550 6200//5560 8251//7611 8639//7999
f 8639//7999 8251//7611 6145//5505 7000//6360
f 7626//6986 8639//7999 7000//6360 6144//5504
f 6200//5560 7564//6924 8640//8000 8251//7611
f 7564//6924 6096//5456 6936//6296 8640//8000
f 8640//8000 6936//6296 6041//5401 7789//7149
f 8251//7611 8640//8000 7789//7149 6145//5505
f 6201//5561 8275//7635 8641//8001 6755//6115
f 8275//7635 6202//5562 7012//6372 8641//8001
f 8641//8001 7012//6372 6197//5557 8228//7588
f 6755//6115 8641//8001 8228//7588 6196//5556
f 6202//5562 8324//7684 8642//8002 7012//6372
f 8324//7684 6203//5563 7063//6423 8642//8002
f 8642//8002 7063//6423 6198//5558 6848//6208
f 7012//6372 8642//8002 6848//6208 6197//5557
f 6203//5563 6746//6106 8643//8003 7063//6423
f 6746//6106 6204//5564 7122//6482 8643//8003
f 8643//8003 7122//6482 6199//5559 8144//7504
f 7063//6423 8643//8003 8144//7504 6198//5558
f 6204//5564 7820//7180 8644//8004 7122//6482
f 7820//7180 6205//5565 8222//7582 8644//8004
f 8644//8004 8222//7582 6200//5560 8190//7550
f 7122//6482 8644//8004 8190//7550 6199//5559
f 6205//5565 7277//6637 8645//8005 8222//7582
f 7277//6637 6101//5461 7512//6872 8645//8005
f 8645//8005 7512//6872 6096//5456 7564//6924
f 8222//7582 8645//8005 7564//6924 6200//5560
f 6206//5566 7724//7084 8646//8006 6844//6204
f 7724//7084 6207//5567 8136//7496 8646//8006
f 8646//8006 8136//7496 6202//5562 8275//7635
f 6844//6204 8646//8006 8275//7635 6201//5561
f 6207//5567 7774//7134 8647//8007 8136//7496
f 7774//7134 6208//5568 8185//7545 8647//8007
f 8647//8007 8185//7545 6203//5563 8324//7684
f 8136//7496 8647//8007 8324//7684 6202//5562
f 6208//5568 7636//6996 8648//8008 8185//7545
f 7636//6996 6209//5569 8002//7362 8648//8008
f 8648//8008 8002//7362 6204//5564 6746//6106
f 8185//7545 8648//8008 6746//6106 6203//5563
f 6209//5569 7059//6419 8649//8009 8002//7362
f 7059//6419 6210//5570 8258//7618 8649//8009
f 8649//8009 8258//7618 6205//5565 7820//7180
f 8002//7362 8649//8009 7820//7180 6204//5564
f 6210//5570 8043//7403 8650//8010 8258//7618
f 8043//7403 6106//5466 7196//6556 8650//8010
f 8650//8010 7196//6556 6101//5461 7277//6637
f 8258//7618 8650//8010 7277//6637 6205//5565
f 6211//5571 7168//6528 8651//8011 8310//7670
f 7168//6528 6212//5572 8357//7717 8651//8011
f 8651//8011 8357//7717 6207//5567 7724//7084
f 8310//7670 8651//8011 7724//7084 6206//5566
f 6212//5572 7391//6751 8652//8012 8357//7717
f 7391//6751 6213//5573 6995//6355 8652//8012
f 8652//8012 6995//6355 6208//5568 7774//7134
f 8357//7717 8652//8012 7774//7134 6207//5567
f 6213//5573 7655//7015 8653//8013 6995//6355
f 7655//7015 6214//5574 7265//6625 8653//8013
f 8653//8013 7265//6625 6209//5569 7636//6996
f 6995//6355 8653//8013 7636//6996 6208//5568
f 6214//5574 7300//6660 8654//8014 7265//6625
f 7300//6660 6215//5575 6893//6253 8654//8014
f 8654//8014 6893//6253 6210//5570 7059//6419
f 7265//6625 8654//8014 7059//6419 6209//5569
f 6215//5575 6774//6134 8655//8015 6893//6253
f 6774//6134 6111//5471 7979//7339 8655//8015
f 8655//8015 7979//7339 6106//5466 8043//7403
f 6893//6253 8655//8015 8043//7403 6210//5570
f 6174//5534 8079//7439 8656//8016 6747//6107
f 8079//7439 6173//5533 8143//7503 8656//8016
f 8656//8016 8143//7503 6212//5572 7168//6528
f 6747//6107 8656//8016 7168//6528 6211//5571
f 6173//5533 7978//7338 8657//8017 8143//7503
f 7978//7338 6176//5536 7082//6442 8657//8017
f 8657//8017 7082//6442 6213//5573 7391//6751
f 8143//7503 8657//8017 7391//6751 6212//5572
f 6176//5536 6961//6321 8658//8018 7082//6442
f 6961//6321 6178//5538 6913//6273 8658//8018
f 8658//8018 6913//6273 6214//5574 7655//7015
f 7082//6442 8658//8018 7655//7015 6213//5573
f 6178//5538 7290//6650 8659//8019 6913//6273
f 7290//6650 6180//5540 7579//6939 8659//8019
f 8659//8019 7579//6939 6215//5575 7300//6660
f 6913//6273 8659//8019 7300//6660 6214//5574
f 6180//5540 8058//7418 8660//8020 7579//6939
f 8058//7418 6074//5434 7906//7266 8660//8020
f 8660//8020 7906//7266 6111//5471 6774//6134
f 7579//6939 8660//8020 6774//6134 6215//5575
f 6216//5576 7886//7246 8661//8021 7388//6748
f 7886//7246 6217//5577 7839//7199 8661//8021
f 8661//8021 7839//7199 6218//5578 7608//6968
f 7388//6748 8661//8021 7608//6968 6219//5579
f 6217//5577 7558//6918 8662//8022 7839//7199
f 7558//6918 6220//5580 6866//6226 8662//8022
f 8662//8022 6866//6226 6221//5581 7501//6861
f 7839//7199 8662//8022 7501//6861 6218//5578
f 6220//5580 6920//6280 8663//8023 6866//6226
f 6920//6280 6222//5582 6974//6334 8663//8023
f 8663//8023 6974//6334 6223//5583 6860//6220
f 6866//6226 8663//8023 6860//6220 6221//5581
f 6222//5582 7021//6381 8664//8024 6974//6334
f 7021//6381 6224//5584 8297//7657 8664//8024
f 8664//8024 8297//7657 6225//5585 6736//6096
f 6974//6334 8664//8024 6736//6096 6223//5583
f 6224//5584 8339//7699 8665//8025 8297//7657
f 8339//7699 6226//5586 7976//7336 8665//8025
f 8665//8025 7976//7336 6227//5587 7873//7233
f 8297//7657 8665//8025 7873//7233 6225//5585
f 6228//5588 8075//7435 8666//8026 6992//6352
f 8075//7435 6229//5589 7153//6513 8666//8026
f 8666//8026 7153//6513 6217//5577 7886//7246
f 6992//6352 8666//8026 7886//7246 6216//5576
f 6229//5589 6794//6154 8667//8027 7153//6513
f 6794//6154 6230//5590 7315//6675 8667//8027
f 8667//8027 7315//6675 6220//5580 7558//6918
f 7153//6513 8667//8027 7558//6918 6217//5577
f 6230//5590 8187//7547 8668//8028 7315//6675
f 8187//7547 6231//5591 7367//6727 8668//8028
f 8668//8028 7367//6727 6222//5582 6920//6280
f 7315//6675 8668//8028 6920//6280 6220//5580
f 6231//5591 7109//6469 8669//8029 7367//6727
f 7109//6469 6232//5592 8015//7375 8669//8029
f 8669//8029 8015//7375 6224//5584 7021//6381
f 7367//6727 8669//8029 7021//6381 6222//5582
f 6232//5592 7053//6413 8670//8030 8015//7375
f 7053//6413 6233//5593 7652//7012 8670//8030
f 8670//8030 7652//7012 6226//5586 8339//7699
f 8015//7375 8670//8030 8339//7699 6224//5584
f 6234//5594 6738//6098 8671//8031 8274//7634
f 6738//6098 6235//5595 6999//6359 8671//8031
f 8671//8031 6999//6359 6229//5589 8075//7435
f 8274//7634 8671//8031 8075//7435 6228//5588
f 6235//5595 7721//7081 8672//8032 6999//6359
f 7721//7081 6236//5596 7167//6527 8672//8032
f 8672//8032 7167//6527 6230//5590 6794//6154
f 6999//6359 8672//8032 6794//6154 6229//5589
f 6236//5596 7675//7035 8673//8033 7167//6527
f 7675//7035 6237//5597 8147//7507 8673//8033
f 8673//8033 8147//7507 6231//5591 8187//7547
f 7167//6527 8673//8033 8187//7547 6230//5590
f 6237//5597 8014//7374 8674//8034 8147//7507
f 8014//7374 6238//5598 8127//7487 8674//8034
f 8674//8034 8127//7487 6232//5592 7109//6469
f 8147//7507 8674//8034 7109//6469 6231//5591
f 6238//5598 7768//7128 8675//8035 8127//7487
f 7768//7128 6239//5599 8066//7426 8675//8035
f 8675//8035 8066//7426 6233//5593 7053//6413
f 8127//7487 8675//8035 7053//6413 6232//5592
f 6240//5600 7487//6847 8676//8036 8219//7579
f 7487//6847 6241//5601 7949//7309 8676//8036
f 8676//8036 7949//7309 6235//5595 6738//6098
f 8219//7579 8676//8036 6738//6098 6234//5594
f 6241//5601 7421//6781 8677//8037 7949//7309
f 7421//6781 6242//5602 7894//7254 8677//8037
f 8677//8037 7894//7254 6236//5596 7721//7081
f 7949//7309 8677//8037 7721//7081 6235//5595
f 6242//5602 7162//6522 8678//8038 7894//7254
f 7162//6522 6243//5603 8250//7610 8678//8038
f 8678//8038 8250//7610 6237//5597 7675//7035
f 7894//7254 8678//8038 7675//7035 6236//5596
f 6243//5603 7356//6716 8679//8039 8250//7610
f 7356//6716 6244//5604 6772//6132 8679//8039
f 8679//8039 6772//6132 6238//5598 8014//7374
f 8250//7610 8679//8039 8014//7374 6237//5597
f 6244//5604 7304//6664 8680//8040 6772//6132
f 7304//6664 6245//5605 6932//6292 8680//8040
f 8680//8040 6932//6292 6239//5599 7768//7128
f 6772//6132 8680//8040 7768//7128 6238//5598
f 6246//5606 7403//6763 8681//8041 6882//6242
f 7403//6763 6247//5607 6833//6193 8681//8041
f 8681//8041 6833//6193 6241//5601 7487//6847
f 6882//6242 8681//8041 7487//6847 6240//5600
f 6247//5607 7948//7308 8682//8042 6833//6193
f 7948//7308 6248//5608 6990//6350 8682//8042
f 8682//8042 6990//6350 6242//5602 7421//6781
f 6833//6193 8682//8042 7421//6781 6241//5601
f 6248//5608 7997//7357 8683//8043 6990//6350
f 7997//7357 6249//5609 7529//6889 8683//8043
f 8683//8043 7529//6889 6243//5603 7162//6522
f 6990//6350 8683//8043 7162//6522 6242//5602
f 6249//5609 7848//7208 8684//8044 7529//6889
f 7848//7208 6250//5610 7476//6836 8684//8044
f 8684//8044 7476//6836 6244//5604 7356//6716
f 7529//6889 8684//8044 7356//6716 6243//5603
f 6250//5610 7705//7065 8685//8045 7476//6836
f 7705//7065 6251//5611 7404//6764 8685//8045
f 8685//8045 7404//6764 6245//5605 7304//6664
f 7476//6836 8685//8045 7304//6664 6244//5604
f 6252//5612 6984//6344 8686//8046 7956//7316
f 6984//6344 6253//5613 7312//6672 8686//8046
f 8686//8046 7312//6672 6247//5607 7403//6763
f 7956//7316 8686//8046 7403//6763 6246//5606
f 6253//5613 7253//6613 8687//8047 7312//6672
f 7253//6613 6254//5614 7348//6708 8687//8047
f 8687//8047 7348//6708 6248//5608 7948//7308
f 7312//6672 8687//8047 7948//7308 6247//5607
f 6254//5614 7093//6453 8688//8048 7348//6708
f 7093//6453 6255//5615 7607//6967 8688//8048
f 8688//8048 7607//6967 6249//5609 7997//7357
f 7348//6708 8688//8048 7997//7357 6248//5608
f 6255//5615 8356//7716 8689//8049 7607//6967
f 8356//7716 6256//5616 7457//6817 8689//8049
f 8689//8049 7457//6817 6250//5610 7848//7208
f 7607//6967 8689//8049 7848//7208 6249//5609
f 6256//5616 6777//6137 8690//8050 7457//6817
f 6777//6137 6257//5617 7070//6430 8690//8050
f 8690//8050 7070//6430 6251//5611 7705//7065
f 7457//6817 8690//8050 7705//7065 6250//5610
f 6258//5618 8114//7474 8691//8051 7123//6483
f 8114//7474 6259//5619 6957//6317 8691//8051
f 8691//8051 6957//6317 6253//5613 6984//6344
f 7123//6483 8691//8051 6984//6344 6252//5612
f 6259//5619 8171//7531 8692//8052 6957//6317
f 8171//7531 6260//5620 7633//6993 8692//8052
f 8692//8052 7633//6993 6254//5614 7253//6613
f 6957//6317 8692//8052 7253//6613 6253//5613
f 6260//5620 8213//7573 8693//8053 7633//6993
f 8213//7573 6261//5621 7680//7040 8693//8053
f 8693//8053 7680//7040 6255//5615 7093//6453
f 7633//6993 8693//8053 7093//6453 6254//5614
f 6261//5621 6828//6188 8694//8054 7680//7040
f 6828//6188 6262//5622 7732//7092 8694//8054
f 8694//8054 7732//7092 6256//5616 8356//7716
f 7680//7040 8694//8054 8356//7716 6255//5615
f 6262//5622 8306//7666 8695//8055 7732//7092
f 8306//7666 6263//5623 7975//7335 8695//8055
f 8695//8055 7975//7335 6257//5617 6777//6137
f 7732//7092 8695//8055 6777//6137 6256//5616
f 6264//5624 7205//6565 8696//8056 7830//7190
f 7205//6565 6265//5625 8261//7621 8696//8056
f 8696//8056 8261//7621 6259//5619 8114//7474
f 7830//7190 8696//8056 8114//7474 6258//5618
f 6265//5625 7037//6397 8697//8057 8261//7621
f 7037//6397 6266//5626 8312//7672 8697//8057
f 8697//8057 8312//7672 6260//5620 8171//7531
f 8261//7621 8697//8057 8171//7531 6259//5619
f 6266//5626 6877//6237 8698//8058 8312//7672
f 6877//6237 6267//5627 8173//7533 8698//8058
f 8698//8058 8173//7533 6261//5621 8213//7573
f 8312//7672 8698//8058 8213//7573 6260//5620
f 6267//5627 7753//7113 8699//8059 8173//7533
f 7753//7113 6268//5628 7215//6575 8699//8059
f 8699//8059 7215//6575 6262//5622 6828//6188
f 8173//7533 8699//8059 6828//6188 6261//5621
f 6268//5628 7802//7162 8700//8060 7215//6575
f 7802//7162 6269//5629 8068//7428 8700//8060
f 8700//8060 8068//7428 6263//5623 8306//7666
f 7215//6575 8700//8060 8306//7666 6262//5622
f 6270//5630 7897//7257 8701//8061 8165//7525
f 7897//7257 6271//5631 6766//6126 8701//8061
f 8701//8061 6766//6126 6265//5625 7205//6565
f 8165//7525 8701//8061 7205//6565 6264//5624
f 6271//5631 7574//6934 8702//8062 6766//6126
f 7574//6934 6272//5632 8247//7607 8702//8062
f 8702//8062 8247//7607 6266//5626 7037//6397
f 6766//6126 8702//8062 7037//6397 6265//5625
f 6272//5632 7619//6979 8703//8063 8247//7607
f 7619//6979 6273//5633 7881//7241 8703//8063
f 8703//8063 7881//7241 6267//5627 6877//6237
f 8247//7607 8703//8063 6877//6237 6266//5626
f 6273//5633 7468//6828 8704//8064 7881//7241
f 7468//6828 6274//5634 7925//7285 8704//8064
f 8704//8064 7925//7285 6268//5628 7753//7113
f 7881//7241 8704//8064 7753//7113 6267//5627
f 6274//5634 7303//6663 8705//8065 7925//7285
f 7303//6663 6275//5635 7776//7136 8705//8065
f 8705//8065 7776//7136 6269//5629 7802//7162
f 7925//7285 8705//8065 7802//7162 6268//5628
f 6219//5579 7608//6968 8706//8066 7733//7093
f 7608//6968 6218//5578 8290//7650 8706//8066
f 8706//8066 8290//7650 6271//5631 7897//7257
f 7733//7093 8706//8066 7897//7257 6270//5630
f 6218//5578 7501//6861 8707//8067 8290//7650
f 7501//6861 6221//5581 7654//7014 8707//8067
f 8707//8067 7654//7014 6272//5632 7574//6934
f 8290//7650 8707//8067 7574//6934 6271//5631
f 6221//5581 6860//6220 8708//8068 7654//7014
f 6860//6220 6223//5583 7489//6849 8708//8068
f 8708//8068 7489//6849 6273//5633 7619//6979
f 7654//7014 8708//8068 7619//6979 6272//5632
f 6223//5583 6736//6096 8709//8069 7489//6849
f 6736//6096 6225//5585 7347//6707 8709//8069
f 8709//8069 7347//6707 6274//5634 7468//6828
f 7489//6849 8709//8069 7468//6828 6273//5633
f 6225//5585 7873//7233 8710//8070 7347//6707
f 7873//7233 6227//5587 7208//6568 8710//8070
f 8710//8070 7208//6568 6275//5635 7303//6663
f 7347//6707 8710//8070 7303//6663 6274//5634
f 6276//5636 7521//6881 8711//8071 7396//6756
f 7521//6881 6277//5637 7751//7111 8711//8071
f 8711//8071 7751//7111 6278//5638 7618//6978
f 7396//6756 8711//8071 7618//6978 6279//5639
f 6277//5637 7461//6821 8712//8072 7751//7111
f 7461//6821 6280//5640 7799//7159 8712//8072
f 8712//8072 7799//7159 6281//5641 7524//6884
f 7751//7111 8712//8072 7524//6884 6278//5638
f 6280//5640 7847//7207 8713//8073 7799//7159
f 7847//7207 6282//5642 6876//6236 8713//8073
f 8713//8073 6876//6236 6283//5643 7796//7156
f 7799//7159 8713//8073 7796//7156 6281//5641
f 6282//5642 6928//6288 8714//8074 6876//6236
f 6928//6288 6284//5644 7204//6564 8714//8074
f 8714//8074 7204//6564 6285//5645 7081//6441
f 6876//6236 8714//8074 7081//6441 6283//5643
f 6284//5644 7911//7271 8715//8075 7204//6564
f 7911//7271 6216//5576 7388//6748 8715//8075
f 8715//8075 7388//6748 6219//5579 6832//6192
f 7204//6564 8715//8075 6832//6192 6285//5645
f 6286//5646 8303//7663 8716//8076 7859//7219
f 8303//7663 6287//5647 8107//7467 8716//8076
f 8716//8076 8107//7467 6277//5637 7521//6881
f 7859//7219 8716//8076 7521//6881 6276//5636
f 6287//5647 8256//7616 8717//8077 8107//7467
f 8256//7616 6288//5648 7741//7101 8717//8077
f 8717//8077 7741//7101 6280//5640 7461//6821
f 8107//7467 8717//8077 7461//6821 6277//5637
f 6288//5648 8212//7572 8718//8078 7741//7101
f 8212//7572 6289//5649 7184//6544 8718//8078
f 8718//8078 7184//6544 6282//5642 7847//7207
f 7741//7101 8718//8078 7847//7207 6280//5640
f 6289//5649 8355//7715 8719//8079 7184//6544
f 8355//7715 6290//5650 7011//6371 8719//8079
f 8719//8079 7011//6371 6284//5644 6928//6288
f 7184//6544 8719//8079 6928//6288 6282//5642
f 6290//5650 8020//7380 8720//8080 7011//6371
f 8020//7380 6228//5588 6992//6352 8720//8080
f 8720//8080 6992//6352 6216//5576 7911//7271
f 7011//6371 8720//8080 7911//7271 6284//5644
f 6291//5651 8057//7417 8721//8081 6856//6216
f 8057//7417 6292//5652 6809//6169 8721//8081
f 8721//8081 6809//6169 6287//5647 8303//7663
f 6856//6216 8721//8081 8303//7663 6286//5646
f 6292//5652 6751//6111 8722//8082 6809//6169
f 6751//6111 6293//5653 7981//7341 8722//8082
f 8722//8082 7981//7341 6288//5648 8256//7616
f 6809//6169 8722//8082 8256//7616 6287//5647
f 6293//5653 6905//6265 8723//8083 7981//7341
f 6905//6265 6294//5654 8142//7502 8723//8083
f 8723//8083 8142//7502 6289//5649 8212//7572
f 7981//7341 8723//8083 8212//7572 6288//5648
f 6294//5654 7061//6421 8724//8084 8142//7502
f 7061//6421 6295//5655 8273//7633 8724//8084
f 8724//8084 8273//7633 6290//5650 8355//7715
f 8142//7502 8724//8084 8355//7715 6289//5649
f 6295//5655 7083//6443 8725//8085 8273//7633
f 7083//6443 6234//5594 8274//7634 8725//8085
f 8725//8085 8274//7634 6228//5588 8020//7380
f 8273//7633 8725//8085 8020//7380 6290//5650
f 6296//5656 6956//6316 8726//8086 8226//7586
f 6956//6316 6297//5657 8153//7513 8726//8086
f 8726//8086 8153//7513 6292//5652 8057//7417
f 8226//7586 8726//8086 8057//7417 6291//5651
f 6297//5657 7120//6480 8727//8087 8153//7513
f 7120//6480 6298//5658 8287//7647 8727//8087
f 8727//8087 8287//7647 6293//5653 6751//6111
f 8153//7513 8727//8087 6751//6111 6292//5652
f 6298//5658 7690//7050 8728//8088 8287//7647
f 7690//7050 6299//5659 7241//6601 8728//8088
f 8728//8088 7241//6601 6294//5654 6905//6265
f 8287//7647 8728//8088 6905//6265 6293//5653
f 6299//5659 7645//7005 8729//8089 7241//6601
f 7645//7005 6300//5660 7183//6543 8729//8089
f 8729//8089 7183//6543 6295//5655 7061//6421
f 7241//6601 8729//8089 7061//6421 6294//5654
f 6300//5660 7966//7326 8730//8090 7183//6543
f 7966//7326 6240//5600 8219//7579 8730//8090
f 8730//8090 8219//7579 6234//5594 7083//6443
f 7183//6543 8730//8090 7083//6443 6295//5655
f 6049//5409 8225//7585 8731//8091 7767//7127
f 8225//7585 6301//5661 6845//6205 8731//8091
f 8731//8091 6845//6205 6297//5657 6956//6316
f 7767//7127 8731//8091 6956//6316 6296//5656
f 6301//5661 8135//7495 8732//8092 6845//6205
f 8135//7495 6302//5662 7815//7175 8732//8092
f 8732//8092 7815//7175 6298//5658 7120//6480
f 6845//6205 8732//8092 7120//6480 6297//5657
f 6302//5662 7497//6857 8733//8093 7815//7175
f 7497//6857 6303//5663 7771//7131 8733//8093
f 8733//8093 7771//7131 6299//5659 7690//7050
f 7815//7175 8733//8093 7690//7050 6298//5658
f 6303//5663 7436//6796 8734//8094 7771//7131
f 7436//6796 6304//5664 8131//7491 8734//8094
f 8734//8094 8131//7491 6300//5660 7645//7005
f 7771//7131 8734//8094 7645//7005 6299//5659
f 6304//5664 7152//6512 8735//8095 8131//7491
f 7152//6512 6246//5606 6882//6242 8735//8095
f 8735//8095 6882//6242 6240//5600 7966//7326
f 8131//7491 8735//8095 7966//7326 6300//5660
f 6305//5665 7551//6911 8736//8096 8048//7408
f 7551//6911 6306//5666 7905//7265 8736//8096
f 8736//8096 7905//7265 6301//5661 8225//7585
f 8048//7408 8736//8096 8225//7585 6049//5409
f 6306//5666 7264//6624 8737//8097 7905//7265
f 7264//6624 6307//5667 7668//7028 8737//8097
f 8737//8097 7668//7028 6302//5662 8135//7495
f 7905//7265 8737//8097 8135//7495 6301//5661
f 6307//5667 7224//6584 8738//8098 7668//7028
f 7224//6584 6308//5668 7627//6987 8738//8098
f 8738//8098 7627//6987 6303//5663 7497//6857
f 7668//7028 8738//8098 7497//6857 6302//5662
f 6308//5668 7585//6945 8739//8099 7627//6987
f 7585//6945 6309//5669 7165//6525 8739//8099
f 8739//8099 7165//6525 6304//5664 7436//6796
f 7627//6987 8739//8099 7436//6796 6303//5663
f 6309//5669 8240//7600 8740//8100 7165//6525
f 8240//7600 6252//5612 7956//7316 8740//8100
f 8740//8100 7956//7316 6246//5606 7152//6512
f 7165//6525 8740//8100 7152//6512 6304//5664
f 6310//5670 7864//7224 8741//8101 7324//6684
f 7864//7224 6311//5671 7482//6842 8741//8101
f 8741//8101 7482//6842 6306//5666 7551//6911
f 7324//6684 8741//8101 7551//6911 6305//5665
f 6311//5671 7814//7174 8742//8102 7482//6842
f 7814//7174 6312//5672 7412//6772 8742//8102
f 8742//8102 7412//6772 6307//5667 7264//6624
f 7482//6842 8742//8102 7264//6624 6306//5666
f 6312//5672 8063//7423 8743//8103 7412//6772
f 8063//7423 6313//5673 7679//7039 8743//8103
f 8743//8103 7679//7039 6308//5668 7224//6584
f 7412//6772 8743//8103 7224//6584 6307//5667
f 6313//5673 7915//7275 8744//8104 7679//7039
f 7915//7275 6314//5674 7431//6791 8744//8104
f 8744//8104 7431//6791 6309//5669 7585//6945
f 7679//7039 8744//8104 7585//6945 6308//5668
f 6314//5674 7042//6402 8745//8105 7431//6791
f 7042//6402 6258//5618 7123//6483 8745//8105
f 8745//8105 7123//6483 6252//5612 8240//7600
f 7431//6791 8745//8105 8240//7600 6309//5669
f 6315//5675 6792//6152 8746//8106 7972//7332
f 6792//6152 6316//5676 7920//7280 8746//8106
f 8746//8106 7920//7280 6311//5671 7864//7224
f 7972//7332 8746//8106 7864//7224 6310//5670
f 6316//5676 8268//7628 8747//8107 7920//7280
f 8268//7628 6317//5677 7858//7218 8747//8107
f 8747//8107 7858//7218 6312//5672 7814//7174
f 7920//7280 8747//8107 7814//7174 6311//5671
f 6317//5677 7316//6676 8748//8108 7858//7218
f 7316//6676 6318//5678 7714//7074 8748//8108
f 8748//8108 7714//7074 6313//5673 8063//7423
f 7858//7218 8748//8108 8063//7423 6312//5672
f 6318//5678 8184//7544 8749//8109 7714//7074
f 8184//7544 6319//5679 6937//6297 8749//8109
f 8749//8109 6937//6297 6314//5674 7915//7275
f 7714//7074 8749//8109 7915//7275 6313//5673
f 6319//5679 7379//6739 8750//8110 6937//6297
f 7379//6739 6264//5624 7830//7190 8750//8110
f 8750//8110 7830//7190 6258//5618 7042//6402
f 6937//6297 8750//8110 7042//6402 6314//5674
f 6320//5680 6843//6203 8751//8111 6989//6349
f 6843//6203 6321//5681 7249//6609 8751//8111
f 8751//8111 7249//6609 6316//5676 6792//6152
f 6989//6349 8751//8111 6792//6152 6315//5675
f 6321//5681 8317//7677 8752//8112 7249//6609
f 8317//7677 6322//5682 7090//6450 8752//8112
f 8752//8112 7090//6450 6317//5677 8268//7628
f 7249//6609 8752//8112 8268//7628 6316//5676
f 6322//5682 7955//7315 8753//8113 7090//6450
f 7955//7315 6323//5683 8354//7714 8753//8113
f 8753//8113 8354//7714 6318//5678 7316//6676
f 7090//6450 8753//8113 7316//6676 6317//5677
f 6323//5683 8005//7365 8754//8114 8354//7714
f 8005//7365 6324//5684 6771//6131 8754//8114
f 8754//8114 6771//6131 6319//5679 8184//7544
f 8354//7714 8754//8114 8184//7544 6318//5678
f 6324//5684 6892//6252 8755//8115 6771//6131
f 6892//6252 6270//5630 8165//7525 8755//8115
f 8755//8115 8165//7525 6264//5624 7379//6739
f 6771//6131 8755//8115 7379//6739 6319//5679
f 6279//5639 7618//6978 8756//8116 7522//6882
f 7618//6978 6278//5638 7951//7311 8756//8116
f 8756//8116 7951//7311 6321//5681 6843//6203
f 7522//6882 8756//8116 6843//6203 6320//5680
f 6278//5638 7524//6884 8757//8117 7951//7311
f 7524//6884 6281//5641 7494//6854 8757//8117
f 8757//8117 7494//6854 6322//5682 8317//7677
f 7951//7311 8757//8117 8317//7677 6321//5681
f 6281//5641 7796//7156 8758//8118 7494//6854
f 7796//7156 6283//5643 7328//6688 8758//8118
f 8758//8118 7328//6688 6323//5683 7955//7315
f 7494//6854 8758//8118 7955//7315 6322//5682
f 6283//5643 7081//6441 8759//8119 7328//6688
f 7081//6441 6285//5645 6947//6307 8759//8119
f 8759//8119 6947//6307 6324//5684 8005//7365
f 7328//6688 8759//8119 8005//7365 6323//5683
f 6285//5645 6832//6192 8760//8120 6947//6307
f 6832//6192 6219//5579 7733//7093 8760//8120
f 8760//8120 7733//7093 6270//5630 6892//6252
f 6947//6307 8760//8120 6892//6252 6324//5684
f 6325//5685 6891//6251 8761//8121 6788//6148
f 6891//6251 6326//5686 6946//6306 8761//8121
f 8761//8121 6946//6306 6327//5687 6994//6354
f 6788//6148 8761//8121 6994//6354 6328//5688
f 6326//5686 6998//6358 8762//8122 6946//6306
f 6998//6358 6329//5689 7106//6466 8762//8122
f 8762//8122 7106//6466 6330//5690 7270//6630
f 6946//6306 8762//8122 7270//6630 6327//5687
f 6329//5689 7047//6407 8763//8123 7106//6466
f 7047//6407 6331//5691 7631//6991 8763//8123
f 8763//8123 7631//6991 6332//5692 7718//7078
f 7106//6466 8763//8123 7718//7078 6330//5690
f 6331//5691 7577//6937 8764//8124 7631//6991
f 7577//6937 6333//5693 8119//7479 8764//8124
f 8764//8124 8119//7479 6334//5694 8012//7372
f 7631//6991 8764//8124 8012//7372 6332//5692
f 6333//5693 8059//7419 8765//8125 8119//7479
f 8059//7419 6335//5695 7419//6779 8765//8125
f 8765//8125 7419//6779 6336//5696 7536//6896
f 8119//7479 8765//8125 7536//6896 6334//5694
f 6337//5697 7537//6897 8766//8126 7130//6490
f 7537//6897 6338//5698 6756//6116 8766//8126
f 8766//8126 6756//6116 6326//5686 6891//6251
f 7130//6490 8766//8126 6891//6251 6325//5685
f 6338//5698 7230//6590 8767//8127 6756//6116
f 7230//6590 6339//5699 8255//7615 8767//8127
f 8767//8127 8255//7615 6329//5689 6998//6358
f 6756//6116 8767//8127 6998//6358 6326//5686
f 6339//5699 7272//6632 8768//8128 8255//7615
f 7272//6632 6340//5700 8001//7361 8768//8128
f 8768//8128 8001//7361 6331//5691 7047//6407
f 8255//7615 8768//8128 7047//6407 6329//5689
f 6340//5700 7114//6474 8769//8129 8001//7361
f 7114//6474 6341//5701 7754//7114 8769//8129
f 8769//8129 7754//7114 6333//5693 7577//6937
f 8001//7361 8769//8129 7577//6937 6331//5691
f 6341//5701 7773//7133 8770//8130 7754//7114
f 7773//7133 6342//5702 7092//6452 8770//8130
f 8770//8130 7092//6452 6335//5695 8059//7419
f 7754//7114 8770//8130 8059//7419 6333//5693
f 6343//5703 7869//7229 8771//8131 7258//6618
f 7869//7229 6344//5704 7583//6943 8771//8131
f 8771//8131 7583//6943 6338//5698 7537//6897
f 7258//6618 8771//8131 7537//6897 6337//5697
f 6344//5704 8019//7379 8772//8132 7583//6943
f 8019//7379 6345//5705 7439//6799 8772//8132
f 8772//8132 7439//6799 6339//5699 7230//6590
f 7583//6943 8772//8132 7230//6590 6338//5698
f 6345//5705 6744//6104 8773//8133 7439//6799
f 6744//6104 6346//5706 7687//7047 8773//8133
f 8773//8133 7687//7047 6340//5700 7272//6632
f 7439//6799 8773//8133 7272//6632 6339//5699
f 6346//5706 6901//6261 8774//8134 7687//7047
f 6901//6261 6347//5707 7545//6905 8774//8134
f 8774//8134 7545//6905 6341//5701 7114//6474
f 7687//7047 8774//8134 7114//6474 6340//5700
f 6347//5707 8272//7632 8775//8135 7545//6905
f 8272//7632 6348//5708 7973//7333 8775//8135
f 8775//8135 7973//7333 6342//5702 7773//7133
f 7545//6905 8775//8135 7773//7133 6341//5701
f 6349//5709 7372//6732 8776//8136 8027//7387
f 7372//6732 6350//5710 7863//7223 8776//8136
f 8776//8136 7863//7223 6344//5704 7869//7229
f 8027//7387 8776//8136 7869//7229 6343//5703
f 6350//5710 8319//7679 8777//8137 7863//7223
f 8319//7679 6351//5711 6988//6348 8777//8137
f 8777//8137 6988//6348 6345//5705 8019//7379
f 7863//7223 8777//8137 8019//7379 6344//5704
f 6351//5711 6847//6207 8778//8138 6988//6348
f 6847//6207 6352//5712 7157//6517 8778//8138
f 8778//8138 7157//6517 6346//5706 6744//6104
f 6988//6348 8778//8138 6744//6104 6345//5705
f 6352//5712 6796//6156 8779//8139 7157//6517
f 6796//6156 6353//5713 7307//6667 8779//8139
f 8779//8139 7307//6667 6347//5707 6901//6261
f 7157//6517 8779//8139 6901//6261 6346//5706
f 6353//5713 7980//7340 8780//8140 7307//6667
f 7980//7340 6354//5714 7252//6612 8780//8140
f 8780//8140 7252//6612 6348//5708 8272//7632
f 7307//6667 8780//8140 8272//7632 6347//5707
f 6355//5715 7878//7238 8781//8141 6770//6130
f 7878//7238 6356//5716 6931//6291 8781//8141
f 8781//8141 6931//6291 6350//5710 7372//6732
f 6770//6130 8781//8141 7372//6732 6349//5709
f 6356//5716 7829//7189 8782//8142 6931//6291
f 7829//7189 6357//5717 8309//7669 8782//8142
f 8782//8142 8309//7669 6351//5711 8319//7679
f 6931//6291 8782//8142 8319//7679 6350//5710
f 6357//5717 7780//7140 8783//8143 8309//7669
f 7780//7140 6358//5718 8266//7626 8783//8143
f 8783//8143 8266//7626 6352//5712 6847//6207
f 8309//7669 8783//8143 6847//6207 6351//5711
f 6358//5718 7091//6451 8784//8144 8266//7626
f 7091//6451 6359//5719 8201//7561 8784//8144
f 8784//8144 8201//7561 6353//5713 6796//6156
f 8266//7626 8784//8144 6796//6156 6352//5712
f 6359//5719 7251//6611 8785//8145 8201//7561
f 7251//6611 6360//5720 8342//7702 8785//8145
f 8785//8145 8342//7702 6354//5714 7980//7340
f 8201//7561 8785//8145 7980//7340 6353//5713
f 6361//5721 7573//6933 8786//8146 6831//6191
f 7573//6933 6362//5722 6779//6139 8786//8146
f 8786//8146 6779//6139 6356//5716 7878//7238
f 6831//6191 8786//8146 7878//7238 6355//5715
f 6362//5722 7704//7064 8787//8147 6779//6139
f 7704//7064 6363//5723 7147//6507 8787//8147
f 8787//8147 7147//6507 6357//5717 7829//7189
f 6779//6139 8787//8147 7829//7189 6356//5716
f 6363//5723 7466//6826 8788//8148 7147//6507
f 7466//6826 6364//5724 7306//6666 8788//8148
f 8788//8148 7306//6666 6358//5718 7780//7140
f 7147//6507 8788//8148 7780//7140 6357//5717
f 6364//5724 7401//6761 8789//8149 7306//6666
f 7401//6761 6365//5725 7044//6404 8789//8149
f 8789//8149 7044//6404 6359//5719 7091//6451
f 7306//6666 8789//8149 7091//6451 6358//5718
f 6365//5725 8158//7518 8790//8150 7044//6404
f 8158//7518 6366//5726 7025//6385 8790//8150
f 8790//8150 7025//6385 6360//5720 7251//6611
f 7044//6404 8790//8150 7251//6611 6359//5719
f 6367//5727 7660//7020 8791//8151 7786//7146
f 7660//7020 6368//5728 7937//7297 8791//8151
f 8791//8151 7937//7297 6362//5722 7573//6933
f 7786//7146 8791//8151 7573//6933 6361//5721
f 6368//5728 7617//6977 8792//8152 7937//7297
f 7617//6977 6369//5729 8077//7437 8792//8152
f 8792//8152 8077//7437 6363//5723 7704//7064
f 7937//7297 8792//8152 7704//7064 6362//5722
f 6369//5729 7180//6540 8793//8153 8077//7437
f 7180//6540 6370//5730 8026//7386 8793//8153
f 8793//8153 8026//7386 6364//5724 7466//6826
f 8077//7437 8793//8153 7466//6826 6363//5723
f 6370//5730 7337//6697 8794//8154 8026//7386
f 7337//6697 6371//5731 7598//6958 8794//8154
f 8794//8154 7598//6958 6365//5725 7401//6761
f 8026//7386 8794//8154 7401//6761 6364//5724
f 6371//5731 7068//6428 8795//8155 7598//6958
f 7068//6428 6372//5732 7728//7088 8795//8155
f 8795//8155 7728//7088 6366//5726 8158//7518
f 7598//6958 8795//8155 8158//7518 6365//5725
f 6373//5733 6960//6320 8796//8156 7504//6864
f 6960//6320 6374//5734 7455//6815 8796//8156
f 8796//8156 7455//6815 6368//5728 7660//7020
f 7504//6864 8796//8156 7660//7020 6367//5727
f 6374//5734 7927//7287 8797//8157 7455//6815
f 7927//7287 6375//5735 7427//6787 8797//8157
f 8797//8157 7427//6787 6369//5729 7617//6977
f 7455//6815 8797//8157 7617//6977 6368//5728
f 6375//5735 8076//7436 8798//8158 7427//6787
f 8076//7436 6376//5736 7596//6956 8798//8158
f 8798//8158 7596//6956 6370//5730 7180//6540
f 7427//6787 8798//8158 7180//6540 6369//5729
f 6376//5736 8141//7501 8799//8159 7596//6956
f 8141//7501 6377//5737 7653//7013 8799//8159
f 8799//8159 7653//7013 6371//5731 7337//6697
f 7596//6956 8799//8159 7337//6697 6370//5730
f 6377//5737 6758//6118 8800//8160 7653//7013
f 6758//6118 6378//5738 7605//6965 8800//8160
f 8800//8160 7605//6965 6372//5732 7068//6428
f 7653//7013 8800//8160 7068//6428 6371//5731
f 6379//5739 8286//7646 8801//8161 7928//7288
f 8286//7646 6380//5740 8082//7442 8801//8161
f 8801//8161 8082//7442 6374//5734 6960//6320
f 7928//7288 8801//8161 6960//6320 6373//5733
f 6380//5740 8330//7690 8802//8162 8082//7442
f 8330//7690 6381//5741 7838//7198 8802//8162
f 8802//8162 7838//7198 6375//5735 7927//7287
f 8082//7442 8802//8162 7927//7287 6374//5734
f 6381//5741 7383//6743 8803//8163 7838//7198
f 7383//6743 6382//5742 7872//7232 8803//8163
f 8803//8163 7872//7232 6376//5736 8076//7436
f 7838//7198 8803//8163 8076//7436 6375//5735
f 6382//5742 7239//6599 8804//8164 7872//7232
f 7239//6599 6383//5743 6900//6260 8804//8164
f 8804//8164 6900//6260 6377//5737 8141//7501
f 7872//7232 8804//8164 8141//7501 6376//5736
f 6383//5743 6858//6218 8805//8165 6900//6260
f 6858//6218 6384//5744 7171//6531 8805//8165
f 8805//8165 7171//6531 6378//5738 6758//6118
f 6900//6260 8805//8165 6758//6118 6377//5737
f 6328//5688 6994//6354 8806//8166 8047//7407
f 6994//6354 6327//5687 8108//7468 8806//8166
f 8806//8166 8108//7468 6380//5740 8286//7646
f 8047//7407 8806//8166 8286//7646 6379//5739
f 6327//5687 7270//6630 8807//8167 8108//7468
f 7270//6630 6330//5690 8347//7707 8807//8167
f 8807//8167 8347//7707 6381//5741 8330//7690
f 8108//7468 8807//8167 8330//7690 6380//5740
f 6330//5690 7718//7078 8808//8168 8347//7707
f 7718//7078 6332//5692 8305//7665 8808//8168
f 8808//8168 8305//7665 6382//5742 7383//6743
f 8347//7707 8808//8168 7383//6743 6381//5741
f 6332//5692 8012//7372 8809//8169 8305//7665
f 8012//7372 6334//5694 7254//6614 8809//8169
f 8809//8169 7254//6614 6383//5743 7239//6599
f 8305//7665 8809//8169 7239//6599 6382//5742
f 6334//5694 7536//6896 8810//8170 7254//6614
f 7536//6896 6336//5696 6754//6114 8810//8170
f 8810//8170 6754//6114 6384//5744 6858//6218
f 7254//6614 8810//8170 6858//6218 6383//5743
f 6385//5745 7970//7330 8811//8171 8065//7425
f 7970//7330 6386//5746 7818//7178 8811//8171
f 8811//8171 7818//7178 6387//5747 7868//7228
f 8065//7425 8811//8171 7868//7228 6388//5748
f 6386//5746 8113//7473 8812//8172 7818//7178
f 8113//7473 6389//5749 7772//7132 8812//8172
f 8812//8172 7772//7132 6390//5750 7962//7322
f 7818//7178 8812//8172 7962//7322 6387//5747
f 6389//5749 7720//7080 8813//8173 7772//7132
f 7720//7080 6391//5751 7289//6649 8813//8173
f 8813//8173 7289//6649 6392//5752 7179//6539
f 7772//7132 8813//8173 7179//6539 6390//5750
f 6391//5751 7182//6542 8814//8174 7289//6649
f 7182//6542 6393//5753 7602//6962 8814//8174
f 8814//8174 7602//6962 6394//5754 7286//6646
f 7289//6649 8814//8174 7286//6646 6392//5752
f 6393//5753 6822//6182 8815//8175 7602//6962
f 6822//6182 6325//5685 6788//6148 8815//8175
f 8815//8175 6788//6148 6328//5688 7341//6701
f 7602//6962 8815//8175 7341//6701 6394//5754
f 6395//5755 7503//6863 8816//8176 8296//7656
f 7503//6863 6396//5756 6925//6285 8816//8176
f 8816//8176 6925//6285 6386//5746 7970//7330
f 8296//7656 8816//8176 7970//7330 6385//5745
f 6396//5756 7556//6916 8817//8177 6925//6285
f 7556//6916 6397//5757 7194//6554 8817//8177
f 8817//8177 7194//6554 6389//5749 8113//7473
f 6925//6285 8817//8177 8113//7473 6386//5746
f 6397//5757 8188//7548 8818//8178 7194//6554
f 8188//7548 6398//5758 7140//6500 8818//8178
f 8818//8178 7140//6500 6391//5751 7720//7080
f 7194//6554 8818//8178 7720//7080 6389//5749
f 6398//5758 8030//7390 8819//8179 7140//6500
f 8030//7390 6399//5759 7723//7083 8819//8179
f 8819//8179 7723//7083 6393//5753 7182//6542
f 7140//6500 8819//8179 7182//6542 6391//5751
f 6399//5759 7765//7125 8820//8180 7723//7083
f 7765//7125 6337//5697 7130//6490 8820//8180
f 8820//8180 7130//6490 6325//5685 6822//6182
f 7723//7083 8820//8180 6822//6182 6393//5753
f 6400//5760 7731//7091 8821//8181 8074//7434
f 7731//7091 6401//5761 8115//7475 8821//8181
f 8821//8181 8115//7475 6396//5756 7503//6863
f 8074//7434 8821//8181 7503//6863 6395//5755
f 6401//5761 6821//6181 8822//8182 8115//7475
f 6821//6181 6402//5762 7582//6942 8822//8182
f 8822//8182 7582//6942 6397//5757 7556//6916
f 8115//7475 8822//8182 7556//6916 6396//5756
f 6402//5762 8299//7659 8823//8183 7582//6942
f 8299//7659 6403//5763 7415//6775 8823//8183
f 8823//8183 7415//6775 6398//5758 8188//7548
f 7582//6942 8823//8183 8188//7548 6397//5757
f 6403//5763 8346//7706 8824//8184 7415//6775
f 8346//7706 6404//5764 7483//6843 8824//8184
f 8824//8184 7483//6843 6399//5759 8030//7390
f 7415//6775 8824//8184 8030//7390 6398//5758
f 6404//5764 6924//6284 8825//8185 7483//6843
f 6924//6284 6343//5703 7258//6618 8825//8185
f 8825//8185 7258//6618 6337//5697 7765//7125
f 7483//6843 8825//8185 7765//7125 6399//5759
f 6405//5765 8246//7606 8826//8186 7549//6909
f 8246//7606 6406//5766 7016//6376 8826//8186
f 8826//8186 7016//6376 6401//5761 7731//7091
f 7549//6909 8826//8186 7731//7091 6400//5760
f 6406//5766 8102//7462 8827//8187 7016//6376
f 8102//7462 6407//5767 6862//6222 8827//8187
f 8827//8187 6862//6222 6402//5762 6821//6181
f 7016//6376 8827//8187 6821//6181 6401//5761
f 6407//5767 7747//7107 8828//8188 6862//6222
f 7747//7107 6408//5768 7340//6700 8828//8188
f 8828//8188 7340//6700 6403//5763 8299//7659
f 6862//6222 8828//8188 8299//7659 6402//5762
f 6408//5768 7901//7261 8829//8189 7340//6700
f 7901//7261 6409//5769 7400//6760 8829//8189
f 8829//8189 7400//6760 6404//5764 8346//7706
f 7340//6700 8829//8189 8346//7706 6403//5763
f 6409//5769 6977//6337 8830//8190 7400//6760
f 6977//6337 6349//5709 8027//7387 8830//8190
f 8830//8190 8027//7387 6343//5703 6924//6284
f 7400//6760 8830//8190 6924//6284 6404//5764
f 6410//5770 8206//7566 8831//8191 7465//6825
f 8206//7566 6411//5771 7520//6880 8831//8191
f 8831//8191 7520//6880 6406//5766 8246//7606
f 7465//6825 8831//8191 8246//7606 6405//5765
f 6411//5771 8164//7524 8832//8192 7520//6880
f 8164//7524 6412//5772 7750//7110 8832//8192
f 8832//8192 7750//7110 6407//5767 8102//7462
f 7520//6880 8832//8192 8102//7462 6406//5766
f 6412//5772 6869//6229 8833//8193 7750//7110
f 6869//6229 6413//5773 8094//7454 8833//8193
f 8833//8193 8094//7454 6408//5768 7747//7107
f 7750//7110 8833//8193 7747//7107 6407//5767
f 6413//5773 7028//6388 8834//8194 8094//7454
f 7028//6388 6414//5774 8242//7602 8834//8194
f 8834//8194 8242//7602 6409//5769 7901//7261
f 8094//7454 8834//8194 7901//7261 6408//5768
f 6414//5774 7451//6811 8835//8195 8242//7602
f 7451//6811 6355//5715 6770//6130 8835//8195
f 8835//8195 6770//6130 6349//5709 6977//6337
f 8242//7602 8835//8195 6977//6337 6409//5769
f 6415//5775 8345//7705 8836//8196 7993//7353
f 8345//7705 6416//5776 7943//7303 8836//8196
f 8836//8196 7943//7303 6411//5771 8206//7566
f 7993//7353 8836//8196 8206//7566 6410//5770
f 6416//5776 7526//6886 8837//8197 7943//7303
f 7526//6886 6417//5777 7883//7243 8837//8197
f 8837//8197 7883//7243 6412//5772 8164//7524
f 7943//7303 8837//8197 8164//7524 6411//5771
f 6417//5777 7662//7022 8838//8198 7883//7243
f 7662//7022 6418//5778 8034//7394 8838//8198
f 8838//8198 8034//7394 6413//5773 6869//6229
f 7883//7243 8838//8198 6869//6229 6412//5772
f 6418//5778 7804//7164 8839//8199 8034//7394
f 7804//7164 6419//5779 8191//7551 8839//8199
f 8839//8199 8191//7551 6414//5774 7028//6388
f 8034//7394 8839//8199 7028//6388 6413//5773
f 6419//5779 7052//6412 8840//8200 8191//7551
f 7052//6412 6361//5721 6831//6191 8840//8200
f 8840//8200 6831//6191 6355//5715 7451//6811
f 8191//7551 8840//8200 7451//6811 6414//5774
f 6420//5780 7305//6665 8841//8201 8145//7505
f 7305//6665 6421//5781 7700//7060 8841//8201
f 8841//8201 7700//7060 6416//5776 8345//7705
f 8145//7505 8841//8201 8345//7705 6415//5775
f 6421//5781 7472//6832 8842//8202 7700//7060
f 7472//6832 6422//5782 7846//7206 8842//8202
f 8842//8202 7846//7206 6417//5777 7526//6886
f 7700//7060 8842//8202 7526//6886 6416//5776
f 6422//5782 7211//6571 8843//8203 7846//7206
f 7211//6571 6423//5783 7614//6974 8843//8203
f 8843//8203 7614//6974 6418//5778 7662//7022
f 7846//7206 8843//8203 7662//7022 6417//5777
f 6423//5783 7149//6509 8844//8204 7614//6974
f 7149//6509 6424//5784 7572//6932 8844//8204
f 8844//8204 7572//6932 6419//5779 7804//7164
f 7614//6974 8844//8204 7804//7164 6418//5778
f 6424//5784 8323//7683 8845//8205 7572//6932
f 8323//7683 6367//5727 7786//7146 8845//8205
f 8845//8205 7786//7146 6361//5721 7052//6412
f 7572//6932 8845//8205 7052//6412 6419//5779
f 6425//5785 7229//6589 8846//8206 8234//7594
f 7229//6589 6426//5786 6750//6110 8846//8206
f 8846//8206 6750//6110 6421//5781 7305//6665
f 8234//7594 8846//8206 7305//6665 6420//5780
f 6426//5786 7371//6731 8847//8207 6750//6110
f 7371//6731 6427//5787 6904//6264 8847//8207
f 8847//8207 6904//6264 6422//5782 7472//6832
f 6750//6110 8847//8207 7472//6832 6421//5781
f 6427//5787 7323//6683 8848//8208 6904//6264
f 7323//6683 6428//5788 6852//6212 8848//8208
f 8848//8208 6852//6212 6423//5783 7211//6571
f 6904//6264 8848//8208 7211//6571 6422//5782
f 6428//5788 7677//7037 8849//8209 6852//6212
f 7677//7037 6429//5789 7262//6622 8849//8209
f 8849//8209 7262//6622 6424//5784 7149//6509
f 6852//6212 8849//8209 7149//6509 6423//5783
f 6429//5789 7243//6603 8850//8210 7262//6622
f 7243//6603 6373//5733 7504//6864 8850//8210
f 8850//8210 7504//6864 6367//5727 8323//7683
f 7262//6622 8850//8210 8323//7683 6424//5784
f 6430//5790 7591//6951 8851//8211 7418//6778
f 7591//6951 6431//5791 7160//6520 8851//8211
f 8851//8211 7160//6520 6426//5786 7229//6589
f 7418//6778 8851//8211 7229//6589 6425//5785
f 6431//5791 7543//6903 8852//8212 7160//6520
f 7543//6903 6432//5792 7104//6464 8852//8212
f 8852//8212 7104//6464 6427//5787 7371//6731
f 7160//6520 8852//8212 7371//6731 6426//5786
f 6432//5792 8265//7625 8853//8213 7104//6464
f 8265//7625 6433//5793 7039//6399 8853//8213
f 8853//8213 7039//6399 6428//5788 7323//6683
f 7104//6464 8853//8213 7323//6683 6427//5787
f 6433//5793 6784//6144 8854//8214 7039//6399
f 6784//6144 6434//5794 7207//6567 8854//8214
f 8854//8214 7207//6567 6429//5789 7677//7037
f 7039//6399 8854//8214 7677//7037 6428//5788
f 6434//5794 8009//7369 8855//8215 7207//6567
f 8009//7369 6379//5739 7928//7288 8855//8215
f 8855//8215 7928//7288 6373//5733 7243//6603
f 7207//6567 8855//8215 7243//6603 6429//5789
f 6388//5748 7868//7228 8856//8216 8308//7668
f 7868//7228 6387//5747 8353//7713 8856//8216
f 8856//8216 8353//7713 6431//5791 7591//6951
f 8308//7668 8856//8216 7591//6951 6430//5790
f 6387//5747 7962//7322 8857//8217 8353//7713
f 7962//7322 6390//5750 7210//6570 8857//8217
f 8857//8217 7210//6570 6432//5792 7543//6903
f 8353//7713 8857//8217 7543//6903 6431//5791
f 6390//5750 7179//6539 8858//8218 7210//6570
f 7179//6539 6392//5752 6958//6318 8858//8218
f 8858//8218 6958//6318 6433//5793 8265//7625
f 7210//6570 8858//8218 8265//7625 6432//5792
f 6392//5752 7286//6646 8859//8219 6958//6318
f 7286//6646 6394//5754 7921//7281 8859//8219
f 8859//8219 7921//7281 6434//5794 6784//6144
f 6958//6318 8859//8219 6784//6144 6433//5793
f 6394//5754 7341//6701 8860//8220 7921//7281
f 7341//6701 6328//5688 8047//7407 8860//8220
f 8860//8220 8047//7407 6379//5739 8009//7369
f 7921//7281 8860//8220 8009//7369 6434//5794
f 6435//5795 6881//6241 8861//8221 6776//6136
f 6881//6241 6436//5796 8072//7432 8861//8221
f 8861//8221 8072//7432 6437//5797 8218//7578
f 6776//6136 8861//8221 8218//7578 6438//5798
f 6436//5796 8179//7539 8862//8222 8072//7432
f 8179//7539 6439//5799 7918//7278 8862//8222
f 8862//8222 7918//7278 6440//5800 8123//7483
f 8072//7432 8862//8222 8123//7483 6437//5797
f 6439//5799 7871//7231 8863//8223 7918//7278
f 7871//7231 6441//5801 8018//7378 8863//8223
f 8863//8223 8018//7378 6442//5802 7916//7276
f 7918//7278 8863//8223 7916//7276 6440//5800
f 6441//5801 7965//7325 8864//8224 8018//7378
f 7965//7325 6443//5803 8126//7486 8864//8224
f 8864//8224 8126//7486 6444//5804 8215//7575
f 8018//7378 8864//8224 8215//7575 6442//5802
f 6443//5803 8056//7416 8865//8225 8126//7486
f 6445//5805 6726//6086 8865//8225 8056//7416
f 6444//5804 8126//7486 8865//8225 6726//6086
f 6446//5806 8264//7624 8866//8226 7103//6463
f 8264//7624 6447//5807 7676//7036 8866//8226
f 8866//8226 7676//7036 6436//5796 6881//6241
f 7103//6463 8866//8226 6881//6241 6435//5795
f 6447//5807 8313//7673 8867//8227 7676//7036
f 8313//7673 6448//5808 7430//6790 8867//8227
f 8867//8227 7430//6790 6439//5799 8179//7539
f 7676//7036 8867//8227 8179//7539 6436//5796
f 6448//5808 7355//6715 8868//8228 7430//6790
f 7355//6715 6449//5809 8054//7414 8868//8228
f 8868//8228 8054//7414 6441//5801 7871//7231
f 7430//6790 8868//8228 7871//7231 6439//5799
f 6449//5809 7616//6976 8869//8229 8054//7414
f 7616//6976 6450//5810 6980//6340 8869//8229
f 8869//8229 6980//6340 6443//5803 7965//7325
f 8054//7414 8869//8229 7965//7325 6441//5801
f 6450//5810 7999//7359 8870//8230 6980//6340
f 6445//5805 8056//7416 8870//8230 7999//7359
f 6443//5803 6980//6340 8870//8230 8056//7416
f 6451//5811 7703//7063 8871//8231 8049//7409
f 7703//7063 6452//5812 8099//7459 8871//8231
f 8871//8231 8099//7459 6447//5807 8264//7624
f 8049//7409 8871//8231 8264//7624 6446//5806
f 6452//5812 7146//6506 8872//8232 8099//7459
f 7146//6506 6453//5813 7567//6927 8872//8232
f 8872//8232 7567//6927 6448//5808 8313//7673
f 8099//7459 8872//8232 8313//7673 6447//5807
f 6453//5813 7399//6759 8873//8233 7567//6927
f 7399//6759 6454//5814 7793//7153 8873//8233
f 8873//8233 7793//7153 6449//5809 7355//6715
f 7567//6927 8873//8233 7355//6715 6448//5808
f 6454//5814 7036//6396 8874//8234 7793//7153
f 7036//6396 6455//5815 7456//6816 8874//8234
f 8874//8234 7456//6816 6450//5810 7616//6976
f 7793//7153 8874//8234 7616//6976 6449//5809
f 6455//5815 8163//7523 8875//8235 7456//6816
f 6445//5805 7999//7359 8875//8235 8163//7523
f 6450//5810 7456//6816 8875//8235 7999//7359
f 6456//5816 6930//6290 8876//8236 7514//6874
f 6930//6290 6457//5817 7309//6669 8876//8236
f 8876//8236 7309//6669 6452//5812 7703//7063
f 7514//6874 8876//8236 7703//7063 6451//5811
f 6457//5817 7218//6578 8877//8237 7309//6669
f 7218//6578 6458//5818 6735//6095 8877//8237
f 8877//8237 6735//6095 6453//5813 7146//6506
f 7309//6669 8877//8237 7146//6506 6452//5812
f 6458//5818 7259//6619 8878//8238 6735//6095
f 7259//6619 6459//5819 6791//6151 8878//8238
f 8878//8238 6791//6151 6454//5814 7399//6759
f 6735//6095 8878//8238 7399//6759 6453//5813
f 6459//5819 7313//6673 8879//8239 6791//6151
f 7313//6673 6460//5820 6842//6202 8879//8239
f 8879//8239 6842//6202 6455//5815 7036//6396
f 6791//6151 8879//8239 7036//6396 6454//5814
f 6460//5820 7486//6846 8880//8240 6842//6202
f 6445//5805 8163//7523 8880//8240 7486//6846
f 6455//5815 6842//6202 8880//8240 8163//7523
f 6461//5821 7811//7171 8881//8241 7148//6508
f 7811//7171 6462//5822 7406//6766 8881//8241
f 8881//8241 7406//6766 6457//5817 6930//6290
f 7148//6508 8881//8241 6930//6290 6456//5816
f 6462//5822 7481//6841 8882//8242 7406//6766
f 7481//6841 6463//5823 7041//6401 8882//8242
f 8882//8242 7041//6401 6458//5818 7218//6578
f 7406//6766 8882//8242 7218//6578 6457//5817
f 6463//5823 7533//6893 8883//8243 7041//6401
f 7533//6893 6464//5824 7096//6456 8883//8243
f 8883//8243 7096//6456 6459//5819 7259//6619
f 7041//6401 8883//8243 7259//6619 6458//5818
f 6464//5824 8150//7510 8884//8244 7096//6456
f 8150//7510 6465//5825 7744//7104 8884//8244
f 8884//8244 7744//7104 6460//5820 7313//6673
f 7096//6456 8884//8244 7313//6673 6459//5819
f 6465//5825 7622//6982 8885//8245 7744//7104
f 6445//5805 7486//6846 8885//8245 7622//6982
f 6460//5820 7744//7104 8885//8245 7486//6846
f 6466//5826 6804//6164 8886//8246 6896//6256
f 6804//6164 6467//5827 6851//6211 8886//8246
f 8886//8246 6851//6211 6468//5828 7932//7292
f 6896//6256 8886//8246 7932//7292 6469//5829
f 6467//5827 6737//6097 8887//8247 6851//6211
f 6737//6097 6470//5830 7833//7193 8887//8247
f 8887//8247 7833//7193 6471//5831 8033//7393
f 6851//6211 8887//8247 8033//7393 6468//5828
f 6470//5830 7987//7347 8888//8248 7833//7193
f 7987//7347 6472//5832 7644//7004 8888//8248
f 8888//8248 7644//7004 6473//5833 7837//7197
f 7833//7193 8888//8248 7837//7197 6471//5831
f 6472//5832 7686//7046 8889//8249 7644//7004
f 7686//7046 6474//5834 8149//7509 8889//8249
f 8889//8249 8149//7509 6475//5835 8032//7392
f 7644//7004 8889//8249 8032//7392 6473//5833
f 6474//5834 7245//6605 8890//8250 8149//7509
f 6445//5805 6765//6125 8890//8250 7245//6605
f 6475//5835 8149//7509 8890//8250 6765//6125
f 6476//5836 8233//7593 8891//8251 7189//6549
f 8233//7593 6477//5837 7235//6595 8891//8251
f 8891//8251 7235//6595 6467//5827 6804//6164
f 7189//6549 8891//8251 6804//6164 6466//5826
f 6477//5837 6955//6315 8892//8252 7235//6595
f 6955//6315 6478//5838 7695//7055 8892//8252
f 8892//8252 7695//7055 6470//5830 6737//6097
f 7235//6595 8892//8252 6737//6097 6467//5827
f 6478//5838 8326//7686 8893//8253 7695//7055
f 8326//7686 6479//5839 8138//7498 8893//8253
f 8893//8253 8138//7498 6472//5832 7987//7347
f 7695//7055 8893//8253 7987//7347 6470//5830
f 6479//5839 7299//6659 8894//8254 8138//7498
f 7299//6659 6480//5840 7977//7337 8894//8254
f 8894//8254 7977//7337 6474//5834 7686//7046
f 8138//7498 8894//8254 7686//7046 6472//5832
f 6480//5840 6926//6286 8895//8255 7977//7337
f 6445//5805 7245//6605 8895//8255 6926//6286
f 6474//5834 7977//7337 8895//8255 7245//6605
f 6481//5841 7188//6548 8896//8256 6782//6142
f 7188//6548 6482//5842 6725//6085 8896//8256
f 8896//8256 6725//6085 6477//5837 8233//7593
f 6782//6142 8896//8256 8233//7593 6476//5836
f 6482//5842 7740//7100 8897//8257 6725//6085
f 7740//7100 6483//5843 8124//7484 8897//8257
f 8897//8257 8124//7484 6478//5838 6955//6315
f 6725//6085 8897//8257 6955//6315 6477//5837
f 6483//5843 7080//6440 8898//8258 8124//7484
f 7080//6440 6484//5844 7488//6848 8898//8258
f 8898//8258 7488//6848 6479//5839 8326//7686
f 8124//7484 8898//8258 8326//7686 6478//5838
f 6484//5844 7020//6380 8899//8259 7488//6848
f 7020//6380 6485//5845 7442//6802 8899//8259
f 8899//8259 7442//6802 6480//5840 7299//6659
f 7488//6848 8899//8259 7299//6659 6479//5839
f 6485//5845 7891//7251 8900//8260 7442//6802
f 6445//5805 6926//6286 8900//8260 7891//7251
f 6480//5840 7442//6802 8900//8260 6926//6286
f 6486//5846 7135//6495 8901//8261 7779//7139
f 7135//6495 6487//5847 7555//6915 8901//8261
f 8901//8261 7555//6915 6482//5842 7188//6548
f 7779//7139 8901//8261 7188//6548 6481//5841
f 6487//5847 6864//6224 8902//8262 7555//6915
f 6864//6224 6488//5848 7288//6648 8902//8262
f 8902//8262 7288//6648 6483//5843 7740//7100
f 7555//6915 8902//8262 7740//7100 6482//5842
f 6488//5848 6820//6180 8903//8263 7288//6648
f 6820//6180 6489//5849 7200//6560 8903//8263
f 8903//8263 7200//6560 6484//5844 7080//6440
f 7288//6648 8903//8263 7080//6440 6483//5843
f 6489//5849 6764//6124 8904//8264 7200//6560
f 6764//6124 6490//5850 7143//6503 8904//8264
f 8904//8264 7143//6503 6485//5845 7020//6380
f 7200//6560 8904//8264 7020//6380 6484//5844
f 6490//5850 8025//7385 8905//8265 7143//6503
f 6445//5805 7891//7251 8905//8265 8025//7385
f 6485//5845 7143//6503 8905//8265 7891//7251
f 6438//5798 8218//7578 8906//8266 7370//6730
f 8218//7578 6437//5797 7319//6679 8906//8266
f 8906//8266 7319//6679 6487//5847 7135//6495
f 7370//6730 8906//8266 7135//6495 6486//5846
f 6437//5797 8123//7483 8907//8267 7319//6679
f 8123//7483 6440//5800 6802//6162 8907//8267
f 8907//8267 6802//6162 6488//5848 6864//6224
f 7319//6679 8907//8267 6864//6224 6487//5847
f 6440//5800 7916//7276 8908//8268 6802//6162
f 7916//7276 6442//5802 6743//6103 8908//8268
f 8908//8268 6743//6103 6489//5849 6820//6180
f 6802//6162 8908//8268 6820//6180 6488//5848
f 6442//5802 8215//7575 8909//8269 6743//6103
f 8215//7575 6444//5804 8134//7494 8909//8269
f 8909//8269 8134//7494 6490//5850 6764//6124
f 6743//6103 8909//8269 6764//6124 6489//5849
f 6444//5804 6726//6086 8910//8270 8134//7494
f 6445//5805 8025//7385 8910//8270 6726//6086
f 6490//5850 8134//7494 8910//8270 8025//7385
f 6491//5851 7475//6835 8911//8271 7571//6931
f 7475//6835 6492//5852 7408//6768 8911//8271
f 8911//8271 7408//6768 6493//5853 7760//7120
f 7571//6931 8911//8271 7760//7120 6494//5854
f 6492//5852 7707//7067 8912//8272 7408//6768
f 7707//7067 6495//5855 8095//7455 8912//8272
f 8912//8272 8095//7455 6496//5856 7469//6829
f 7408//6768 8912//8272 7469//6829 6493//5853
f 6495//5855 8132//7492 8913//8273 8095//7455
f 8132//7492 6497//5857 7994//7354 8913//8273
f 8913//8273 7994//7354 6498//5858 8093//7453
f 8095//7455 8913//8273 8093//7453 6496//5856
f 6497//5857 6813//6173 8914//8274 7994//7354
f 6813//6173 6499//5859 7896//7256 8914//8274
f 8914//8274 7896//7256 6500//5860 6968//6328
f 7994//7354 8914//8274 6968//6328 6498//5858
f 6499//5859 7181//6541 8915//8275 7896//7256
f 6445//5805 7133//6493 8915//8275 7181//6541
f 6500//5860 7896//7256 8915//8275 7133//6493
f 6501//5861 8200//7560 8916//8276 7067//6427
f 8200//7560 6502//5862 7024//6384 8916//8276
f 8916//8276 7024//6384 6492//5852 7475//6835
f 7067//6427 8916//8276 7475//6835 6491//5851
f 6502//5862 7946//7306 8917//8277 7024//6384
f 7946//7306 6503//5863 6801//6161 8917//8277
f 8917//8277 6801//6161 6495//5855 7707//7067
f 7024//6384 8917//8277 7707//7067 6492//5852
f 6503//5863 7697//7057 8918//8278 6801//6161
f 7697//7057 6504//5864 8281//7641 8918//8278
f 8918//8278 8281//7641 6497//5857 8132//7492
f 6801//6161 8918//8278 8132//7492 6495//5855
f 6504//5864 7739//7099 8919//8279 8281//7641
f 7739//7099 6505//5865 8053//7413 8919//8279
f 8919//8279 8053//7413 6499//5859 6813//6173
f 8281//7641 8919//8279 6813//6173 6497//5857
f 6505//5865 7377//6737 8920//8280 8053//7413
f 6445//5805 7181//6541 8920//8280 7377//6737
f 6499//5859 8053//7413 8920//8280 7181//6541
f 6506//5866 7450//6810 8921//8281 7904//7264
f 7450//6810 6507//5867 7855//7215 8921//8281
f 8921//8281 7855//7215 6502//5862 8200//7560
f 7904//7264 8921//8281 8200//7560 6501//5861
f 6507//5867 8293//7653 8922//8282 7855//7215
f 8293//7653 6508//5868 7805//7165 8922//8282
f 8922//8282 7805//7165 6503//5863 7946//7306
f 7855//7215 8922//8282 7946//7306 6502//5862
f 6508//5868 8338//7698 8923//8283 7805//7165
f 8338//7698 6509//5869 7938//7298 8923//8283
f 8923//8283 7938//7298 6504//5864 7697//7057
f 7805//7165 8923//8283 7697//7057 6503//5863
f 6509//5869 6973//6333 8924//8284 7938//7298
f 6973//6333 6510//5870 8193//7553 8924//8284
f 8924//8284 8193//7553 6505//5865 7739//7099
f 7938//7298 8924//8284 7739//7099 6504//5864
f 6510//5870 8329//7689 8925//8285 8193//7553
f 6445//5805 7377//6737 8925//8285 8329//7689
f 6505//5865 8193//7553 8925//8285 7377//6737
f 6511//5871 7284//6644 8926//8286 8040//7400
f 7284//6644 6512//5872 6857//6217 8926//8286
f 8926//8286 6857//6217 6507//5867 7450//6810
f 8040//7400 8926//8286 7450//6810 6506//5866
f 6512//5872 7333//6693 8927//8287 6857//6217
f 7333//6693 6513//5873 6898//6258 8927//8287
f 8927//8287 6898//6258 6508//5868 8293//7653
f 6857//6217 8927//8287 8293//7653 6507//5867
f 6513//5873 7176//6536 8928//8288 6898//6258
f 7176//6536 6514//5874 6739//6099 8928//8288
f 8928//8288 6739//6099 6509//5869 8338//7698
f 6898//6258 8928//8288 8338//7698 6508//5868
f 6514//5874 7008//6368 8929//8289 6739//6099
f 7008//6368 6515//5875 8224//7584 8929//8289
f 8929//8289 8224//7584 6510//5870 6973//6333
f 6739//6099 8929//8289 6973//6333 6509//5869
f 6515//5875 6835//6195 8930//8290 8224//7584
f 6445//5805 8329//7689 8930//8290 6835//6195
f 6510//5870 8224//7584 8930//8290 8329//7689
f 6469//5829 7932//7292 8931//8291 7376//6736
f 7932//7292 6468//5828 7637//6997 8931//8291
f 8931//8291 7637//6997 6512//5872 7284//6644
f 7376//6736 8931//8291 7284//6644 6511//5871
f 6468//5828 8033//7393 8932//8292 7637//6997
f 8033//7393 6471//5831 7500//6860 8932//8292
f 8932//8292 7500//6860 6513//5873 7333//6693
f 7637//6997 8932//8292 7333//6693 6512//5872
f 6471//5831 7837//7197 8933//8293 7500//6860
f 7837//7197 6473//5833 7912//7272 8933//8293
f 8933//8293 7912//7272 6514//5874 7176//6536
f 7500//6860 8933//8293 7176//6536 6513//5873
f 6473//5833 8032//7392 8934//8294 7912//7272
f 8032//7392 6475//5835 6934//6294 8934//8294
f 8934//8294 6934//6294 6515//5875 7008//6368
f 7912//7272 8934//8294 7008//6368 6514//5874
f 6475//5835 6765//6125 8935//8295 6934//6294
f 6445//5805 6835//6195 8935//8295 6765//6125
f 6515//5875 6934//6294 8935//8295 6835//6195
f 6516//5876 7119//6479 8936//8296 7982//7342
f 7119//6479 6517//5877 8037//7397 8936//8296
f 8936//8296 8037//7397 6462//5822 7811//7171
f 7982//7342 8936//8296 7811//7171 6461//5821
f 6517//5877 7378//6738 8937//8297 8037//7397
f 7378//6738 6518//5878 8086//7446 8937//8297
f 8937//8297 8086//7446 6463//5823 7481//6841
f 8037//7397 8937//8297 7481//6841 6462//5822
f 6518//5878 7232//6592 8938//8298 8086//7446
f 7232//6592 6519//5879 7502//6862 8938//8298
f 8938//8298 7502//6862 6464//5824 7533//6893
f 8086//7446 8938//8298 7533//6893 6463//5823
f 6519//5879 6850//6210 8939//8299 7502//6862
f 6850//6210 6520//5880 7730//7090 8939//8299
f 8939//8299 7730//7090 6465//5825 8150//7510
f 7502//6862 8939//8299 8150//7510 6464//5824
f 6520//5880 8221//7581 8940//8300 7730//7090
f 6445//5805 7622//6982 8940//8300 8221//7581
f 6465//5825 7730//7090 8940//8300 7622//6982
f 6521//5881 6749//6109 8941//8301 7296//6656
f 6749//6109 6522//5882 7129//6489 8941//8301
f 8941//8301 7129//6489 6517//5877 7119//6479
f 7296//6656 8941//8301 7119//6479 6516//5876
f 6522//5882 8232//7592 8942//8302 7129//6489
f 8232//7592 6523//5883 6964//6324 8942//8302
f 8942//8302 6964//6324 6518//5878 7378//6738
f 7129//6489 8942//8302 7378//6738 6517//5877
f 6523//5883 7508//6868 8943//8303 6964//6324
f 7508//6868 6524//5884 7030//6390 8943//8303
f 8943//8303 7030//6390 6519//5879 7232//6592
f 6964//6324 8943//8303 7232//6592 6518//5878
f 6524//5884 7560//6920 8944//8304 7030//6390
f 7560//6920 6525//5885 7126//6486 8944//8304
f 8944//8304 7126//6486 6520//5880 6850//6210
f 7030//6390 8944//8304 6850//6210 6519//5879
f 6525//5885 7570//6930 8945//8305 7126//6486
f 6445//5805 8221//7581 8945//8305 7570//6930
f 6520//5880 7126//6486 8945//8305 8221//7581
f 6526//5886 7651//7011 8946//8306 7382//6742
f 7651//7011 6527//5887 7238//6598 8946//8306
f 8946//8306 7238//6598 6522//5882 6749//6109
f 7382//6742 8946//8306 6749//6109 6521//5881
f 6527//5887 8021//7381 8947//8307 7238//6598
f 8021//7381 6528//5888 7694//7054 8947//8307
f 8947//8307 7694//7054 6523//5883 8232//7592
f 7238//6598 8947//8307 8232//7592 6522//5882
f 6528//5888 8073//7433 8948//8308 7694//7054
f 8073//7433 6529//5889 7722//7082 8948//8308
f 8948//8308 7722//7082 6524//5884 7508//6868
f 7694//7054 8948//8308 7508//6868 6523//5883
f 6529//5889 7919//7279 8949//8309 7722//7082
f 7919//7279 6530//5890 7589//6949 8949//8309
f 8949//8309 7589//6949 6525//5885 7560//6920
f 7722//7082 8949//8309 7560//6920 6524//5884
f 6530//5890 7689//7049 8950//8310 7589//6949
f 6445//5805 7570//6930 8950//8310 7689//7049
f 6525//5885 7589//6949 8950//8310 7570//6930
f 6531//5891 7819//7179 8951//8311 7423//6783
f 7819//7179 6532//5892 8205//7565 8951//8311
f 8951//8311 8205//7565 6527//5887 7651//7011
f 7423//6783 8951//8311 7651//7011 6526//5886
f 6532//5892 7870//7230 8952//8312 8205//7565
f 7870//7230 6533//5893 8259//7619 8952//8312
f 8952//8312 8259//7619 6528//5888 8021//7381
f 8205//7565 8952//8312 8021//7381 6527//5887
f 6533//5893 8130//7490 8953//8313 8259//7619
f 8130//7490 6534//5894 6880//6240 8953//8313
f 8953//8313 6880//6240 6529//5889 8073//7433
f 8259//7619 8953//8313 8073//7433 6528//5888
f 6534//5894 7971//7331 8954//8314 6880//6240
f 7971//7331 6535//5895 8359//7719 8954//8314
f 8954//8314 8359//7719 6530//5890 7919//7279
f 6880//6240 8954//8314 7919//7279 6529//5889
f 6535//5895 7010//6370 8955//8315 8359//7719
f 6445//5805 7689//7049 8955//8315 7010//6370
f 6530//5890 8359//7719 8955//8315 7689//7049
f 6494//5854 7760//7120 8956//8316 7464//6824
f 7760//7120 6493//5853 7199//6559 8956//8316
f 8956//8316 7199//6559 6532//5892 7819//7179
f 7464//6824 8956//8316 7819//7179 6531//5891
f 6493//5853 7469//6829 8957//8317 7199//6559
f 7469//6829 6496//5856 6742//6102 8957//8317
f 8957//8317 6742//6102 6533//5893 7870//7230
f 7199//6559 8957//8317 7870//7230 6532//5892
f 6496//5856 8093//7453 8958//8318 6742//6102
f 8093//7453 6498//5858 6790//6150 8958//8318
f 8958//8318 6790//6150 6534//5894 8130//7490
f 6742//6102 8958//8318 8130//7490 6533//5893
f 6498//5858 6968//6328 8959//8319 6790//6150
f 6968//6328 6500//5860 7882//7242 8959//8319
f 8959//8319 7882//7242 6535//5895 7971//7331
f 6790//6150 8959//8319 7971//7331 6534//5894
f 6500//5860 7133//6493 8960//8320 7882//7242
f 6445//5805 7010//6370 8960//8320 7133//6493
f 6535//5895 7882//7242 8960//8320 7010//6370
f 6536//5896 7364//6724 8961//8321 7479//6839
f 7364//6724 6537//5897 7534//6894 8961//8321
f 8961//8321 7534//6894 6538//5898 7261//6621
f 7479//6839 8961//8321 7261//6621 6539//5899
f 6537//5897 7411//6771 8962//8322 7534//6894
f 7411//6771 6540//5900 6728//6088 8962//8322
f 8962//8322 6728//6088 6541//5901 8172//7532
f 7534//6894 8962//8322 8172//7532 6538//5898
f 6540//5900 6783//6143 8963//8323 6728//6088
f 6783//6143 6542//5902 7058//6418 8963//8323
f 8963//8323 7058//6418 6543//5903 8360//7720
f 6728//6088 8963//8323 8360//7720 6541//5901
f 6542//5902 7113//6473 8964//8324 7058//6418
f 7113//6473 6544//5904 6952//6312 8964//8324
f 8964//8324 6952//6312 6545//5905 7250//6610
f 7058//6418 8964//8324 7250//6610 6543//5903
f 6544//5904 7283//6643 8965//8325 6952//6312
f 7283//6643 6435//5795 6776//6136 8965//8325
f 8965//8325 6776//6136 6438//5798 7449//6809
f 6952//6312 8965//8325 7449//6809 6545//5905
f 6546//5906 7678//7038 8966//8326 7808//7168
f 7678//7038 6547//5907 7759//7119 8966//8326
f 8966//8326 7759//7119 6537//5897 7364//6724
f 7808//7168 8966//8326 7364//6724 6536//5896
f 6547//5907 7635//6995 8967//8327 7759//7119
f 7635//6995 6548//5908 8292//7652 8967//8327
f 8967//8327 8292//7652 6540//5900 7411//6771
f 7759//7119 8967//8327 7411//6771 6537//5897
f 6548//5908 7166//6526 8968//8328 8292//7652
f 7166//6526 6549//5909 7362//6722 8968//8328
f 8968//8328 7362//6722 6542//5902 6783//6143
f 8292//7652 8968//8328 6783//6143 6540//5900
f 6549//5909 7327//6687 8969//8329 7362//6722
f 7327//6687 6550//5910 7628//6988 8969//8329
f 8969//8329 7628//6988 6544//5904 7113//6473
f 7362//6722 8969//8329 7113//6473 6542//5902
f 6550//5910 8061//7421 8970//8330 7628//6988
f 8061//7421 6446//5806 7103//6463 8970//8330
f 8970//8330 7103//6463 6435//5795 7283//6643
f 7628//6988 8970//8330 7283//6643 6544//5904
f 6551//5911 8227//7587 8971//8331 7050//6410
f 8227//7587 6552//5912 6993//6353 8971//8331
f 8971//8331 6993//6353 6547//5907 7678//7038
f 7050//6410 8971//8331 7678//7038 6546//5906
f 6552//5912 8189//7549 8972//8332 6993//6353
f 8189//7549 6553//5913 6906//6266 8972//8332
f 8972//8332 6906//6266 6548//5908 7635//6995
f 6993//6353 8972//8332 7635//6995 6547//5907
f 6553//5913 8322//7682 8973//8333 6906//6266
f 8322//7682 6554//5914 7062//6422 8973//8333
f 8973//8333 7062//6422 6549//5909 7166//6526
f 6906//6266 8973//8333 7166//6526 6548//5908
f 6554//5914 8078//7438 8974//8334 7062//6422
f 8078//7438 6555//5915 6807//6167 8974//8334
f 8974//8334 6807//6167 6550//5910 7327//6687
f 7062//6422 8974//8334 7327//6687 6549//5909
f 6555//5915 7513//6873 8975//8335 6807//6167
f 7513//6873 6451//5811 8049//7409 8975//8335
f 8975//8335 8049//7409 6446//5806 8061//7421
f 6807//6167 8975//8335 8061//7421 6550//5910
f 6556//5916 7562//6922 8976//8336 6753//6113
f 7562//6922 6557//5917 7128//6488 8976//8336
f 8976//8336 7128//6488 6552//5912 8227//7587
f 6753//6113 8976//8336 8227//7587 6551//5911
f 6557//5917 7698//7058 8977//8337 7128//6488
f 7698//7058 6558//5918 7295//6655 8977//8337
f 8977//8337 7295//6655 6553//5913 8189//7549
f 7128//6488 8977//8337 8189//7549 6552//5912
f 6558//5918 7836//7196 8978//8338 7295//6655
f 7836//7196 6559//5919 7446//6806 8978//8338
f 8978//8338 7446//6806 6554//5914 8322//7682
f 7295//6655 8978//8338 8322//7682 6553//5913
f 6559//5919 7788//7148 8979//8339 7446//6806
f 7788//7148 6560//5920 7385//6745 8979//8339
f 8979//8339 7385//6745 6555//5915 8078//7438
f 7446//6806 8979//8339 8078//7438 6554//5914
f 6560//5920 7088//6448 8980//8340 7385//6745
f 7088//6448 6456//5816 7514//6874 8980//8340
f 8980//8340 7514//6874 6451//5811 7513//6873
f 7385//6745 8980//8340 7513//6873 6555//5915
f 6561//5921 7885//7245 8981//8341 7322//6682
f 7885//7245 6562//5922 7490//6850 8981//8341
f 8981//8341 7490//6850 6557//5917 7562//6922
f 7322//6682 8981//8341 7562//6922 6556//5916
f 6562//5922 6806//6166 8982//8342 7490//6850
f 6806//6166 6563//5923 8017//7377 8982//8342
f 8982//8342 8017//7377 6558//5918 7698//7058
f 7490//6850 8982//8342 7698//7058 6557//5917
f 6563//5923 6752//6112 8983//8343 8017//7377
f 6752//6112 6564//5924 7969//7329 8983//8343
f 8983//8343 7969//7329 6559//5919 7836//7196
f 8017//7377 8983//8343 7836//7196 6558//5918
f 6564//5924 7936//7296 8984//8344 7969//7329
f 7936//7296 6565//5925 8321//7681 8984//8344
f 8984//8344 8321//7681 6560//5920 7788//7148
f 7969//7329 8984//8344 7788//7148 6559//5919
f 6565//5925 7139//6499 8985//8345 8321//7681
f 7139//6499 6461//5821 7148//6508 8985//8345
f 8985//8345 7148//6508 6456//5816 7088//6448
f 8321//7681 8985//8345 7088//6448 6560//5920
f 6566//5926 7438//6798 8986//8346 7441//6801
f 7438//6798 6567//5927 7380//6740 8986//8346
f 8986//8346 7380//6740 6568//5928 7646//7006
f 7441//6801 8986//8346 7646//7006 6569//5929
f 6567//5927 7601//6961 8987//8347 7380//6740
f 7601//6961 6570//5930 7121//6481 8987//8347
f 8987//8347 7121//6481 6571//5931 7330//6690
f 7380//6740 8987//8347 7330//6690 6568//5928
f 6570//5930 7282//6642 8988//8348 7121//6481
f 7282//6642 6572//5932 7009//6369 8988//8348
f 8988//8348 7009//6369 6573//5933 7108//6468
f 7121//6481 8988//8348 7108//6468 6571//5931
f 6572//5932 6748//6108 8989//8349 7009//6369
f 6748//6108 6574//5934 6895//6255 8989//8349
f 8989//8349 6895//6255 6575//5935 6800//6160
f 7009//6369 8989//8349 6800//6160 6573//5933
f 6574//5934 7294//6654 8990//8350 6895//6255
f 7294//6654 6466//5826 6896//6256 8990//8350
f 8990//8350 6896//6256 6469//5829 7561//6921
f 6895//6255 8990//8350 7561//6921 6575//5935
f 6576//5936 7225//6585 8991//8351 7801//7161
f 7225//6585 6577//5937 7758//7118 8991//8351
f 8991//8351 7758//7118 6567//5927 7438//6798
f 7801//7161 8991//8351 7438//6798 6566//5926
f 6577//5937 7051//6411 8992//8352 7758//7118
f 7051//6411 6578//5938 6727//6087 8992//8352
f 8992//8352 6727//6087 6570//5930 7601//6961
f 7758//7118 8992//8352 7601//6961 6567//5927
f 6578//5938 7538//6898 8993//8353 6727//6087
f 7538//6898 6579//5939 8122//7482 8993//8353
f 8993//8353 8122//7482 6572//5932 7282//6642
f 6727//6087 8993//8353 7282//6642 6570//5930
f 6579//5939 7587//6947 8994//8354 8122//7482
f 7587//6947 6580//5940 7248//6608 8994//8354
f 8994//8354 7248//6608 6574//5934 6748//6108
f 8122//7482 8994//8354 6748//6108 6572//5932
f 6580//5940 6834//6194 8995//8355 7248//6608
f 6834//6194 6476//5836 7189//6549 8995//8355
f 8995//8355 7189//6549 6466//5826 7294//6654
f 7248//6608 8995//8355 7294//6654 6574//5934
f 6581//5941 7268//6628 8996//8356 6991//6351
f 7268//6628 6582//5942 7672//7032 8996//8356
f 8996//8356 7672//7032 6577//5937 7225//6585
f 6991//6351 8996//8356 7225//6585 6576//5936
f 6582//5942 8137//7497 8997//8357 7672//7032
f 8137//7497 6583//5943 6883//6243 8997//8357
f 8997//8357 6883//6243 6578//5938 7051//6411
f 7672//7032 8997//8357 7051//6411 6577//5937
f 6583//5943 8186//7546 8998//8358 6883//6243
f 8186//7546 6584//5944 6940//6300 8998//8358
f 8998//8358 6940//6300 6579//5939 7538//6898
f 6883//6243 8998//8358 7538//6898 6578//5938
f 6584//5944 6793//6153 8999//8359 6940//6300
f 6793//6153 6585//5945 7170//6530 8999//8359
f 8999//8359 7170//6530 6580//5940 7587//6947
f 6940//6300 8999//8359 7587//6947 6579//5939
f 6585//5945 7778//7138 9000//8360 7170//6530
f 7778//7138 6481//5841 6782//6142 9000//8360
f 9000//8360 6782//6142 6476//5836 6834//6194
f 7170//6530 9000//8360 6834//6194 6580//5940
f 6586//5946 7923//7283 9001//8361 7005//6365
f 7923//7283 6587//5947 8277//7637 9001//8361
f 9001//8361 8277//7637 6582//5942 7268//6628
f 7005//6365 9001//8361 7268//6628 6581//5941
f 6587//5947 7974//7334 9002//8362 8277//7637
f 7974//7334 6588//5948 8325//7685 9002//8362
f 9002//8362 8325//7685 6583//5943 8137//7497
f 8277//7637 9002//8362 8137//7497 6582//5942
f 6588//5948 7825//7185 9003//8363 8325//7685
f 7825//7185 6589//5949 8220//7580 9003//8363
f 9003//8363 8220//7580 6584//5944 8186//7546
f 8325//7685 9003//8363 8186//7546 6583//5943
f 6589//5949 7691//7051 9004//8364 8220//7580
f 7691//7051 6590//5950 7275//6635 9004//8364
f 9004//8364 7275//6635 6585//5945 6793//6153
f 8220//7580 9004//8364 6793//6153 6584//5944
f 6590//5950 6921//6281 9005//8365 7275//6635
f 6921//6281 6486//5846 7779//7139 9005//8365
f 9005//8365 7779//7139 6481//5841 7778//7138
f 7275//6635 9005//8365 7778//7138 6585//5945
f 6539//5899 7261//6621 9006//8366 8031//7391
f 7261//6621 6538//5898 7986//7346 9006//8366
f 9006//8366 7986//7346 6587//5947 7923//7283
f 8031//7391 9006//8366 7923//7283 6586//5946
f 6538//5898 8172//7532 9007//8367 7986//7346
f 8172//7532 6541//5901 7726//7086 9007//8367
f 9007//8367 7726//7086 6588//5948 7974//7334
f 7986//7346 9007//8367 7974//7334 6587//5947
f 6541//5901 8360//7720 9008//8368 7726//7086
f 8360//7720 6543//5903 7581//6941 9008//8368
f 9008//8368 7581//6941 6589//5949 7825//7185
f 7726//7086 9008//8368 7825//7185 6588//5948
f 6543//5903 7250//6610 9009//8369 7581//6941
f 7250//6610 6545//5905 8013//7373 9009//8369
f 9009//8369 8013//7373 6590//5950 7691//7051
f 7581//6941 9009//8369 7691//7051 6589//5949
f 6545//5905 7449//6809 9010//8370 8013//7373
f 7449//6809 6438//5798 7370//6730 9010//8370
f 9010//8370 7370//6730 6486//5846 6921//6281
f 8013//7373 9010//8370 6921//6281 6590//5950
f 6591//5951 7842//7202 9011//8371 8129//7489
f 7842//7202 6592//5952 8089//7449 9011//8371
f 9011//8371 8089//7449 6593//5953 7941//7301
f 8129//7489 9011//8371 7941//7301 6594//5954
f 6592//5952 7792//7152 9012//8372 8089//7449
f 7792//7152 6595//5955 6812//6172 9012//8372
f 9012//8372 6812//6172 6596//5956 7840//7200
f 8089//7449 9012//8372 7840//7200 6593//5953
f 6595//5955 6745//6105 9013//8373 6812//6172
f 6745//6105 6597//5957 8152//7512 9013//8373
f 9013//8373 8152//7512 6598//5958 8039//7399
f 6812//6172 9013//8373 8039//7399 6596//5956
f 6597//5957 8085//7445 9014//8374 8152//7512
f 8085//7445 6599//5959 7445//6805 9014//8374
f 9014//8374 7445//6805 6600//5960 7554//6914
f 8152//7512 9014//8374 7554//6914 6598//5958
f 6599//5959 7101//6461 9015//8375 7445//6805
f 7101//6461 6491//5851 7571//6931 9015//8375
f 9015//8375 7571//6931 6494//5854 7267//6627
f 7445//6805 9015//8375 7267//6627 6600//5960
f 6601//5961 7127//6487 9016//8376 8211//7571
f 7127//6487 6602//5962 6826//6186 9016//8376
f 9016//8376 6826//6186 6592//5952 7842//7202
f 8211//7571 9016//8376 7842//7202 6591//5951
f 6602//5962 7293//6653 9017//8377 6826//6186
f 7293//6653 6603//5963 8105//7465 9017//8377
f 9017//8377 8105//7465 6595//5955 7792//7152
f 6826//6186 9017//8377 7792//7152 6592//5952
f 6603//5963 7014//6374 9018//8378 8105//7465
f 7014//6374 6604//5964 7845//7205 9018//8378
f 9018//8378 7845//7205 6597//5957 6745//6105
f 8105//7465 9018//8378 6745//6105 6595//5955
f 6604//5964 6963//6323 9019//8379 7845//7205
f 6963//6323 6605//5965 7610//6970 9019//8379
f 9019//8379 7610//6970 6599//5959 8085//7445
f 7845//7205 9019//8379 8085//7445 6597//5957
f 6605//5965 7917//7277 9020//8380 7610//6970
f 7917//7277 6501//5861 7067//6427 9020//8380
f 9020//8380 7067//6427 6491//5851 7101//6461
f 7610//6970 9020//8380 7101//6461 6599//5959
f 6606//5966 7087//6447 9021//8381 7332//6692
f 7087//6447 6607//5967 8280//7640 9021//8381
f 9021//8381 8280//7640 6602//5962 7127//6487
f 7332//6692 9021//8381 7127//6487 6601//5961
f 6607//5967 7246//6606 9022//8382 8280//7640
f 7246//6606 6608//5968 6803//6163 9022//8382
f 9022//8382 6803//6163 6603//5963 7293//6653
f 8280//7640 9022//8382 7293//6653 6602//5962
f 6608//5968 7198//6558 9023//8383 6803//6163
f 7198//6558 6609//5969 6733//6093 9023//8383
f 9023//8383 6733//6093 6604//5964 7014//6374
f 6803//6163 9023//8383 7014//6374 6603//5963
f 6609//5969 7569//6929 9024//8384 6733//6093
f 7569//6929 6610//5970 7115//6475 9024//8384
f 9024//8384 7115//6475 6605//5965 6963//6323
f 6733//6093 9024//8384 6963//6323 6604//5964
f 6610//5970 8038//7398 9025//8385 7115//6475
f 8038//7398 6506//5866 7904//7264 9025//8385
f 9025//8385 7904//7264 6501//5861 7917//7277
f 7115//6475 9025//8385 7917//7277 6605//5965
f 6611//5971 7460//6820 9026//8386 7279//6639
f 7460//6820 6612//5972 7007//6367 9026//8386
f 9026//8386 7007//6367 6607//5967 7087//6447
f 7279//6639 9026//8386 7087//6447 6606//5966
f 6612//5972 7393//6753 9027//8387 7007//6367
f 7393//6753 6613//5973 6972//6332 9027//8387
f 9027//8387 6972//6332 6608//5968 7246//6606
f 7007//6367 9027//8387 7246//6606 6607//5967
f 6613//5973 8167//7527 9028//8388 6972//6332
f 8167//7527 6614//5974 7738//7098 9028//8388
f 9028//8388 7738//7098 6609//5969 7198//6558
f 6972//6332 9028//8388 7198//6558 6608//5968
f 6614//5974 8300//7660 9029//8389 7738//7098
f 8300//7660 6615//5975 7079//6439 9029//8389
f 9029//8389 7079//6439 6610//5970 7569//6929
f 7738//7098 9029//8389 7569//6929 6609//5969
f 6615//5975 7517//6877 9030//8390 7079//6439
f 7517//6877 6511//5871 8040//7400 9030//8390
f 9030//8390 8040//7400 6506//5866 8038//7398
f 7079//6439 9030//8390 8038//7398 6610//5970
f 6569//5929 7646//7006 9031//8391 7861//7221
f 7646//7006 6568//5928 7717//7077 9031//8391
f 9031//8391 7717//7077 6612//5972 7460//6820
f 7861//7221 9031//8391 7460//6820 6611//5971
f 6568//5928 7330//6690 9032//8392 7717//7077
f 7330//6690 6571//5931 8349//7709 9032//8392
f 9032//8392 8349//7709 6613//5973 7393//6753
f 7717//7077 9032//8392 7393//6753 6612//5972
f 6571//5931 7108//6468 9033//8393 8349//7709
f 7108//6468 6573//5933 8118//7478 9033//8393
f 9033//8393 8118//7478 6614//5974 8167//7527
f 8349//7709 9033//8393 8167//7527 6613//5973
f 6573//5933 6800//6160 9034//8394 8118//7478
f 6800//6160 6575//5935 7485//6845 9034//8394
f 9034//8394 7485//6845 6615//5975 8300//7660
f 8118//7478 9034//8394 8300//7660 6614//5974
f 6575//5935 7561//6921 9035//8395 7485//6845
f 7561//6921 6469//5829 7376//6736 9035//8395
f 9035//8395 7376//6736 6511//5871 7517//6877
f 7485//6845 9035//8395 7517//6877 6615//5975
f 6616//5976 6767//6127 9036//8396 7649//7009
f 6767//6127 6617//5977 6985//6345 9036//8396
f 9036//8396 6985//6345 6562//5922 7885//7245
f 7649//7009 9036//8396 7885//7245 6561//5921
f 6617//5977 7954//7314 9037//8397 6985//6345
f 7954//7314 6618//5978 6933//6293 9037//8397
f 9037//8397 6933//6293 6563//5923 6806//6166
f 6985//6345 9037//8397 6806//6166 6562//5922
f 6618//5978 8104//7464 9038//8398 6933//6293
f 8104//7464 6619//5979 6873//6233 9038//8398
f 9038//8398 6873//6233 6564//5924 6752//6112
f 6933//6293 9038//8398 6752//6112 6563//5923
f 6619//5979 7854//7214 9039//8399 6873//6233
f 7854//7214 6620//5980 7032//6392 9039//8399
f 9039//8399 7032//6392 6565//5925 7936//7296
f 6873//6233 9039//8399 7936//7296 6564//5924
f 6620//5980 7314//6674 9040//8400 7032//6392
f 7314//6674 6516//5876 7982//7342 9040//8400
f 9040//8400 7982//7342 6461//5821 7139//6499
f 7032//6392 9040//8400 7139//6499 6565//5925
f 6621//5981 7716//7076 9041//8401 8199//7559
f 7716//7076 6622//5982 8157//7517 9041//8401
f 9041//8401 8157//7517 6617//5977 6767//6127
f 8199//7559 9041//8401 6767//6127 6616//5976
f 6622//5982 7903//7263 9042//8402 8157//7517
f 7903//7263 6623//5983 7474//6834 9042//8402
f 9042//8402 7474//6834 6618//5978 7954//7314
f 8157//7517 9042//8402 7954//7314 6617//5977
f 6623//5983 8050//7410 9043//8403 7474//6834
f 8050//7410 6624//5984 7624//6984 9043//8403
f 9043//8403 7624//6984 6619//5979 8104//7464
f 7474//6834 9043//8403 8104//7464 6618//5978
f 6624//5984 8004//7364 9044//8404 7624//6984
f 8004//7364 6625//5985 7566//6926 9044//8404
f 9044//8404 7566//6926 6620//5980 7854//7214
f 7624//6984 9044//8404 7854//7214 6619//5979
f 6625//5985 7409//6769 9045//8405 7566//6926
f 7409//6769 6521//5881 7296//6656 9045//8405
f 9045//8405 7296//6656 6516//5876 7314//6674
f 7566//6926 9045//8405 7314//6674 6620//5980
f 6626//5986 6870//6230 9046//8406 7931//7291
f 6870//6230 6627//5987 8081//7441 9046//8406
f 9046//8406 8081//7441 6622//5982 7716//7076
f 7931//7291 9046//8406 7716//7076 6621//5981
f 6627//5987 8249//7609 9047//8407 8081//7441
f 8249//7609 6628//5988 7832//7192 9047//8407
f 9047//8407 7832//7192 6623//5983 7903//7263
f 8081//7441 9047//8407 7903//7263 6622//5982
f 6628//5988 8209//7569 9048//8408 7832//7192
f 8209//7569 6629//5989 7798//7158 9048//8408
f 9048//8408 7798//7158 6624//5984 8050//7410
f 7832//7192 9048//8408 8050//7410 6623//5983
f 6629//5989 7350//6710 9049//8409 7798//7158
f 7350//6710 6630//5990 6919//6279 9049//8409
f 9049//8409 6919//6279 6625//5985 8004//7364
f 7798//7158 9049//8409 8004//7364 6624//5984
f 6630//5990 7471//6831 9050//8410 6919//6279
f 7471//6831 6526//5886 7382//6742 9050//8410
f 9050//8410 7382//6742 6521//5881 7409//6769
f 6919//6279 9050//8410 7409//6769 6625//5985
f 6631//5991 7657//7017 9051//8411 7895//7255
f 7657//7017 6632//5992 8046//7406 9051//8411
f 9051//8411 8046//7406 6627//5987 6870//6230
f 7895//7255 9051//8411 6870//6230 6626//5986
f 6632//5992 7699//7059 9052//8412 8046//7406
f 7699//7059 6633//5993 8112//7472 9052//8412
f 9052//8412 8112//7472 6628//5988 8249//7609
f 8046//7406 9052//8412 8249//7609 6627//5987
f 6633//5993 7142//6502 9053//8413 8112//7472
f 7142//6502 6634//5994 7467//6827 9053//8413
f 9053//8413 7467//6827 6629//5989 8209//7569
f 8112//7472 9053//8413 8209//7569 6628//5988
f 6634//5994 6979//6339 9054//8414 7467//6827
f 6979//6339 6635//5995 7402//6762 9054//8414
f 9054//8414 7402//6762 6630//5990 7350//6710
f 7467//6827 9054//8414 7350//6710 6629//5989
f 6635//5995 7800//7160 9055//8415 7402//6762
f 7800//7160 6531//5891 7423//6783 9055//8415
f 9055//8415 7423//6783 6526//5886 7471//6831
f 7402//6762 9055//8415 7471//6831 6630//5990
f 6594//5954 7941//7301 9056//8416 7823//7183
f 7941//7301 6593//5953 6838//6198 9056//8416
f 9056//8416 6838//6198 6632//5992 7657//7017
f 7823//7183 9056//8416 7657//7017 6631//5991
f 6593//5953 7840//7200 9057//8417 6838//6198
f 7840//7200 6596//5956 7935//7295 9057//8417
f 9057//8417 7935//7295 6633//5993 7699//7059
f 6838//6198 9057//8417 7699//7059 6632//5992
f 6596//5956 8039//7399 9058//8418 7935//7295
f 8039//7399 6598//5958 7492//6852 9058//8418
f 9058//8418 7492//6852 6634//5994 7142//6502
f 7935//7295 9058//8418 7142//6502 6633//5993
f 6598//5958 7554//6914 9059//8419 7492//6852
f 7554//6914 6600//5960 7632//6992 9059//8419
f 9059//8419 7632//6992 6635//5995 6979//6339
f 7492//6852 9059//8419 6979//6339 6634//5994
f 6600//5960 7267//6627 9060//8420 7632//6992
f 7267//6627 6494//5854 7464//6824 9060//8420
f 9060//8420 7464//6824 6531//5891 7800//7160
f 7632//6992 9060//8420 7800//7160 6635//5995
f 6636//5996 7086//6446 9061//8421 7893//7253
f 7086//6446 6637//5997 6912//6272 9061//8421
f 9061//8421 6912//6272 6638//5998 7996//7356
f 7893//7253 9061//8421 7996//7356 6174//5534
f 6637//5997 6854//6214 9062//8422 6912//6272
f 6854//6214 6639//5999 7240//6600 9062//8422
f 9062//8422 7240//6600 6640//6000 7125//6485
f 6912//6272 9062//8422 7125//6485 6638//5998
f 6639//5999 7155//6515 9063//8423 7240//6600
f 7155//6515 6641//6001 7557//6917 9063//8423
f 9063//8423 7557//6917 6642//6002 7237//6597
f 7240//6600 9063//8423 7237//6597 6640//6000
f 6641//6001 7498//6858 9064//8424 7557//6917
f 7498//6858 6643//6003 7444//6804 9064//8424
f 9064//8424 7444//6804 6644//6004 7729//7089
f 7557//6917 9064//8424 7729//7089 6642//6002
f 6643//6003 7374//6734 9065//8425 7444//6804
f 6645//6005 7505//6865 9065//8425 7374//6734
f 6644//6004 7444//6804 9065//8425 7505//6865
f 6206//5566 6836//6196 9066//8426 7968//7328
f 6836//6196 6646//6006 7321//6681 9066//8426
f 9066//8426 7321//6681 6637//5997 7086//6446
f 7968//7328 9066//8426 7086//6446 6636//5996
f 6646//6006 7990//7350 9067//8427 7321//6681
f 7990//7350 6647//6007 7055//6415 9067//8427
f 9067//8427 7055//6415 6639//5999 6854//6214
f 7321//6681 9067//8427 6854//6214 6637//5997
f 6647//6007 6811//6171 9068//8428 7055//6415
f 6811//6171 6648//6008 7004//6364 9068//8428
f 9068//8428 7004//6364 6641//6001 7155//6515
f 7055//6415 9068//8428 7155//6515 6639//5999
f 6648//6008 6859//6219 9069//8429 7004//6364
f 6859//6219 6649//6009 7138//6498 9069//8429
f 9069//8429 7138//6498 6643//6003 7498//6858
f 7004//6364 9069//8429 7498//6858 6641//6001
f 6649//6009 8156//7516 9070//8430 7138//6498
f 6645//6005 7374//6734 9070//8430 8156//7516
f 6643//6003 7138//6498 9070//8430 7374//6734
f 6201//5561 7620//6980 9071//8431 6844//6204
f 7620//6980 6650//6010 8195//7555 9071//8431
f 9071//8431 8195//7555 6646//6006 6836//6196
f 6844//6204 9071//8431 6836//6196 6206//5566
f 6650//6010 7795//7155 9072//8432 8195//7555
f 7795//7155 6651//6011 6819//6179 9072//8432
f 9072//8432 6819//6179 6647//6007 7990//7350
f 8195//7555 9072//8432 7990//7350 6646//6006
f 6651//6011 7841//7201 9073//8433 6819//6179
f 7841//7201 6652//6012 8327//7687 9073//8433
f 9073//8433 8327//7687 6648//6008 6811//6171
f 6819//6179 9073//8433 6811//6171 6647//6007
f 6652//6012 7889//7249 9074//8434 8327//7687
f 7889//7249 6653//6013 7985//7345 9074//8434
f 9074//8434 7985//7345 6649//6009 6859//6219
f 8327//7687 9074//8434 6859//6219 6648//6008
f 6653//6013 8348//7708 9075//8435 7985//7345
f 6645//6005 8156//7516 9075//8435 8348//7708
f 6649//6009 7985//7345 9075//8435 8156//7516
f 6654//6014 7791//7151 9076//8436 7797//7157
f 7791//7151 6655//6015 7988//7348 9076//8436
f 9076//8436 7988//7348 6650//6010 7620//6980
f 7797//7157 9076//8436 7620//6980 6201//5561
f 6655//6015 8235//7595 9077//8437 7988//7348
f 8235//7595 6656//6016 7650//7010 9077//8437
f 9077//8437 7650//7010 6651//6011 7795//7155
f 7988//7348 9077//8437 7795//7155 6650//6010
f 6656//6016 8283//7643 9078//8438 7650//7010
f 8283//7643 6657//6017 7685//7045 9078//8438
f 9078//8438 7685//7045 6652//6012 7841//7201
f 7650//7010 9078//8438 7841//7201 6651//6011
f 6657//6017 6908//6268 9079//8439 7685//7045
f 6908//6268 6658//6018 8128//7488 9079//8439
f 9079//8439 8128//7488 6653//6013 7889//7249
f 7685//7045 9079//8439 7889//7249 6652//6012
f 6658//6018 7102//6462 9080//8440 8128//7488
f 6645//6005 8348//7708 9080//8440 7102//6462
f 6653//6013 8128//7488 9080//8440 8348//7708
f 6141//5501 7426//6786 9081//8441 7292//6652
f 7426//6786 6659//6019 8263//7623 9081//8441
f 9081//8441 8263//7623 6655//6015 7791//7151
f 7292//6652 9081//8441 7791//7151 6654//6014
f 6659//6019 6808//6168 9082//8442 8263//7623
f 6808//6168 6660//6020 8146//7506 9082//8442
f 9082//8442 8146//7506 6656//6016 8235//7595
f 8263//7623 9082//8442 8235//7595 6655//6015
f 6660//6020 6855//6215 9083//8443 8146//7506
f 6855//6215 6661//6021 6951//6311 9083//8443
f 9083//8443 6951//6311 6657//6017 8283//7643
f 8146//7506 9083//8443 8283//7643 6656//6016
f 6661//6021 7553//6913 9084//8444 6951//6311
f 7553//6913 6662//6022 6997//6357 9084//8444
f 9084//8444 6997//6357 6658//6018 6908//6268
f 6951//6311 9084//8444 6908//6268 6657//6017
f 6662//6022 7318//6678 9085//8445 6997//6357
f 6645//6005 7102//6462 9085//8445 7318//6678
f 6658//6018 6997//6357 9085//8445 7102//6462
f 6663//6023 7826//7186 9086//8446 7006//6366
f 7826//7186 6664//6024 7178//6538 9086//8446
f 9086//8446 7178//6538 6665//6025 7132//6492
f 7006//6366 9086//8446 7132//6492 6149//5509
f 6664//6024 7234//6594 9087//8447 7178//6538
f 7234//6594 6666//6026 7499//6859 9087//8447
f 9087//8447 7499//6859 6667//6027 7175//6535
f 7178//6538 9087//8447 7175//6535 6665//6025
f 6666//6026 7552//6912 9088//8448 7499//6859
f 7552//6912 6668//6028 6976//6336 9088//8448
f 9088//8448 6976//6336 6669//6029 7269//6629
f 7499//6859 9088//8448 7269//6629 6667//6027
f 6668//6028 7022//6382 9089//8449 6976//6336
f 7022//6382 6670//6030 6868//6228 9089//8449
f 9089//8449 6868//6228 6671//6031 6967//6327
f 6976//6336 9089//8449 6967//6327 6669//6029
f 6670//6030 7600//6960 9090//8450 6868//6228
f 6645//6005 7725//7085 9090//8450 7600//6960
f 6671//6031 6868//6228 9090//8450 7725//7085
f 6186//5546 6825//6185 9091//8451 7217//6577
f 6825//6185 6672//6032 7539//6899 9091//8451
f 9091//8451 7539//6899 6664//6024 7826//7186
f 7217//6577 9091//8451 7826//7186 6663//6023
f 6672//6032 7609//6969 9092//8452 7539//6899
f 7609//6969 6673//6033 6944//6304 9092//8452
f 9092//8452 6944//6304 6666//6026 7234//6594
f 7539//6899 9092//8452 7234//6594 6664//6024
f 6673//6033 7743//7103 9093//8453 6944//6304
f 7743//7103 6674//6034 7228//6588 9093//8453
f 9093//8453 7228//6588 6668//6028 7552//6912
f 6944//6304 9093//8453 7552//6912 6666//6026
f 6674//6034 7887//7247 9094//8454 7228//6588
f 7887//7247 6675//6035 7491//6851 9094//8454
f 9094//8454 7491//6851 6670//6030 7022//6382
f 7228//6588 9094//8454 7022//6382 6668//6028
f 6675//6035 7940//7300 9095//8455 7491//6851
f 6645//6005 7600//6960 9095//8455 7940//7300
f 6670//6030 7491//6851 9095//8455 7600//6960
f 6181//5541 7586//6946 9096//8456 7777//7137
f 7586//6946 6676//6036 7736//7096 9096//8456
f 9096//8456 7736//7096 6672//6032 6825//6185
f 7777//7137 9096//8456 6825//6185 6186//5546
f 6676//6036 8203//7563 9097//8457 7736//7096
f 8203//7563 6677//6037 7880//7240 9097//8457
f 9097//8457 7880//7240 6673//6033 7609//6969
f 7736//7096 9097//8457 7609//6969 6672//6032
f 6677//6037 8341//7701 9098//8458 7880//7240
f 8341//7701 6678//6038 7647//7007 9098//8458
f 9098//8458 7647//7007 6674//6034 7743//7103
f 7880//7240 9098//8458 7743//7103 6673//6033
f 6678//6038 8098//7458 9099//8459 7647//7007
f 8098//7458 6679//6039 7604//6964 9099//8459
f 9099//8459 7604//6964 6675//6035 7887//7247
f 7647//7007 9099//8459 7887//7247 6674//6034
f 6679//6039 8160//7520 9100//8460 7604//6964
f 6645//6005 7940//7300 9100//8460 8160//7520
f 6675//6035 7604//6964 9100//8460 7940//7300
f 6680//6040 7998//7358 9101//8461 7775//7135
f 7998//7358 6681//6041 8352//7712 9101//8461
f 9101//8461 8352//7712 6676//6036 7586//6946
f 7775//7135 9101//8461 7586//6946 6181//5541
f 6681//6041 8161//7521 9102//8462 8352//7712
f 8161//7521 6682//6042 6875//6235 9102//8462
f 9102//8462 6875//6235 6677//6037 8203//7563
f 8352//7712 9102//8462 8203//7563 6676//6036
f 6682//6042 8298//7658 9103//8463 6875//6235
f 8298//7658 6683//6043 7034//6394 9103//8463
f 9103//8463 7034//6394 6678//6038 8341//7701
f 6875//6235 9103//8463 8341//7701 6677//6037
f 6683//6043 8244//7604 9104//8464 7034//6394
f 8244//7604 6684//6044 6983//6343 9104//8464
f 9104//8464 6983//6343 6679//6039 8098//7458
f 7034//6394 9104//8464 8098//7458 6678//6038
f 6684//6044 8252//7612 9105//8465 6983//6343
f 6645//6005 8160//7520 9105//8465 8252//7612
f 6679//6039 6983//6343 9105//8465 8160//7520
f 6174//5534 7996//7356 9106//8466 6829//6189
f 7996//7356 6638//5998 7532//6892 9106//8466
f 9106//8466 7532//6892 6681//6041 7998//7358
f 6829//6189 9106//8466 7998//7358 6680//6040
f 6638//5998 7125//6485 9107//8467 7532//6892
f 7125//6485 6640//6000 7665//7025 9107//8467
f 9107//8467 7665//7025 6682//6042 8161//7521
f 7532//6892 9107//8467 8161//7521 6681//6041
f 6640//6000 7237//6597 9108//8468 7665//7025
f 7237//6597 6642//6002 6987//6347 9108//8468
f 9108//8468 6987//6347 6683//6043 8298//7658
f 7665//7025 9108//8468 8298//7658 6682//6042
f 6642//6002 7729//7089 9109//8469 6987//6347
f 7729//7089 6644//6004 7144//6504 9109//8469
f 9109//8469 7144//6504 6684//6044 8244//7604
f 6987//6347 9109//8469 8244//7604 6683//6043
f 6644//6004 7505//6865 9110//8470 7144//6504
f 6645//6005 8252//7612 9110//8470 7505//6865
f 6684//6044 7144//6504 9110//8470 8252//7612
f 6685//6045 7950//7310 9111//8471 7719//7079
f 7950//7310 6686//6046 7706//7066 9111//8471
f 9111//8471 7706//7066 6687//6047 7817//7177
f 7719//7079 9111//8471 7817//7177 6119//5479
f 6686//6046 7752//7112 9112//8472 7706//7066
f 7752//7112 6688//6048 8351//7711 9112//8472
f 9112//8472 8351//7711 6689//6049 8229//7589
f 7706//7066 9112//8472 8229//7589 6687//6047
f 6688//6048 6769//6129 9113//8473 8351//7711
f 6769//6129 6690//6050 7033//6393 9113//8473
f 9113//8473 7033//6393 6691//6051 8344//7704
f 8351//7711 9113//8473 8344//7704 6689//6049
f 6690//6050 7089//6449 9114//8474 7033//6393
f 7089//6449 6692//6052 7354//6714 9114//8474
f 9114//8474 7354//6714 6693//6053 6817//6177
f 7033//6393 9114//8474 6817//6177 6691//6051
f 6692//6052 7057//6417 9115//8475 7354//6714
f 6645//6005 7233//6593 9115//8475 7057//6417
f 6693//6053 7354//6714 9115//8475 7233//6593
f 6161//5521 8231//7591 9116//8476 6966//6326
f 8231//7591 6694//6054 7989//7349 9116//8476
f 9116//8476 7989//7349 6686//6046 7950//7310
f 6966//6326 9116//8476 7950//7310 6685//6045
f 6694//6054 7247//6607 9117//8477 7989//7349
f 7247//6607 6695//6055 7019//6379 9117//8477
f 9117//8477 7019//6379 6688//6048 7752//7112
f 7989//7349 9117//8477 7752//7112 6686//6046
f 6695//6055 7203//6563 9118//8478 7019//6379
f 7203//6563 6696//6056 6865//6225 9118//8478
f 9118//8478 6865//6225 6690//6050 6769//6129
f 7019//6379 9118//8478 6769//6129 6688//6048
f 6696//6056 7844//7204 9119//8479 6865//6225
f 7844//7204 6697//6057 7470//6830 9119//8479
f 9119//8479 7470//6830 6692//6052 7089//6449
f 6865//6225 9119//8479 7089//6449 6690//6050
f 6697//6057 7297//6657 9120//8480 7470//6830
f 6645//6005 7057//6417 9120//8480 7297//6657
f 6692//6052 7470//6830 9120//8480 7057//6417
f 6156//5516 7909//7269 9121//8481 7331//6691
f 7909//7269 6698//6058 7702//7062 9121//8481
f 9121//8481 7702//7062 6694//6054 8231//7591
f 7331//6691 9121//8481 8231//7591 6161//5521
f 6698//6058 7353//6713 9122//8482 7702//7062
f 7353//6713 6699//6059 7849//7209 9122//8482
f 9122//8482 7849//7209 6695//6055 7247//6607
f 7702//7062 9122//8482 7247//6607 6694//6054
f 6699//6059 7397//6757 9123//8483 7849//7209
f 7397//6757 6700//6060 7302//6662 9123//8483
f 9123//8483 7302//6662 6696//6056 7203//6563
f 7849//7209 9123//8483 7203//6563 6695//6055
f 6700//6060 6816//6176 9124//8484 7302//6662
f 6816//6176 6701//6061 7136//6496 9124//8484
f 9124//8484 7136//6496 6697//6057 7844//7204
f 7302//6662 9124//8484 7844//7204 6696//6056
f 6701//6061 7511//6871 9125//8485 7136//6496
f 6645//6005 7297//6657 9125//8485 7511//6871
f 6697//6057 7136//6496 9125//8485 7297//6657
f 6702//6062 8335//7695 9126//8486 8121//7481
f 8335//7695 6703//6063 7137//6497 9126//8486
f 9126//8486 7137//6497 6698//6058 7909//7269
f 8121//7481 9126//8486 7909//7269 6156//5516
f 6703//6063 6763//6123 9127//8487 7137//6497
f 6763//6123 6704//6064 7191//6551 9127//8487
f 9127//8487 7191//6551 6699//6059 7353//6713
f 7137//6497 9127//8487 7353//6713 6698//6058
f 6704//6064 8241//7601 9128//8488 7191//6551
f 8241//7601 6705//6065 6996//6356 9128//8488
f 9128//8488 6996//6356 6700//6060 7397//6757
f 7191//6551 9128//8488 7397//6757 6699//6059
f 6705//6065 7696//7056 9129//8489 6996//6356
f 7696//7056 6706//6066 7266//6626 9129//8489
f 9129//8489 7266//6626 6701//6061 6816//6176
f 6996//6356 9129//8489 6816//6176 6700//6060
f 6706//6066 7857//7217 9130//8490 7266//6626
f 6645//6005 7511//6871 9130//8490 7857//7217
f 6701//6061 7266//6626 9130//8490 7511//6871
f 6149//5509 7132//6492 9131//8491 7336//6696
f 7132//6492 6665//6025 7528//6888 9131//8491
f 9131//8491 7528//6888 6703//6063 8335//7695
f 7336//6696 9131//8491 8335//7695 6702//6062
f 6665//6025 7175//6535 9132//8492 7528//6888
f 7175//6535 6667//6027 7156//6516 9132//8492
f 9132//8492 7156//6516 6704//6064 6763//6123
f 7528//6888 9132//8492 6763//6123 6703//6063
f 6667//6027 7269//6629 9133//8493 7156//6516
f 7269//6629 6669//6029 6971//6331 9133//8493
f 9133//8493 6971//6331 6705//6065 8241//7601
f 7156//6516 9133//8493 8241//7601 6704//6064
f 6669//6029 6967//6327 9134//8494 6971//6331
f 6967//6327 6671//6031 7448//6808 9134//8494
f 9134//8494 7448//6808 6706//6066 7696//7056
f 6971//6331 9134//8494 7696//7056 6705//6065
f 6671//6031 7725//7085 9135//8495 7448//6808
f 6645//6005 7857//7217 9135//8495 7725//7085
f 6706//6066 7448//6808 9135//8495 7857//7217
f 6707//6067 7784//7144 9136//8496 8120//7480
f 7784//7144 6708//6068 7888//7248 9136//8496
f 9136//8496 7888//7248 6659//6019 7426//6786
f 8120//7480 9136//8496 7426//6786 6141//5501
f 6708//6068 8044//7404 9137//8497 7888//7248
f 8044//7404 6709//6069 7749//7109 9137//8497
f 9137//8497 7749//7109 6660//6020 6808//6168
f 7888//7248 9137//8497 6808//6168 6659//6019
f 6709//6069 8289//7649 9138//8498 7749//7109
f 8289//7649 6710//6070 8208//7568 9138//8498
f 9138//8498 8208//7568 6661//6021 6855//6215
f 7749//7109 9138//8498 6855//6215 6660//6020
f 6710//6070 7942//7302 9139//8499 8208//7568
f 7942//7302 6711//6071 8248//7608 9139//8499
f 9139//8499 8248//7608 6662//6022 7553//6913
f 8208//7568 9139//8499 7553//6913 6661//6021
f 6711//6071 8008//7368 9140//8500 8248//7608
f 6645//6005 7318//6678 9140//8500 8008//7368
f 6662//6022 8248//7608 9140//8500 7318//6678
f 6131//5491 7100//6460 9141//8501 7159//6519
f 7100//6460 6712//6072 8285//7645 9141//8501
f 9141//8501 8285//7645 6708//6068 7784//7144
f 7159//6519 9141//8501 7784//7144 6707//6067
f 6712//6072 7015//6375 9142//8502 8285//7645
f 7015//6375 6713//6073 8097//7457 9142//8502
f 9142//8502 8097//7457 6709//6069 8044//7404
f 8285//7645 9142//8502 8044//7404 6708//6068
f 6713//6073 8092//7452 9143//8503 8097//7457
f 8092//7452 6714//6074 6918//6278 9143//8503
f 9143//8503 6918//6278 6710//6070 8289//7649
f 8097//7457 9143//8503 8289//7649 6709//6069
f 6714//6074 8155//7515 9144//8504 6918//6278
f 8155//7515 6715//6075 6975//6335 9144//8504
f 9144//8504 6975//6335 6711//6071 7942//7302
f 6918//6278 9144//8504 7942//7302 6710//6070
f 6715//6075 8178//7538 9145//8505 6975//6335
f 6645//6005 8008//7368 9145//8505 8178//7538
f 6711//6071 6975//6335 9145//8505 8008//7368
f 6126//5486 6962//6322 9146//8506 7509//6869
f 6962//6322 6716//6076 8087//7447 9146//8506
f 9146//8506 8087//7447 6712//6072 7100//6460
f 7509//6869 9146//8506 7100//6460 6131//5491
f 6716//6076 7640//7000 9147//8507 8087//7447
f 7640//7000 6717//6077 7934//7294 9147//8507
f 9147//8507 7934//7294 6713//6073 7015//6375
f 8087//7447 9147//8507 7015//6375 6712//6072
f 6717//6077 7876//7236 9148//8508 7934//7294
f 7876//7236 6718//6078 7984//7344 9148//8508
f 9148//8508 7984//7344 6714//6074 8092//7452
f 7934//7294 9148//8508 8092//7452 6713//6073
f 6718//6078 7548//6908 9149//8509 7984//7344
f 7548//6908 6719//6079 8036//7396 9149//8509
f 9149//8509 8036//7396 6715//6075 8155//7515
f 7984//7344 9149//8509 8155//7515 6714//6074
f 6719//6079 6730//6090 9150//8510 8036//7396
f 6645//6005 8178//7538 9150//8510 6730//6090
f 6715//6075 8036//7396 9150//8510 8178//7538
f 6720//6080 7434//6794 9151//8511 7190//6550
f 7434//6794 6721//6081 7806//7166 9151//8511
f 9151//8511 7806//7166 6716//6076 6962//6322
f 7190//6550 9151//8511 6962//6322 6126//5486
f 6721//6081 6840//6200 9152//8512 7806//7166
f 6840//6200 6722//6082 8052//7412 9152//8512
f 9152//8512 8052//7412 6717//6077 7640//7000
f 7806//7166 9152//8512 7640//7000 6716//6076
f 6722//6082 6888//6248 9153//8513 8052//7412
f 6888//6248 6723//6083 8106//7466 9153//8513
f 9153//8513 8106//7466 6718//6078 7876//7236
f 8052//7412 9153//8513 7876//7236 6717//6077
f 6723//6083 6943//6303 9154//8514 8106//7466
f 6943//6303 6724//6084 8168//7528 9154//8514
f 9154//8514 8168//7528 6719//6079 7548//6908
f 8106//7466 9154//8514 7548//6908 6718//6078
f 6724//6084 7124//6484 9155//8515 8168//7528
f 6645//6005 6730//6090 9155//8515 7124//6484
f 6719//6079 8168//7528 9155//8515 6730//6090
f 6119//5479 7817//7177 9156//8516 7853//7213
f 7817//7177 6687//6047 7595//6955 9156//8516
f 9156//8516 7595//6955 6721//6081 7434//6794
f 7853//7213 9156//8516 7434//6794 6720//6080
f 6687//6047 8229//7589 9157//8517 7595//6955
f 8229//7589 6689//6049 6815//6175 9157//8517
f 9157//8517 6815//6175 6722//6082 6840//6200
f 7595//6955 9157//8517 6840//6200 6721//6081
f 6689//6049 8344//7704 9158//8518 6815//6175
f 8344//7704 6691//6051 7074//6434 9158//8518
f 9158//8518 7074//6434 6723//6083 6888//6248
f 6815//6175 9158//8518 6888//6248 6722//6082
f 6691//6051 6817//6177 9159//8519 7074//6434
f 6817//6177 6693//6053 7118//6478 9159//8519
f 9159//8519 7118//6478 6724//6084 6943//6303
f 7074//6434 9159//8519 6943//6303 6723//6083
f 6693//6053 7233//6593 9160//8520 7118//6478
f 6645//6005 7124//6484 9160//8520 7233//6593
f 6724//6084 7118//6478 9160//8520 7124//6484
